removed_feature,retained_feature,correlation,reason,horizon_min,feature_set,source_sensor
PRODUCTION_TSP_BALANCE_lag_1,PRODUCTION_TSP_BALANCE,0.9923650104900353,Same PRODUCTION_TSP_BALANCE family; retained more interpretable representative. Transition semantics should be reviewed.,1,B_temporal,PRODUCTION_TSP_BALANCE
PRODUCTION_TSP_BALANCE_lag_10,PRODUCTION_TSP_BALANCE,0.9805380981639472,Same PRODUCTION_TSP_BALANCE family; retained more interpretable representative. Transition semantics should be reviewed.,1,B_temporal,PRODUCTION_TSP_BALANCE
PRODUCTION_TSP_BALANCE_lag_5,PRODUCTION_TSP_BALANCE,0.9880558259597392,Same PRODUCTION_TSP_BALANCE family; retained more interpretable representative. Transition semantics should be reviewed.,1,B_temporal,PRODUCTION_TSP_BALANCE
PRODUCTION_TSP_BALANCE_roll_mean_10,PRODUCTION_TSP_BALANCE,0.9815140237229286,Same PRODUCTION_TSP_BALANCE family; retained more interpretable representative. Transition semantics should be reviewed.,1,B_temporal,PRODUCTION_TSP_BALANCE
FLOW_RATE_PHOSPHORIC_ACID_1_lag_1,FLOW_RATE_PHOSPHORIC_ACID_1,0.992208098052664,Same FLOW_RATE_PHOSPHORIC_ACID_1 family; retained more interpretable representative. Transition semantics should be reviewed.,1,B_temporal,FLOW_RATE_PHOSPHORIC_ACID_1
FLOW_RATE_PHOSPHORIC_ACID_1_lag_5,FLOW_RATE_PHOSPHORIC_ACID_1,0.9859554205274924,Same FLOW_RATE_PHOSPHORIC_ACID_1 family; retained more interpretable representative. Transition semantics should be reviewed.,1,B_temporal,FLOW_RATE_PHOSPHORIC_ACID_1
FLOW_RATE_PHOSPHORIC_ACID_2_lag_1,FLOW_RATE_PHOSPHORIC_ACID_2,0.9928210819746337,Same FLOW_RATE_PHOSPHORIC_ACID_2 family; retained more interpretable representative. Transition semantics should be reviewed.,1,B_temporal,FLOW_RATE_PHOSPHORIC_ACID_2
FLOW_RATE_PHOSPHORIC_ACID_2_lag_5,FLOW_RATE_PHOSPHORIC_ACID_2,0.9874243335949797,Same FLOW_RATE_PHOSPHORIC_ACID_2 family; retained more interpretable representative. Transition semantics should be reviewed.,1,B_temporal,FLOW_RATE_PHOSPHORIC_ACID_2
FLOW_RATE_PHOSPHORIC_ACID_2_roll_mean_10,FLOW_RATE_PHOSPHORIC_ACID_2,0.9847764583040767,Same FLOW_RATE_PHOSPHORIC_ACID_2 family; retained more interpretable representative. Transition semantics should be reviewed.,1,B_temporal,FLOW_RATE_PHOSPHORIC_ACID_2
FLOW_RATE_GROUND_PHOSPHATE_lag_1,FLOW_RATE_GROUND_PHOSPHATE,0.9919524384916653,Same FLOW_RATE_GROUND_PHOSPHATE family; retained more interpretable representative. Transition semantics should be reviewed.,1,B_temporal,FLOW_RATE_GROUND_PHOSPHATE
FLOW_RATE_GROUND_PHOSPHATE_lag_5,FLOW_RATE_GROUND_PHOSPHATE,0.9863108514680502,Same FLOW_RATE_GROUND_PHOSPHATE family; retained more interpretable representative. Transition semantics should be reviewed.,1,B_temporal,FLOW_RATE_GROUND_PHOSPHATE
FLOW_RATE_SLURRY_T_PER_HR_lag_1,FLOW_RATE_SLURRY_T_PER_HR,0.9921532922366388,Same FLOW_RATE_SLURRY_T_PER_HR family; retained more interpretable representative. Transition semantics should be reviewed.,1,B_temporal,FLOW_RATE_SLURRY_T_PER_HR
FLOW_RATE_SLURRY_T_PER_HR_lag_5,FLOW_RATE_SLURRY_T_PER_HR,0.9846763652776691,Same FLOW_RATE_SLURRY_T_PER_HR family; retained more interpretable representative. Transition semantics should be reviewed.,1,B_temporal,FLOW_RATE_SLURRY_T_PER_HR
FLOW_RATE_SLURRY_T_PER_HR_roll_mean_10,FLOW_RATE_SLURRY_T_PER_HR,0.9825984937902187,Same FLOW_RATE_SLURRY_T_PER_HR family; retained more interpretable representative. Transition semantics should be reviewed.,1,B_temporal,FLOW_RATE_SLURRY_T_PER_HR
FLOW_RATE_SLURRY_M3_HR_lag_1,FLOW_RATE_SLURRY_M3_HR,0.9880387913677534,Same FLOW_RATE_SLURRY_M3_HR family; retained more interpretable representative. Transition semantics should be reviewed.,1,B_temporal,FLOW_RATE_SLURRY_M3_HR
FLOW_RATE_SLURRY_M3_HR_lag_5,FLOW_RATE_SLURRY_M3_HR,0.9807567053645478,Same FLOW_RATE_SLURRY_M3_HR family; retained more interpretable representative. Transition semantics should be reviewed.,1,B_temporal,FLOW_RATE_SLURRY_M3_HR
RECYCLAGE_lag_1,RECYCLAGE,0.9942098996589165,Same RECYCLAGE family; retained more interpretable representative. Transition semantics should be reviewed.,1,B_temporal,RECYCLAGE
RECYCLAGE_lag_5,RECYCLAGE,0.9884165730772394,Same RECYCLAGE family; retained more interpretable representative. Transition semantics should be reviewed.,1,B_temporal,RECYCLAGE
RECYCLAGE_roll_mean_10,RECYCLAGE,0.9874140612961656,Same RECYCLAGE family; retained more interpretable representative. Transition semantics should be reviewed.,1,B_temporal,RECYCLAGE
PRESSURE_VAPEUR_lag_1,PRESSURE_VAPEUR,0.9863817103226871,Same PRESSURE_VAPEUR family; retained more interpretable representative. Transition semantics should be reviewed.,1,B_temporal,PRESSURE_VAPEUR
TEMPERATURE_CUVE_ATTAQUE_lag_10,TEMPERATURE_CUVE_ATTAQUE,0.9810653223041104,Same TEMPERATURE_CUVE_ATTAQUE family; retained more interpretable representative. Transition semantics should be reviewed.,1,B_temporal,TEMPERATURE_CUVE_ATTAQUE
TEMPERATURE_CUVE_ATTAQUE_lag_5,TEMPERATURE_CUVE_ATTAQUE,0.989938512834745,Same TEMPERATURE_CUVE_ATTAQUE family; retained more interpretable representative. Transition semantics should be reviewed.,1,B_temporal,TEMPERATURE_CUVE_ATTAQUE
TEMPERATURE_CUVE_DE_PASSAGE_lag_1,TEMPERATURE_CUVE_DE_PASSAGE,0.9982864709429873,Same TEMPERATURE_CUVE_DE_PASSAGE family; retained more interpretable representative. Transition semantics should be reviewed.,1,B_temporal,TEMPERATURE_CUVE_DE_PASSAGE
TEMPERATURE_CUVE_DE_PASSAGE_lag_10,TEMPERATURE_CUVE_DE_PASSAGE,0.9887240439110171,Same TEMPERATURE_CUVE_DE_PASSAGE family; retained more interpretable representative. Transition semantics should be reviewed.,1,B_temporal,TEMPERATURE_CUVE_DE_PASSAGE
TEMPERATURE_CUVE_DE_PASSAGE_lag_5,TEMPERATURE_CUVE_DE_PASSAGE,0.9954086848951165,Same TEMPERATURE_CUVE_DE_PASSAGE family; retained more interpretable representative. Transition semantics should be reviewed.,1,B_temporal,TEMPERATURE_CUVE_DE_PASSAGE
TEMPERATURE_CUVE_DE_PASSAGE_roll_mean_10,TEMPERATURE_CUVE_DE_PASSAGE,0.9916903346844466,Same TEMPERATURE_CUVE_DE_PASSAGE family; retained more interpretable representative. Transition semantics should be reviewed.,1,B_temporal,TEMPERATURE_CUVE_DE_PASSAGE
TEMPERATURE_SLURRY_PULVERISATEUR_lag_1,TEMPERATURE_SLURRY_PULVERISATEUR,0.9980885347047888,Same TEMPERATURE_SLURRY_PULVERISATEUR family; retained more interpretable representative. Transition semantics should be reviewed.,1,B_temporal,TEMPERATURE_SLURRY_PULVERISATEUR
TEMPERATURE_SLURRY_PULVERISATEUR_lag_10,TEMPERATURE_SLURRY_PULVERISATEUR,0.9873665579504738,Same TEMPERATURE_SLURRY_PULVERISATEUR family; retained more interpretable representative. Transition semantics should be reviewed.,1,B_temporal,TEMPERATURE_SLURRY_PULVERISATEUR
TEMPERATURE_SLURRY_PULVERISATEUR_lag_5,TEMPERATURE_SLURRY_PULVERISATEUR,0.9946346574603836,Same TEMPERATURE_SLURRY_PULVERISATEUR family; retained more interpretable representative. Transition semantics should be reviewed.,1,B_temporal,TEMPERATURE_SLURRY_PULVERISATEUR
TEMPERATURE_SLURRY_PULVERISATEUR_roll_mean_10,TEMPERATURE_SLURRY_PULVERISATEUR,0.9915178236697402,Same TEMPERATURE_SLURRY_PULVERISATEUR family; retained more interpretable representative. Transition semantics should be reviewed.,1,B_temporal,TEMPERATURE_SLURRY_PULVERISATEUR
LEVEL_CUVE_PASSAGE_lag_1,LEVEL_CUVE_PASSAGE,0.9887147060421049,Same LEVEL_CUVE_PASSAGE family; retained more interpretable representative. Transition semantics should be reviewed.,1,B_temporal,LEVEL_CUVE_PASSAGE
TEMPERATURE_GAZ_SORTIE_SECHEUR_lag_1,TEMPERATURE_GAZ_SORTIE_SECHEUR,0.991077268773806,Same TEMPERATURE_GAZ_SORTIE_SECHEUR family; retained more interpretable representative. Transition semantics should be reviewed.,1,B_temporal,TEMPERATURE_GAZ_SORTIE_SECHEUR
FLOW_RATE_FIOUL_lag_1,FLOW_RATE_FIOUL,0.9928247725825372,Same FLOW_RATE_FIOUL family; retained more interpretable representative. Transition semantics should be reviewed.,1,B_temporal,FLOW_RATE_FIOUL
FLOW_RATE_FIOUL_lag_5,FLOW_RATE_FIOUL,0.9857271555144184,Same FLOW_RATE_FIOUL family; retained more interpretable representative. Transition semantics should be reviewed.,1,B_temporal,FLOW_RATE_FIOUL
TEMPERATURE_AIR_CHAUD_lag_1,TEMPERATURE_AIR_CHAUD,0.9959293223020613,Same TEMPERATURE_AIR_CHAUD family; retained more interpretable representative. Transition semantics should be reviewed.,1,B_temporal,TEMPERATURE_AIR_CHAUD
TEMPERATURE_AIR_CHAUD_lag_5,TEMPERATURE_AIR_CHAUD,0.9894879498293645,Same TEMPERATURE_AIR_CHAUD family; retained more interpretable representative. Transition semantics should be reviewed.,1,B_temporal,TEMPERATURE_AIR_CHAUD
TEMPERATURE_AIR_CHAUD_roll_mean_10,TEMPERATURE_AIR_CHAUD,0.9832001576490312,Same TEMPERATURE_AIR_CHAUD family; retained more interpretable representative. Transition semantics should be reviewed.,1,B_temporal,TEMPERATURE_AIR_CHAUD
FLOW_RATE_LIQUIDE_LAVAGE_lag_1,FLOW_RATE_LIQUIDE_LAVAGE,0.9863958911537832,Same FLOW_RATE_LIQUIDE_LAVAGE family; retained more interpretable representative. Transition semantics should be reviewed.,1,B_temporal,FLOW_RATE_LIQUIDE_LAVAGE
FLOW_RATE_LIQUIDE_LAVAGE_roll_mean_10,FLOW_RATE_LIQUIDE_LAVAGE_lag_5,0.980931186719239,Same FLOW_RATE_LIQUIDE_LAVAGE family; retained more interpretable representative. Transition semantics should be reviewed.,1,B_temporal,FLOW_RATE_LIQUIDE_LAVAGE
FLOW_RATE_VAPEUR_lag_1,FLOW_RATE_VAPEUR,0.9929539880136923,Same FLOW_RATE_VAPEUR family; retained more interpretable representative. Transition semantics should be reviewed.,1,B_temporal,FLOW_RATE_VAPEUR
FLOW_RATE_VAPEUR_lag_5,FLOW_RATE_VAPEUR,0.9828076144339274,Same FLOW_RATE_VAPEUR family; retained more interpretable representative. Transition semantics should be reviewed.,1,B_temporal,FLOW_RATE_VAPEUR
FLOW_RATE_VAPEUR_roll_mean_10,FLOW_RATE_VAPEUR,0.9829293881747819,Same FLOW_RATE_VAPEUR family; retained more interpretable representative. Transition semantics should be reviewed.,1,B_temporal,FLOW_RATE_VAPEUR
FLOW_RATE_SLURRY_M3_HR_2_lag_1,FLOW_RATE_SLURRY_M3_HR_2,0.9910580753839477,Same FLOW_RATE_SLURRY_M3_HR_2 family; retained more interpretable representative. Transition semantics should be reviewed.,1,B_temporal,FLOW_RATE_SLURRY_M3_HR_2
FLOW_RATE_SLURRY_M3_HR_2_lag_10,FLOW_RATE_SLURRY_M3_HR_2,0.9867146178598185,Same FLOW_RATE_SLURRY_M3_HR_2 family; retained more interpretable representative. Transition semantics should be reviewed.,1,B_temporal,FLOW_RATE_SLURRY_M3_HR_2
FLOW_RATE_SLURRY_M3_HR_2_lag_5,FLOW_RATE_SLURRY_M3_HR_2,0.9894458735008487,Same FLOW_RATE_SLURRY_M3_HR_2 family; retained more interpretable representative. Transition semantics should be reviewed.,1,B_temporal,FLOW_RATE_SLURRY_M3_HR_2
TEMPERATURE_BRIQUE_lag_1,TEMPERATURE_BRIQUE,0.9944993281322924,Same TEMPERATURE_BRIQUE family; retained more interpretable representative. Transition semantics should be reviewed.,1,B_temporal,TEMPERATURE_BRIQUE
TEMPERATURE_BRIQUE_lag_10,TEMPERATURE_BRIQUE,0.9844199926198471,Same TEMPERATURE_BRIQUE family; retained more interpretable representative. Transition semantics should be reviewed.,1,B_temporal,TEMPERATURE_BRIQUE
TEMPERATURE_BRIQUE_lag_5,TEMPERATURE_BRIQUE,0.9917370215988073,Same TEMPERATURE_BRIQUE family; retained more interpretable representative. Transition semantics should be reviewed.,1,B_temporal,TEMPERATURE_BRIQUE
PRODUCTION_TSP_BALANCE_lag_1,PRODUCTION_TSP_BALANCE,0.9923650104900353,Same PRODUCTION_TSP_BALANCE family; retained more interpretable representative. Transition semantics should be reviewed.,1,D_full,PRODUCTION_TSP_BALANCE
PRODUCTION_TSP_BALANCE_lag_10,PRODUCTION_TSP_BALANCE,0.9805380981639472,Same PRODUCTION_TSP_BALANCE family; retained more interpretable representative. Transition semantics should be reviewed.,1,D_full,PRODUCTION_TSP_BALANCE
PRODUCTION_TSP_BALANCE_lag_5,PRODUCTION_TSP_BALANCE,0.9880558259597392,Same PRODUCTION_TSP_BALANCE family; retained more interpretable representative. Transition semantics should be reviewed.,1,D_full,PRODUCTION_TSP_BALANCE
PRODUCTION_TSP_BALANCE_roll_mean_10,PRODUCTION_TSP_BALANCE,0.9815140237229286,Same PRODUCTION_TSP_BALANCE family; retained more interpretable representative. Transition semantics should be reviewed.,1,D_full,PRODUCTION_TSP_BALANCE
FLOW_RATE_PHOSPHORIC_ACID_1_lag_1,FLOW_RATE_PHOSPHORIC_ACID_1,0.992208098052664,Same FLOW_RATE_PHOSPHORIC_ACID_1 family; retained more interpretable representative. Transition semantics should be reviewed.,1,D_full,FLOW_RATE_PHOSPHORIC_ACID_1
FLOW_RATE_PHOSPHORIC_ACID_1_lag_5,FLOW_RATE_PHOSPHORIC_ACID_1,0.9859554205274924,Same FLOW_RATE_PHOSPHORIC_ACID_1 family; retained more interpretable representative. Transition semantics should be reviewed.,1,D_full,FLOW_RATE_PHOSPHORIC_ACID_1
FLOW_RATE_PHOSPHORIC_ACID_2_lag_1,FLOW_RATE_PHOSPHORIC_ACID_2,0.9928210819746337,Same FLOW_RATE_PHOSPHORIC_ACID_2 family; retained more interpretable representative. Transition semantics should be reviewed.,1,D_full,FLOW_RATE_PHOSPHORIC_ACID_2
FLOW_RATE_PHOSPHORIC_ACID_2_lag_5,FLOW_RATE_PHOSPHORIC_ACID_2,0.9874243335949797,Same FLOW_RATE_PHOSPHORIC_ACID_2 family; retained more interpretable representative. Transition semantics should be reviewed.,1,D_full,FLOW_RATE_PHOSPHORIC_ACID_2
FLOW_RATE_PHOSPHORIC_ACID_2_roll_mean_10,FLOW_RATE_PHOSPHORIC_ACID_2,0.9847764583040767,Same FLOW_RATE_PHOSPHORIC_ACID_2 family; retained more interpretable representative. Transition semantics should be reviewed.,1,D_full,FLOW_RATE_PHOSPHORIC_ACID_2
FLOW_RATE_GROUND_PHOSPHATE_lag_1,FLOW_RATE_GROUND_PHOSPHATE,0.9919524384916653,Same FLOW_RATE_GROUND_PHOSPHATE family; retained more interpretable representative. Transition semantics should be reviewed.,1,D_full,FLOW_RATE_GROUND_PHOSPHATE
FLOW_RATE_GROUND_PHOSPHATE_lag_5,FLOW_RATE_GROUND_PHOSPHATE,0.9863108514680502,Same FLOW_RATE_GROUND_PHOSPHATE family; retained more interpretable representative. Transition semantics should be reviewed.,1,D_full,FLOW_RATE_GROUND_PHOSPHATE
FLOW_RATE_SLURRY_T_PER_HR_lag_1,FLOW_RATE_SLURRY_T_PER_HR,0.9921532922366388,Same FLOW_RATE_SLURRY_T_PER_HR family; retained more interpretable representative. Transition semantics should be reviewed.,1,D_full,FLOW_RATE_SLURRY_T_PER_HR
FLOW_RATE_SLURRY_T_PER_HR_lag_5,FLOW_RATE_SLURRY_T_PER_HR,0.9846763652776691,Same FLOW_RATE_SLURRY_T_PER_HR family; retained more interpretable representative. Transition semantics should be reviewed.,1,D_full,FLOW_RATE_SLURRY_T_PER_HR
FLOW_RATE_SLURRY_T_PER_HR_roll_mean_10,FLOW_RATE_SLURRY_T_PER_HR,0.9825984937902187,Same FLOW_RATE_SLURRY_T_PER_HR family; retained more interpretable representative. Transition semantics should be reviewed.,1,D_full,FLOW_RATE_SLURRY_T_PER_HR
FLOW_RATE_SLURRY_M3_HR_lag_1,FLOW_RATE_SLURRY_M3_HR,0.9880387913677534,Same FLOW_RATE_SLURRY_M3_HR family; retained more interpretable representative. Transition semantics should be reviewed.,1,D_full,FLOW_RATE_SLURRY_M3_HR
FLOW_RATE_SLURRY_M3_HR_lag_5,FLOW_RATE_SLURRY_M3_HR,0.9807567053645478,Same FLOW_RATE_SLURRY_M3_HR family; retained more interpretable representative. Transition semantics should be reviewed.,1,D_full,FLOW_RATE_SLURRY_M3_HR
RECYCLAGE_lag_1,RECYCLAGE,0.9942098996589165,Same RECYCLAGE family; retained more interpretable representative. Transition semantics should be reviewed.,1,D_full,RECYCLAGE
RECYCLAGE_lag_5,RECYCLAGE,0.9884165730772394,Same RECYCLAGE family; retained more interpretable representative. Transition semantics should be reviewed.,1,D_full,RECYCLAGE
RECYCLAGE_roll_mean_10,RECYCLAGE,0.9874140612961656,Same RECYCLAGE family; retained more interpretable representative. Transition semantics should be reviewed.,1,D_full,RECYCLAGE
PRESSURE_VAPEUR_lag_1,PRESSURE_VAPEUR,0.9863817103226871,Same PRESSURE_VAPEUR family; retained more interpretable representative. Transition semantics should be reviewed.,1,D_full,PRESSURE_VAPEUR
TEMPERATURE_CUVE_ATTAQUE_lag_10,TEMPERATURE_CUVE_ATTAQUE,0.9810653223041104,Same TEMPERATURE_CUVE_ATTAQUE family; retained more interpretable representative. Transition semantics should be reviewed.,1,D_full,TEMPERATURE_CUVE_ATTAQUE
TEMPERATURE_CUVE_ATTAQUE_lag_5,TEMPERATURE_CUVE_ATTAQUE,0.989938512834745,Same TEMPERATURE_CUVE_ATTAQUE family; retained more interpretable representative. Transition semantics should be reviewed.,1,D_full,TEMPERATURE_CUVE_ATTAQUE
TEMPERATURE_CUVE_DE_PASSAGE_lag_1,TEMPERATURE_CUVE_DE_PASSAGE,0.9982864709429873,Same TEMPERATURE_CUVE_DE_PASSAGE family; retained more interpretable representative. Transition semantics should be reviewed.,1,D_full,TEMPERATURE_CUVE_DE_PASSAGE
TEMPERATURE_CUVE_DE_PASSAGE_lag_10,TEMPERATURE_CUVE_DE_PASSAGE,0.9887240439110171,Same TEMPERATURE_CUVE_DE_PASSAGE family; retained more interpretable representative. Transition semantics should be reviewed.,1,D_full,TEMPERATURE_CUVE_DE_PASSAGE
TEMPERATURE_CUVE_DE_PASSAGE_lag_5,TEMPERATURE_CUVE_DE_PASSAGE,0.9954086848951165,Same TEMPERATURE_CUVE_DE_PASSAGE family; retained more interpretable representative. Transition semantics should be reviewed.,1,D_full,TEMPERATURE_CUVE_DE_PASSAGE
TEMPERATURE_CUVE_DE_PASSAGE_roll_mean_10,TEMPERATURE_CUVE_DE_PASSAGE,0.9916903346844466,Same TEMPERATURE_CUVE_DE_PASSAGE family; retained more interpretable representative. Transition semantics should be reviewed.,1,D_full,TEMPERATURE_CUVE_DE_PASSAGE
TEMPERATURE_SLURRY_PULVERISATEUR_lag_1,TEMPERATURE_SLURRY_PULVERISATEUR,0.9980885347047888,Same TEMPERATURE_SLURRY_PULVERISATEUR family; retained more interpretable representative. Transition semantics should be reviewed.,1,D_full,TEMPERATURE_SLURRY_PULVERISATEUR
TEMPERATURE_SLURRY_PULVERISATEUR_lag_10,TEMPERATURE_SLURRY_PULVERISATEUR,0.9873665579504738,Same TEMPERATURE_SLURRY_PULVERISATEUR family; retained more interpretable representative. Transition semantics should be reviewed.,1,D_full,TEMPERATURE_SLURRY_PULVERISATEUR
TEMPERATURE_SLURRY_PULVERISATEUR_lag_5,TEMPERATURE_SLURRY_PULVERISATEUR,0.9946346574603836,Same TEMPERATURE_SLURRY_PULVERISATEUR family; retained more interpretable representative. Transition semantics should be reviewed.,1,D_full,TEMPERATURE_SLURRY_PULVERISATEUR
TEMPERATURE_SLURRY_PULVERISATEUR_roll_mean_10,TEMPERATURE_SLURRY_PULVERISATEUR,0.9915178236697402,Same TEMPERATURE_SLURRY_PULVERISATEUR family; retained more interpretable representative. Transition semantics should be reviewed.,1,D_full,TEMPERATURE_SLURRY_PULVERISATEUR
LEVEL_CUVE_PASSAGE_lag_1,LEVEL_CUVE_PASSAGE,0.9887147060421049,Same LEVEL_CUVE_PASSAGE family; retained more interpretable representative. Transition semantics should be reviewed.,1,D_full,LEVEL_CUVE_PASSAGE
TEMPERATURE_GAZ_SORTIE_SECHEUR_lag_1,TEMPERATURE_GAZ_SORTIE_SECHEUR,0.991077268773806,Same TEMPERATURE_GAZ_SORTIE_SECHEUR family; retained more interpretable representative. Transition semantics should be reviewed.,1,D_full,TEMPERATURE_GAZ_SORTIE_SECHEUR
FLOW_RATE_FIOUL_lag_1,FLOW_RATE_FIOUL,0.9928247725825372,Same FLOW_RATE_FIOUL family; retained more interpretable representative. Transition semantics should be reviewed.,1,D_full,FLOW_RATE_FIOUL
FLOW_RATE_FIOUL_lag_5,FLOW_RATE_FIOUL,0.9857271555144184,Same FLOW_RATE_FIOUL family; retained more interpretable representative. Transition semantics should be reviewed.,1,D_full,FLOW_RATE_FIOUL
TEMPERATURE_AIR_CHAUD_lag_1,TEMPERATURE_AIR_CHAUD,0.9959293223020613,Same TEMPERATURE_AIR_CHAUD family; retained more interpretable representative. Transition semantics should be reviewed.,1,D_full,TEMPERATURE_AIR_CHAUD
TEMPERATURE_AIR_CHAUD_lag_5,TEMPERATURE_AIR_CHAUD,0.9894879498293645,Same TEMPERATURE_AIR_CHAUD family; retained more interpretable representative. Transition semantics should be reviewed.,1,D_full,TEMPERATURE_AIR_CHAUD
TEMPERATURE_AIR_CHAUD_roll_mean_10,TEMPERATURE_AIR_CHAUD,0.9832001576490312,Same TEMPERATURE_AIR_CHAUD family; retained more interpretable representative. Transition semantics should be reviewed.,1,D_full,TEMPERATURE_AIR_CHAUD
FLOW_RATE_LIQUIDE_LAVAGE_lag_1,FLOW_RATE_LIQUIDE_LAVAGE,0.9863958911537832,Same FLOW_RATE_LIQUIDE_LAVAGE family; retained more interpretable representative. Transition semantics should be reviewed.,1,D_full,FLOW_RATE_LIQUIDE_LAVAGE
FLOW_RATE_LIQUIDE_LAVAGE_roll_mean_10,FLOW_RATE_LIQUIDE_LAVAGE_lag_5,0.980931186719239,Same FLOW_RATE_LIQUIDE_LAVAGE family; retained more interpretable representative. Transition semantics should be reviewed.,1,D_full,FLOW_RATE_LIQUIDE_LAVAGE
FLOW_RATE_VAPEUR_lag_1,FLOW_RATE_VAPEUR,0.9929539880136923,Same FLOW_RATE_VAPEUR family; retained more interpretable representative. Transition semantics should be reviewed.,1,D_full,FLOW_RATE_VAPEUR
FLOW_RATE_VAPEUR_lag_5,FLOW_RATE_VAPEUR,0.9828076144339274,Same FLOW_RATE_VAPEUR family; retained more interpretable representative. Transition semantics should be reviewed.,1,D_full,FLOW_RATE_VAPEUR
FLOW_RATE_VAPEUR_roll_mean_10,FLOW_RATE_VAPEUR,0.9829293881747819,Same FLOW_RATE_VAPEUR family; retained more interpretable representative. Transition semantics should be reviewed.,1,D_full,FLOW_RATE_VAPEUR
FLOW_RATE_SLURRY_M3_HR_2_lag_1,FLOW_RATE_SLURRY_M3_HR_2,0.9910580753839477,Same FLOW_RATE_SLURRY_M3_HR_2 family; retained more interpretable representative. Transition semantics should be reviewed.,1,D_full,FLOW_RATE_SLURRY_M3_HR_2
FLOW_RATE_SLURRY_M3_HR_2_lag_10,FLOW_RATE_SLURRY_M3_HR_2,0.9867146178598185,Same FLOW_RATE_SLURRY_M3_HR_2 family; retained more interpretable representative. Transition semantics should be reviewed.,1,D_full,FLOW_RATE_SLURRY_M3_HR_2
FLOW_RATE_SLURRY_M3_HR_2_lag_5,FLOW_RATE_SLURRY_M3_HR_2,0.9894458735008487,Same FLOW_RATE_SLURRY_M3_HR_2 family; retained more interpretable representative. Transition semantics should be reviewed.,1,D_full,FLOW_RATE_SLURRY_M3_HR_2
TEMPERATURE_BRIQUE_lag_1,TEMPERATURE_BRIQUE,0.9944993281322924,Same TEMPERATURE_BRIQUE family; retained more interpretable representative. Transition semantics should be reviewed.,1,D_full,TEMPERATURE_BRIQUE
TEMPERATURE_BRIQUE_lag_10,TEMPERATURE_BRIQUE,0.9844199926198471,Same TEMPERATURE_BRIQUE family; retained more interpretable representative. Transition semantics should be reviewed.,1,D_full,TEMPERATURE_BRIQUE
TEMPERATURE_BRIQUE_lag_5,TEMPERATURE_BRIQUE,0.9917370215988073,Same TEMPERATURE_BRIQUE family; retained more interpretable representative. Transition semantics should be reviewed.,1,D_full,TEMPERATURE_BRIQUE
PRODUCTION_TSP_BALANCE_lag_1,PRODUCTION_TSP_BALANCE,0.9923524882848398,Same PRODUCTION_TSP_BALANCE family; retained more interpretable representative. Transition semantics should be reviewed.,5,B_temporal,PRODUCTION_TSP_BALANCE
PRODUCTION_TSP_BALANCE_lag_10,PRODUCTION_TSP_BALANCE,0.9805600541364061,Same PRODUCTION_TSP_BALANCE family; retained more interpretable representative. Transition semantics should be reviewed.,5,B_temporal,PRODUCTION_TSP_BALANCE
PRODUCTION_TSP_BALANCE_lag_5,PRODUCTION_TSP_BALANCE,0.9880390453563775,Same PRODUCTION_TSP_BALANCE family; retained more interpretable representative. Transition semantics should be reviewed.,5,B_temporal,PRODUCTION_TSP_BALANCE
PRODUCTION_TSP_BALANCE_roll_mean_10,PRODUCTION_TSP_BALANCE,0.9815134312463167,Same PRODUCTION_TSP_BALANCE family; retained more interpretable representative. Transition semantics should be reviewed.,5,B_temporal,PRODUCTION_TSP_BALANCE
FLOW_RATE_PHOSPHORIC_ACID_1_lag_1,FLOW_RATE_PHOSPHORIC_ACID_1,0.9922265248781413,Same FLOW_RATE_PHOSPHORIC_ACID_1 family; retained more interpretable representative. Transition semantics should be reviewed.,5,B_temporal,FLOW_RATE_PHOSPHORIC_ACID_1
FLOW_RATE_PHOSPHORIC_ACID_1_lag_5,FLOW_RATE_PHOSPHORIC_ACID_1,0.9859647914312586,Same FLOW_RATE_PHOSPHORIC_ACID_1 family; retained more interpretable representative. Transition semantics should be reviewed.,5,B_temporal,FLOW_RATE_PHOSPHORIC_ACID_1
FLOW_RATE_PHOSPHORIC_ACID_2_lag_1,FLOW_RATE_PHOSPHORIC_ACID_2,0.9928271676385617,Same FLOW_RATE_PHOSPHORIC_ACID_2 family; retained more interpretable representative. Transition semantics should be reviewed.,5,B_temporal,FLOW_RATE_PHOSPHORIC_ACID_2
FLOW_RATE_PHOSPHORIC_ACID_2_lag_5,FLOW_RATE_PHOSPHORIC_ACID_2,0.9874370452541226,Same FLOW_RATE_PHOSPHORIC_ACID_2 family; retained more interpretable representative. Transition semantics should be reviewed.,5,B_temporal,FLOW_RATE_PHOSPHORIC_ACID_2
FLOW_RATE_PHOSPHORIC_ACID_2_roll_mean_10,FLOW_RATE_PHOSPHORIC_ACID_2,0.9847508263321895,Same FLOW_RATE_PHOSPHORIC_ACID_2 family; retained more interpretable representative. Transition semantics should be reviewed.,5,B_temporal,FLOW_RATE_PHOSPHORIC_ACID_2
FLOW_RATE_GROUND_PHOSPHATE_lag_1,FLOW_RATE_GROUND_PHOSPHATE,0.9919499651770056,Same FLOW_RATE_GROUND_PHOSPHATE family; retained more interpretable representative. Transition semantics should be reviewed.,5,B_temporal,FLOW_RATE_GROUND_PHOSPHATE
FLOW_RATE_GROUND_PHOSPHATE_lag_5,FLOW_RATE_GROUND_PHOSPHATE,0.9863150842057294,Same FLOW_RATE_GROUND_PHOSPHATE family; retained more interpretable representative. Transition semantics should be reviewed.,5,B_temporal,FLOW_RATE_GROUND_PHOSPHATE
FLOW_RATE_SLURRY_T_PER_HR_lag_1,FLOW_RATE_SLURRY_T_PER_HR,0.9921566655615549,Same FLOW_RATE_SLURRY_T_PER_HR family; retained more interpretable representative. Transition semantics should be reviewed.,5,B_temporal,FLOW_RATE_SLURRY_T_PER_HR
FLOW_RATE_SLURRY_T_PER_HR_lag_5,FLOW_RATE_SLURRY_T_PER_HR,0.9846807823737391,Same FLOW_RATE_SLURRY_T_PER_HR family; retained more interpretable representative. Transition semantics should be reviewed.,5,B_temporal,FLOW_RATE_SLURRY_T_PER_HR
FLOW_RATE_SLURRY_T_PER_HR_roll_mean_10,FLOW_RATE_SLURRY_T_PER_HR,0.9826246740381087,Same FLOW_RATE_SLURRY_T_PER_HR family; retained more interpretable representative. Transition semantics should be reviewed.,5,B_temporal,FLOW_RATE_SLURRY_T_PER_HR
FLOW_RATE_SLURRY_M3_HR_lag_1,FLOW_RATE_SLURRY_M3_HR,0.9880400573213407,Same FLOW_RATE_SLURRY_M3_HR family; retained more interpretable representative. Transition semantics should be reviewed.,5,B_temporal,FLOW_RATE_SLURRY_M3_HR
FLOW_RATE_SLURRY_M3_HR_lag_5,FLOW_RATE_SLURRY_M3_HR,0.9807625598964903,Same FLOW_RATE_SLURRY_M3_HR family; retained more interpretable representative. Transition semantics should be reviewed.,5,B_temporal,FLOW_RATE_SLURRY_M3_HR
RECYCLAGE_lag_1,RECYCLAGE,0.994225613503289,Same RECYCLAGE family; retained more interpretable representative. Transition semantics should be reviewed.,5,B_temporal,RECYCLAGE
RECYCLAGE_lag_5,RECYCLAGE,0.9884008094083072,Same RECYCLAGE family; retained more interpretable representative. Transition semantics should be reviewed.,5,B_temporal,RECYCLAGE
RECYCLAGE_roll_mean_10,RECYCLAGE,0.987419624350678,Same RECYCLAGE family; retained more interpretable representative. Transition semantics should be reviewed.,5,B_temporal,RECYCLAGE
PRESSURE_VAPEUR_lag_1,PRESSURE_VAPEUR,0.9863996481124874,Same PRESSURE_VAPEUR family; retained more interpretable representative. Transition semantics should be reviewed.,5,B_temporal,PRESSURE_VAPEUR
TEMPERATURE_CUVE_ATTAQUE_lag_10,TEMPERATURE_CUVE_ATTAQUE,0.9810562003844167,Same TEMPERATURE_CUVE_ATTAQUE family; retained more interpretable representative. Transition semantics should be reviewed.,5,B_temporal,TEMPERATURE_CUVE_ATTAQUE
TEMPERATURE_CUVE_ATTAQUE_lag_5,TEMPERATURE_CUVE_ATTAQUE,0.9899351673292328,Same TEMPERATURE_CUVE_ATTAQUE family; retained more interpretable representative. Transition semantics should be reviewed.,5,B_temporal,TEMPERATURE_CUVE_ATTAQUE
TEMPERATURE_CUVE_DE_PASSAGE_lag_1,TEMPERATURE_CUVE_DE_PASSAGE,0.9982866624572472,Same TEMPERATURE_CUVE_DE_PASSAGE family; retained more interpretable representative. Transition semantics should be reviewed.,5,B_temporal,TEMPERATURE_CUVE_DE_PASSAGE
TEMPERATURE_CUVE_DE_PASSAGE_lag_10,TEMPERATURE_CUVE_DE_PASSAGE,0.9887175448139678,Same TEMPERATURE_CUVE_DE_PASSAGE family; retained more interpretable representative. Transition semantics should be reviewed.,5,B_temporal,TEMPERATURE_CUVE_DE_PASSAGE
TEMPERATURE_CUVE_DE_PASSAGE_lag_5,TEMPERATURE_CUVE_DE_PASSAGE,0.9954078189508606,Same TEMPERATURE_CUVE_DE_PASSAGE family; retained more interpretable representative. Transition semantics should be reviewed.,5,B_temporal,TEMPERATURE_CUVE_DE_PASSAGE
TEMPERATURE_CUVE_DE_PASSAGE_roll_mean_10,TEMPERATURE_CUVE_DE_PASSAGE,0.9916881497205512,Same TEMPERATURE_CUVE_DE_PASSAGE family; retained more interpretable representative. Transition semantics should be reviewed.,5,B_temporal,TEMPERATURE_CUVE_DE_PASSAGE
TEMPERATURE_SLURRY_PULVERISATEUR_lag_1,TEMPERATURE_SLURRY_PULVERISATEUR,0.9980885018604279,Same TEMPERATURE_SLURRY_PULVERISATEUR family; retained more interpretable representative. Transition semantics should be reviewed.,5,B_temporal,TEMPERATURE_SLURRY_PULVERISATEUR
TEMPERATURE_SLURRY_PULVERISATEUR_lag_10,TEMPERATURE_SLURRY_PULVERISATEUR,0.9873654678000372,Same TEMPERATURE_SLURRY_PULVERISATEUR family; retained more interpretable representative. Transition semantics should be reviewed.,5,B_temporal,TEMPERATURE_SLURRY_PULVERISATEUR
TEMPERATURE_SLURRY_PULVERISATEUR_lag_5,TEMPERATURE_SLURRY_PULVERISATEUR,0.9946330833929607,Same TEMPERATURE_SLURRY_PULVERISATEUR family; retained more interpretable representative. Transition semantics should be reviewed.,5,B_temporal,TEMPERATURE_SLURRY_PULVERISATEUR
TEMPERATURE_SLURRY_PULVERISATEUR_roll_mean_10,TEMPERATURE_SLURRY_PULVERISATEUR,0.9915157690146806,Same TEMPERATURE_SLURRY_PULVERISATEUR family; retained more interpretable representative. Transition semantics should be reviewed.,5,B_temporal,TEMPERATURE_SLURRY_PULVERISATEUR
LEVEL_CUVE_PASSAGE_lag_1,LEVEL_CUVE_PASSAGE,0.9887158737274608,Same LEVEL_CUVE_PASSAGE family; retained more interpretable representative. Transition semantics should be reviewed.,5,B_temporal,LEVEL_CUVE_PASSAGE
TEMPERATURE_GAZ_SORTIE_SECHEUR_lag_1,TEMPERATURE_GAZ_SORTIE_SECHEUR,0.9910790261045516,Same TEMPERATURE_GAZ_SORTIE_SECHEUR family; retained more interpretable representative. Transition semantics should be reviewed.,5,B_temporal,TEMPERATURE_GAZ_SORTIE_SECHEUR
FLOW_RATE_FIOUL_lag_1,FLOW_RATE_FIOUL,0.9928406793477058,Same FLOW_RATE_FIOUL family; retained more interpretable representative. Transition semantics should be reviewed.,5,B_temporal,FLOW_RATE_FIOUL
FLOW_RATE_FIOUL_lag_5,FLOW_RATE_FIOUL,0.9856963973725057,Same FLOW_RATE_FIOUL family; retained more interpretable representative. Transition semantics should be reviewed.,5,B_temporal,FLOW_RATE_FIOUL
TEMPERATURE_AIR_CHAUD_lag_1,TEMPERATURE_AIR_CHAUD,0.9959282522013644,Same TEMPERATURE_AIR_CHAUD family; retained more interpretable representative. Transition semantics should be reviewed.,5,B_temporal,TEMPERATURE_AIR_CHAUD
TEMPERATURE_AIR_CHAUD_lag_5,TEMPERATURE_AIR_CHAUD,0.9894812133876335,Same TEMPERATURE_AIR_CHAUD family; retained more interpretable representative. Transition semantics should be reviewed.,5,B_temporal,TEMPERATURE_AIR_CHAUD
TEMPERATURE_AIR_CHAUD_roll_mean_10,TEMPERATURE_AIR_CHAUD,0.9831940813074106,Same TEMPERATURE_AIR_CHAUD family; retained more interpretable representative. Transition semantics should be reviewed.,5,B_temporal,TEMPERATURE_AIR_CHAUD
FLOW_RATE_LIQUIDE_LAVAGE_lag_1,FLOW_RATE_LIQUIDE_LAVAGE,0.9863936724752018,Same FLOW_RATE_LIQUIDE_LAVAGE family; retained more interpretable representative. Transition semantics should be reviewed.,5,B_temporal,FLOW_RATE_LIQUIDE_LAVAGE
FLOW_RATE_LIQUIDE_LAVAGE_roll_mean_10,FLOW_RATE_LIQUIDE_LAVAGE_lag_5,0.9809351657333734,Same FLOW_RATE_LIQUIDE_LAVAGE family; retained more interpretable representative. Transition semantics should be reviewed.,5,B_temporal,FLOW_RATE_LIQUIDE_LAVAGE
FLOW_RATE_VAPEUR_lag_1,FLOW_RATE_VAPEUR,0.9929547968552803,Same FLOW_RATE_VAPEUR family; retained more interpretable representative. Transition semantics should be reviewed.,5,B_temporal,FLOW_RATE_VAPEUR
FLOW_RATE_VAPEUR_lag_5,FLOW_RATE_VAPEUR,0.982792820351227,Same FLOW_RATE_VAPEUR family; retained more interpretable representative. Transition semantics should be reviewed.,5,B_temporal,FLOW_RATE_VAPEUR
FLOW_RATE_VAPEUR_roll_mean_10,FLOW_RATE_VAPEUR,0.982930657345409,Same FLOW_RATE_VAPEUR family; retained more interpretable representative. Transition semantics should be reviewed.,5,B_temporal,FLOW_RATE_VAPEUR
FLOW_RATE_SLURRY_M3_HR_2_lag_1,FLOW_RATE_SLURRY_M3_HR_2,0.9910319760877191,Same FLOW_RATE_SLURRY_M3_HR_2 family; retained more interpretable representative. Transition semantics should be reviewed.,5,B_temporal,FLOW_RATE_SLURRY_M3_HR_2
FLOW_RATE_SLURRY_M3_HR_2_lag_10,FLOW_RATE_SLURRY_M3_HR_2,0.9866958202957059,Same FLOW_RATE_SLURRY_M3_HR_2 family; retained more interpretable representative. Transition semantics should be reviewed.,5,B_temporal,FLOW_RATE_SLURRY_M3_HR_2
FLOW_RATE_SLURRY_M3_HR_2_lag_5,FLOW_RATE_SLURRY_M3_HR_2,0.9894225858270562,Same FLOW_RATE_SLURRY_M3_HR_2 family; retained more interpretable representative. Transition semantics should be reviewed.,5,B_temporal,FLOW_RATE_SLURRY_M3_HR_2
TEMPERATURE_BRIQUE_lag_1,TEMPERATURE_BRIQUE,0.9944986310891442,Same TEMPERATURE_BRIQUE family; retained more interpretable representative. Transition semantics should be reviewed.,5,B_temporal,TEMPERATURE_BRIQUE
TEMPERATURE_BRIQUE_lag_10,TEMPERATURE_BRIQUE,0.9844295792991838,Same TEMPERATURE_BRIQUE family; retained more interpretable representative. Transition semantics should be reviewed.,5,B_temporal,TEMPERATURE_BRIQUE
TEMPERATURE_BRIQUE_lag_5,TEMPERATURE_BRIQUE,0.9917353011805691,Same TEMPERATURE_BRIQUE family; retained more interpretable representative. Transition semantics should be reviewed.,5,B_temporal,TEMPERATURE_BRIQUE
PRODUCTION_TSP_BALANCE_lag_1,PRODUCTION_TSP_BALANCE,0.9923524882848398,Same PRODUCTION_TSP_BALANCE family; retained more interpretable representative. Transition semantics should be reviewed.,5,D_full,PRODUCTION_TSP_BALANCE
PRODUCTION_TSP_BALANCE_lag_10,PRODUCTION_TSP_BALANCE,0.9805600541364061,Same PRODUCTION_TSP_BALANCE family; retained more interpretable representative. Transition semantics should be reviewed.,5,D_full,PRODUCTION_TSP_BALANCE
PRODUCTION_TSP_BALANCE_lag_5,PRODUCTION_TSP_BALANCE,0.9880390453563775,Same PRODUCTION_TSP_BALANCE family; retained more interpretable representative. Transition semantics should be reviewed.,5,D_full,PRODUCTION_TSP_BALANCE
PRODUCTION_TSP_BALANCE_roll_mean_10,PRODUCTION_TSP_BALANCE,0.9815134312463167,Same PRODUCTION_TSP_BALANCE family; retained more interpretable representative. Transition semantics should be reviewed.,5,D_full,PRODUCTION_TSP_BALANCE
FLOW_RATE_PHOSPHORIC_ACID_1_lag_1,FLOW_RATE_PHOSPHORIC_ACID_1,0.9922265248781413,Same FLOW_RATE_PHOSPHORIC_ACID_1 family; retained more interpretable representative. Transition semantics should be reviewed.,5,D_full,FLOW_RATE_PHOSPHORIC_ACID_1
FLOW_RATE_PHOSPHORIC_ACID_1_lag_5,FLOW_RATE_PHOSPHORIC_ACID_1,0.9859647914312586,Same FLOW_RATE_PHOSPHORIC_ACID_1 family; retained more interpretable representative. Transition semantics should be reviewed.,5,D_full,FLOW_RATE_PHOSPHORIC_ACID_1
FLOW_RATE_PHOSPHORIC_ACID_2_lag_1,FLOW_RATE_PHOSPHORIC_ACID_2,0.9928271676385617,Same FLOW_RATE_PHOSPHORIC_ACID_2 family; retained more interpretable representative. Transition semantics should be reviewed.,5,D_full,FLOW_RATE_PHOSPHORIC_ACID_2
FLOW_RATE_PHOSPHORIC_ACID_2_lag_5,FLOW_RATE_PHOSPHORIC_ACID_2,0.9874370452541226,Same FLOW_RATE_PHOSPHORIC_ACID_2 family; retained more interpretable representative. Transition semantics should be reviewed.,5,D_full,FLOW_RATE_PHOSPHORIC_ACID_2
FLOW_RATE_PHOSPHORIC_ACID_2_roll_mean_10,FLOW_RATE_PHOSPHORIC_ACID_2,0.9847508263321895,Same FLOW_RATE_PHOSPHORIC_ACID_2 family; retained more interpretable representative. Transition semantics should be reviewed.,5,D_full,FLOW_RATE_PHOSPHORIC_ACID_2
FLOW_RATE_GROUND_PHOSPHATE_lag_1,FLOW_RATE_GROUND_PHOSPHATE,0.9919499651770056,Same FLOW_RATE_GROUND_PHOSPHATE family; retained more interpretable representative. Transition semantics should be reviewed.,5,D_full,FLOW_RATE_GROUND_PHOSPHATE
FLOW_RATE_GROUND_PHOSPHATE_lag_5,FLOW_RATE_GROUND_PHOSPHATE,0.9863150842057294,Same FLOW_RATE_GROUND_PHOSPHATE family; retained more interpretable representative. Transition semantics should be reviewed.,5,D_full,FLOW_RATE_GROUND_PHOSPHATE
FLOW_RATE_SLURRY_T_PER_HR_lag_1,FLOW_RATE_SLURRY_T_PER_HR,0.9921566655615549,Same FLOW_RATE_SLURRY_T_PER_HR family; retained more interpretable representative. Transition semantics should be reviewed.,5,D_full,FLOW_RATE_SLURRY_T_PER_HR
FLOW_RATE_SLURRY_T_PER_HR_lag_5,FLOW_RATE_SLURRY_T_PER_HR,0.9846807823737391,Same FLOW_RATE_SLURRY_T_PER_HR family; retained more interpretable representative. Transition semantics should be reviewed.,5,D_full,FLOW_RATE_SLURRY_T_PER_HR
FLOW_RATE_SLURRY_T_PER_HR_roll_mean_10,FLOW_RATE_SLURRY_T_PER_HR,0.9826246740381087,Same FLOW_RATE_SLURRY_T_PER_HR family; retained more interpretable representative. Transition semantics should be reviewed.,5,D_full,FLOW_RATE_SLURRY_T_PER_HR
FLOW_RATE_SLURRY_M3_HR_lag_1,FLOW_RATE_SLURRY_M3_HR,0.9880400573213407,Same FLOW_RATE_SLURRY_M3_HR family; retained more interpretable representative. Transition semantics should be reviewed.,5,D_full,FLOW_RATE_SLURRY_M3_HR
FLOW_RATE_SLURRY_M3_HR_lag_5,FLOW_RATE_SLURRY_M3_HR,0.9807625598964903,Same FLOW_RATE_SLURRY_M3_HR family; retained more interpretable representative. Transition semantics should be reviewed.,5,D_full,FLOW_RATE_SLURRY_M3_HR
RECYCLAGE_lag_1,RECYCLAGE,0.994225613503289,Same RECYCLAGE family; retained more interpretable representative. Transition semantics should be reviewed.,5,D_full,RECYCLAGE
RECYCLAGE_lag_5,RECYCLAGE,0.9884008094083072,Same RECYCLAGE family; retained more interpretable representative. Transition semantics should be reviewed.,5,D_full,RECYCLAGE
RECYCLAGE_roll_mean_10,RECYCLAGE,0.987419624350678,Same RECYCLAGE family; retained more interpretable representative. Transition semantics should be reviewed.,5,D_full,RECYCLAGE
PRESSURE_VAPEUR_lag_1,PRESSURE_VAPEUR,0.9863996481124874,Same PRESSURE_VAPEUR family; retained more interpretable representative. Transition semantics should be reviewed.,5,D_full,PRESSURE_VAPEUR
TEMPERATURE_CUVE_ATTAQUE_lag_10,TEMPERATURE_CUVE_ATTAQUE,0.9810562003844167,Same TEMPERATURE_CUVE_ATTAQUE family; retained more interpretable representative. Transition semantics should be reviewed.,5,D_full,TEMPERATURE_CUVE_ATTAQUE
TEMPERATURE_CUVE_ATTAQUE_lag_5,TEMPERATURE_CUVE_ATTAQUE,0.9899351673292328,Same TEMPERATURE_CUVE_ATTAQUE family; retained more interpretable representative. Transition semantics should be reviewed.,5,D_full,TEMPERATURE_CUVE_ATTAQUE
TEMPERATURE_CUVE_DE_PASSAGE_lag_1,TEMPERATURE_CUVE_DE_PASSAGE,0.9982866624572472,Same TEMPERATURE_CUVE_DE_PASSAGE family; retained more interpretable representative. Transition semantics should be reviewed.,5,D_full,TEMPERATURE_CUVE_DE_PASSAGE
TEMPERATURE_CUVE_DE_PASSAGE_lag_10,TEMPERATURE_CUVE_DE_PASSAGE,0.9887175448139678,Same TEMPERATURE_CUVE_DE_PASSAGE family; retained more interpretable representative. Transition semantics should be reviewed.,5,D_full,TEMPERATURE_CUVE_DE_PASSAGE
TEMPERATURE_CUVE_DE_PASSAGE_lag_5,TEMPERATURE_CUVE_DE_PASSAGE,0.9954078189508606,Same TEMPERATURE_CUVE_DE_PASSAGE family; retained more interpretable representative. Transition semantics should be reviewed.,5,D_full,TEMPERATURE_CUVE_DE_PASSAGE
TEMPERATURE_CUVE_DE_PASSAGE_roll_mean_10,TEMPERATURE_CUVE_DE_PASSAGE,0.9916881497205512,Same TEMPERATURE_CUVE_DE_PASSAGE family; retained more interpretable representative. Transition semantics should be reviewed.,5,D_full,TEMPERATURE_CUVE_DE_PASSAGE
TEMPERATURE_SLURRY_PULVERISATEUR_lag_1,TEMPERATURE_SLURRY_PULVERISATEUR,0.9980885018604279,Same TEMPERATURE_SLURRY_PULVERISATEUR family; retained more interpretable representative. Transition semantics should be reviewed.,5,D_full,TEMPERATURE_SLURRY_PULVERISATEUR
TEMPERATURE_SLURRY_PULVERISATEUR_lag_10,TEMPERATURE_SLURRY_PULVERISATEUR,0.9873654678000372,Same TEMPERATURE_SLURRY_PULVERISATEUR family; retained more interpretable representative. Transition semantics should be reviewed.,5,D_full,TEMPERATURE_SLURRY_PULVERISATEUR
TEMPERATURE_SLURRY_PULVERISATEUR_lag_5,TEMPERATURE_SLURRY_PULVERISATEUR,0.9946330833929607,Same TEMPERATURE_SLURRY_PULVERISATEUR family; retained more interpretable representative. Transition semantics should be reviewed.,5,D_full,TEMPERATURE_SLURRY_PULVERISATEUR
TEMPERATURE_SLURRY_PULVERISATEUR_roll_mean_10,TEMPERATURE_SLURRY_PULVERISATEUR,0.9915157690146806,Same TEMPERATURE_SLURRY_PULVERISATEUR family; retained more interpretable representative. Transition semantics should be reviewed.,5,D_full,TEMPERATURE_SLURRY_PULVERISATEUR
LEVEL_CUVE_PASSAGE_lag_1,LEVEL_CUVE_PASSAGE,0.9887158737274608,Same LEVEL_CUVE_PASSAGE family; retained more interpretable representative. Transition semantics should be reviewed.,5,D_full,LEVEL_CUVE_PASSAGE
TEMPERATURE_GAZ_SORTIE_SECHEUR_lag_1,TEMPERATURE_GAZ_SORTIE_SECHEUR,0.9910790261045516,Same TEMPERATURE_GAZ_SORTIE_SECHEUR family; retained more interpretable representative. Transition semantics should be reviewed.,5,D_full,TEMPERATURE_GAZ_SORTIE_SECHEUR
FLOW_RATE_FIOUL_lag_1,FLOW_RATE_FIOUL,0.9928406793477058,Same FLOW_RATE_FIOUL family; retained more interpretable representative. Transition semantics should be reviewed.,5,D_full,FLOW_RATE_FIOUL
FLOW_RATE_FIOUL_lag_5,FLOW_RATE_FIOUL,0.9856963973725057,Same FLOW_RATE_FIOUL family; retained more interpretable representative. Transition semantics should be reviewed.,5,D_full,FLOW_RATE_FIOUL
TEMPERATURE_AIR_CHAUD_lag_1,TEMPERATURE_AIR_CHAUD,0.9959282522013644,Same TEMPERATURE_AIR_CHAUD family; retained more interpretable representative. Transition semantics should be reviewed.,5,D_full,TEMPERATURE_AIR_CHAUD
TEMPERATURE_AIR_CHAUD_lag_5,TEMPERATURE_AIR_CHAUD,0.9894812133876335,Same TEMPERATURE_AIR_CHAUD family; retained more interpretable representative. Transition semantics should be reviewed.,5,D_full,TEMPERATURE_AIR_CHAUD
TEMPERATURE_AIR_CHAUD_roll_mean_10,TEMPERATURE_AIR_CHAUD,0.9831940813074106,Same TEMPERATURE_AIR_CHAUD family; retained more interpretable representative. Transition semantics should be reviewed.,5,D_full,TEMPERATURE_AIR_CHAUD
FLOW_RATE_LIQUIDE_LAVAGE_lag_1,FLOW_RATE_LIQUIDE_LAVAGE,0.9863936724752018,Same FLOW_RATE_LIQUIDE_LAVAGE family; retained more interpretable representative. Transition semantics should be reviewed.,5,D_full,FLOW_RATE_LIQUIDE_LAVAGE
FLOW_RATE_LIQUIDE_LAVAGE_roll_mean_10,FLOW_RATE_LIQUIDE_LAVAGE_lag_5,0.9809351657333734,Same FLOW_RATE_LIQUIDE_LAVAGE family; retained more interpretable representative. Transition semantics should be reviewed.,5,D_full,FLOW_RATE_LIQUIDE_LAVAGE
FLOW_RATE_VAPEUR_lag_1,FLOW_RATE_VAPEUR,0.9929547968552803,Same FLOW_RATE_VAPEUR family; retained more interpretable representative. Transition semantics should be reviewed.,5,D_full,FLOW_RATE_VAPEUR
FLOW_RATE_VAPEUR_lag_5,FLOW_RATE_VAPEUR,0.982792820351227,Same FLOW_RATE_VAPEUR family; retained more interpretable representative. Transition semantics should be reviewed.,5,D_full,FLOW_RATE_VAPEUR
FLOW_RATE_VAPEUR_roll_mean_10,FLOW_RATE_VAPEUR,0.982930657345409,Same FLOW_RATE_VAPEUR family; retained more interpretable representative. Transition semantics should be reviewed.,5,D_full,FLOW_RATE_VAPEUR
FLOW_RATE_SLURRY_M3_HR_2_lag_1,FLOW_RATE_SLURRY_M3_HR_2,0.9910319760877191,Same FLOW_RATE_SLURRY_M3_HR_2 family; retained more interpretable representative. Transition semantics should be reviewed.,5,D_full,FLOW_RATE_SLURRY_M3_HR_2
FLOW_RATE_SLURRY_M3_HR_2_lag_10,FLOW_RATE_SLURRY_M3_HR_2,0.9866958202957059,Same FLOW_RATE_SLURRY_M3_HR_2 family; retained more interpretable representative. Transition semantics should be reviewed.,5,D_full,FLOW_RATE_SLURRY_M3_HR_2
FLOW_RATE_SLURRY_M3_HR_2_lag_5,FLOW_RATE_SLURRY_M3_HR_2,0.9894225858270562,Same FLOW_RATE_SLURRY_M3_HR_2 family; retained more interpretable representative. Transition semantics should be reviewed.,5,D_full,FLOW_RATE_SLURRY_M3_HR_2
TEMPERATURE_BRIQUE_lag_1,TEMPERATURE_BRIQUE,0.9944986310891442,Same TEMPERATURE_BRIQUE family; retained more interpretable representative. Transition semantics should be reviewed.,5,D_full,TEMPERATURE_BRIQUE
TEMPERATURE_BRIQUE_lag_10,TEMPERATURE_BRIQUE,0.9844295792991838,Same TEMPERATURE_BRIQUE family; retained more interpretable representative. Transition semantics should be reviewed.,5,D_full,TEMPERATURE_BRIQUE
TEMPERATURE_BRIQUE_lag_5,TEMPERATURE_BRIQUE,0.9917353011805691,Same TEMPERATURE_BRIQUE family; retained more interpretable representative. Transition semantics should be reviewed.,5,D_full,TEMPERATURE_BRIQUE
PRODUCTION_TSP_BALANCE_lag_1,PRODUCTION_TSP_BALANCE,0.9923529996994752,Same PRODUCTION_TSP_BALANCE family; retained more interpretable representative. Transition semantics should be reviewed.,10,B_temporal,PRODUCTION_TSP_BALANCE
PRODUCTION_TSP_BALANCE_lag_10,PRODUCTION_TSP_BALANCE,0.9805586126288505,Same PRODUCTION_TSP_BALANCE family; retained more interpretable representative. Transition semantics should be reviewed.,10,B_temporal,PRODUCTION_TSP_BALANCE
PRODUCTION_TSP_BALANCE_lag_5,PRODUCTION_TSP_BALANCE,0.9880903696453729,Same PRODUCTION_TSP_BALANCE family; retained more interpretable representative. Transition semantics should be reviewed.,10,B_temporal,PRODUCTION_TSP_BALANCE
PRODUCTION_TSP_BALANCE_roll_mean_10,PRODUCTION_TSP_BALANCE,0.9815650483969142,Same PRODUCTION_TSP_BALANCE family; retained more interpretable representative. Transition semantics should be reviewed.,10,B_temporal,PRODUCTION_TSP_BALANCE
FLOW_RATE_PHOSPHORIC_ACID_1_lag_1,FLOW_RATE_PHOSPHORIC_ACID_1,0.9922556874488988,Same FLOW_RATE_PHOSPHORIC_ACID_1 family; retained more interpretable representative. Transition semantics should be reviewed.,10,B_temporal,FLOW_RATE_PHOSPHORIC_ACID_1
FLOW_RATE_PHOSPHORIC_ACID_1_lag_5,FLOW_RATE_PHOSPHORIC_ACID_1,0.9859483503905832,Same FLOW_RATE_PHOSPHORIC_ACID_1 family; retained more interpretable representative. Transition semantics should be reviewed.,10,B_temporal,FLOW_RATE_PHOSPHORIC_ACID_1
FLOW_RATE_PHOSPHORIC_ACID_2_lag_1,FLOW_RATE_PHOSPHORIC_ACID_2,0.9928131688303551,Same FLOW_RATE_PHOSPHORIC_ACID_2 family; retained more interpretable representative. Transition semantics should be reviewed.,10,B_temporal,FLOW_RATE_PHOSPHORIC_ACID_2
FLOW_RATE_PHOSPHORIC_ACID_2_lag_5,FLOW_RATE_PHOSPHORIC_ACID_2,0.9874210128697732,Same FLOW_RATE_PHOSPHORIC_ACID_2 family; retained more interpretable representative. Transition semantics should be reviewed.,10,B_temporal,FLOW_RATE_PHOSPHORIC_ACID_2
FLOW_RATE_PHOSPHORIC_ACID_2_roll_mean_10,FLOW_RATE_PHOSPHORIC_ACID_2,0.9847475659199229,Same FLOW_RATE_PHOSPHORIC_ACID_2 family; retained more interpretable representative. Transition semantics should be reviewed.,10,B_temporal,FLOW_RATE_PHOSPHORIC_ACID_2
FLOW_RATE_GROUND_PHOSPHATE_lag_1,FLOW_RATE_GROUND_PHOSPHATE,0.9919512183331383,Same FLOW_RATE_GROUND_PHOSPHATE family; retained more interpretable representative. Transition semantics should be reviewed.,10,B_temporal,FLOW_RATE_GROUND_PHOSPHATE
FLOW_RATE_GROUND_PHOSPHATE_lag_5,FLOW_RATE_GROUND_PHOSPHATE,0.98631364783814,Same FLOW_RATE_GROUND_PHOSPHATE family; retained more interpretable representative. Transition semantics should be reviewed.,10,B_temporal,FLOW_RATE_GROUND_PHOSPHATE
FLOW_RATE_SLURRY_T_PER_HR_lag_1,FLOW_RATE_SLURRY_T_PER_HR,0.9921578832479261,Same FLOW_RATE_SLURRY_T_PER_HR family; retained more interpretable representative. Transition semantics should be reviewed.,10,B_temporal,FLOW_RATE_SLURRY_T_PER_HR
FLOW_RATE_SLURRY_T_PER_HR_lag_5,FLOW_RATE_SLURRY_T_PER_HR,0.9846939085923736,Same FLOW_RATE_SLURRY_T_PER_HR family; retained more interpretable representative. Transition semantics should be reviewed.,10,B_temporal,FLOW_RATE_SLURRY_T_PER_HR
FLOW_RATE_SLURRY_T_PER_HR_roll_mean_10,FLOW_RATE_SLURRY_T_PER_HR,0.9826393963133803,Same FLOW_RATE_SLURRY_T_PER_HR family; retained more interpretable representative. Transition semantics should be reviewed.,10,B_temporal,FLOW_RATE_SLURRY_T_PER_HR
FLOW_RATE_SLURRY_M3_HR_lag_1,FLOW_RATE_SLURRY_M3_HR,0.9880522642880786,Same FLOW_RATE_SLURRY_M3_HR family; retained more interpretable representative. Transition semantics should be reviewed.,10,B_temporal,FLOW_RATE_SLURRY_M3_HR
FLOW_RATE_SLURRY_M3_HR_lag_5,FLOW_RATE_SLURRY_M3_HR,0.980781271348057,Same FLOW_RATE_SLURRY_M3_HR family; retained more interpretable representative. Transition semantics should be reviewed.,10,B_temporal,FLOW_RATE_SLURRY_M3_HR
RECYCLAGE_lag_1,RECYCLAGE,0.9942111224424022,Same RECYCLAGE family; retained more interpretable representative. Transition semantics should be reviewed.,10,B_temporal,RECYCLAGE
RECYCLAGE_lag_5,RECYCLAGE,0.9883921432389916,Same RECYCLAGE family; retained more interpretable representative. Transition semantics should be reviewed.,10,B_temporal,RECYCLAGE
RECYCLAGE_roll_mean_10,RECYCLAGE,0.9873622135612401,Same RECYCLAGE family; retained more interpretable representative. Transition semantics should be reviewed.,10,B_temporal,RECYCLAGE
PRESSURE_VAPEUR_lag_1,PRESSURE_VAPEUR,0.9864270087580054,Same PRESSURE_VAPEUR family; retained more interpretable representative. Transition semantics should be reviewed.,10,B_temporal,PRESSURE_VAPEUR
TEMPERATURE_CUVE_ATTAQUE_lag_10,TEMPERATURE_CUVE_ATTAQUE,0.9810477672585924,Same TEMPERATURE_CUVE_ATTAQUE family; retained more interpretable representative. Transition semantics should be reviewed.,10,B_temporal,TEMPERATURE_CUVE_ATTAQUE
TEMPERATURE_CUVE_ATTAQUE_lag_5,TEMPERATURE_CUVE_ATTAQUE,0.9899317103587449,Same TEMPERATURE_CUVE_ATTAQUE family; retained more interpretable representative. Transition semantics should be reviewed.,10,B_temporal,TEMPERATURE_CUVE_ATTAQUE
TEMPERATURE_CUVE_DE_PASSAGE_lag_1,TEMPERATURE_CUVE_DE_PASSAGE,0.9982863375779685,Same TEMPERATURE_CUVE_DE_PASSAGE family; retained more interpretable representative. Transition semantics should be reviewed.,10,B_temporal,TEMPERATURE_CUVE_DE_PASSAGE
TEMPERATURE_CUVE_DE_PASSAGE_lag_10,TEMPERATURE_CUVE_DE_PASSAGE,0.9887174960202485,Same TEMPERATURE_CUVE_DE_PASSAGE family; retained more interpretable representative. Transition semantics should be reviewed.,10,B_temporal,TEMPERATURE_CUVE_DE_PASSAGE
TEMPERATURE_CUVE_DE_PASSAGE_lag_5,TEMPERATURE_CUVE_DE_PASSAGE,0.9954061440213892,Same TEMPERATURE_CUVE_DE_PASSAGE family; retained more interpretable representative. Transition semantics should be reviewed.,10,B_temporal,TEMPERATURE_CUVE_DE_PASSAGE
TEMPERATURE_CUVE_DE_PASSAGE_roll_mean_10,TEMPERATURE_CUVE_DE_PASSAGE,0.9916866682520388,Same TEMPERATURE_CUVE_DE_PASSAGE family; retained more interpretable representative. Transition semantics should be reviewed.,10,B_temporal,TEMPERATURE_CUVE_DE_PASSAGE
TEMPERATURE_SLURRY_PULVERISATEUR_lag_1,TEMPERATURE_SLURRY_PULVERISATEUR,0.9980878076450398,Same TEMPERATURE_SLURRY_PULVERISATEUR family; retained more interpretable representative. Transition semantics should be reviewed.,10,B_temporal,TEMPERATURE_SLURRY_PULVERISATEUR
TEMPERATURE_SLURRY_PULVERISATEUR_lag_10,TEMPERATURE_SLURRY_PULVERISATEUR,0.987358935816971,Same TEMPERATURE_SLURRY_PULVERISATEUR family; retained more interpretable representative. Transition semantics should be reviewed.,10,B_temporal,TEMPERATURE_SLURRY_PULVERISATEUR
TEMPERATURE_SLURRY_PULVERISATEUR_lag_5,TEMPERATURE_SLURRY_PULVERISATEUR,0.9946336629071721,Same TEMPERATURE_SLURRY_PULVERISATEUR family; retained more interpretable representative. Transition semantics should be reviewed.,10,B_temporal,TEMPERATURE_SLURRY_PULVERISATEUR
TEMPERATURE_SLURRY_PULVERISATEUR_roll_mean_10,TEMPERATURE_SLURRY_PULVERISATEUR,0.9915149696294234,Same TEMPERATURE_SLURRY_PULVERISATEUR family; retained more interpretable representative. Transition semantics should be reviewed.,10,B_temporal,TEMPERATURE_SLURRY_PULVERISATEUR
LEVEL_CUVE_PASSAGE_lag_1,LEVEL_CUVE_PASSAGE,0.9887131063046336,Same LEVEL_CUVE_PASSAGE family; retained more interpretable representative. Transition semantics should be reviewed.,10,B_temporal,LEVEL_CUVE_PASSAGE
TEMPERATURE_GAZ_SORTIE_SECHEUR_lag_1,TEMPERATURE_GAZ_SORTIE_SECHEUR,0.9910824200521604,Same TEMPERATURE_GAZ_SORTIE_SECHEUR family; retained more interpretable representative. Transition semantics should be reviewed.,10,B_temporal,TEMPERATURE_GAZ_SORTIE_SECHEUR
FLOW_RATE_FIOUL_lag_1,FLOW_RATE_FIOUL,0.9928269453839434,Same FLOW_RATE_FIOUL family; retained more interpretable representative. Transition semantics should be reviewed.,10,B_temporal,FLOW_RATE_FIOUL
FLOW_RATE_FIOUL_lag_5,FLOW_RATE_FIOUL,0.9857086560121447,Same FLOW_RATE_FIOUL family; retained more interpretable representative. Transition semantics should be reviewed.,10,B_temporal,FLOW_RATE_FIOUL
TEMPERATURE_AIR_CHAUD_lag_1,TEMPERATURE_AIR_CHAUD,0.9959277550695457,Same TEMPERATURE_AIR_CHAUD family; retained more interpretable representative. Transition semantics should be reviewed.,10,B_temporal,TEMPERATURE_AIR_CHAUD
TEMPERATURE_AIR_CHAUD_lag_5,TEMPERATURE_AIR_CHAUD,0.9894779837536595,Same TEMPERATURE_AIR_CHAUD family; retained more interpretable representative. Transition semantics should be reviewed.,10,B_temporal,TEMPERATURE_AIR_CHAUD
TEMPERATURE_AIR_CHAUD_roll_mean_10,TEMPERATURE_AIR_CHAUD,0.9831899897979031,Same TEMPERATURE_AIR_CHAUD family; retained more interpretable representative. Transition semantics should be reviewed.,10,B_temporal,TEMPERATURE_AIR_CHAUD
FLOW_RATE_LIQUIDE_LAVAGE_lag_1,FLOW_RATE_LIQUIDE_LAVAGE,0.9863914845528375,Same FLOW_RATE_LIQUIDE_LAVAGE family; retained more interpretable representative. Transition semantics should be reviewed.,10,B_temporal,FLOW_RATE_LIQUIDE_LAVAGE
FLOW_RATE_LIQUIDE_LAVAGE_roll_mean_10,FLOW_RATE_LIQUIDE_LAVAGE_lag_5,0.9809233150196516,Same FLOW_RATE_LIQUIDE_LAVAGE family; retained more interpretable representative. Transition semantics should be reviewed.,10,B_temporal,FLOW_RATE_LIQUIDE_LAVAGE
FLOW_RATE_VAPEUR_lag_1,FLOW_RATE_VAPEUR,0.9929642187833178,Same FLOW_RATE_VAPEUR family; retained more interpretable representative. Transition semantics should be reviewed.,10,B_temporal,FLOW_RATE_VAPEUR
FLOW_RATE_VAPEUR_lag_5,FLOW_RATE_VAPEUR,0.9828016890448636,Same FLOW_RATE_VAPEUR family; retained more interpretable representative. Transition semantics should be reviewed.,10,B_temporal,FLOW_RATE_VAPEUR
FLOW_RATE_VAPEUR_roll_mean_10,FLOW_RATE_VAPEUR,0.9829256597636855,Same FLOW_RATE_VAPEUR family; retained more interpretable representative. Transition semantics should be reviewed.,10,B_temporal,FLOW_RATE_VAPEUR
FLOW_RATE_SLURRY_M3_HR_2_lag_1,FLOW_RATE_SLURRY_M3_HR_2,0.9910325414515769,Same FLOW_RATE_SLURRY_M3_HR_2 family; retained more interpretable representative. Transition semantics should be reviewed.,10,B_temporal,FLOW_RATE_SLURRY_M3_HR_2
FLOW_RATE_SLURRY_M3_HR_2_lag_10,FLOW_RATE_SLURRY_M3_HR_2,0.9866904623074201,Same FLOW_RATE_SLURRY_M3_HR_2 family; retained more interpretable representative. Transition semantics should be reviewed.,10,B_temporal,FLOW_RATE_SLURRY_M3_HR_2
FLOW_RATE_SLURRY_M3_HR_2_lag_5,FLOW_RATE_SLURRY_M3_HR_2,0.9894192290807693,Same FLOW_RATE_SLURRY_M3_HR_2 family; retained more interpretable representative. Transition semantics should be reviewed.,10,B_temporal,FLOW_RATE_SLURRY_M3_HR_2
TEMPERATURE_BRIQUE_lag_1,TEMPERATURE_BRIQUE,0.9944989260870956,Same TEMPERATURE_BRIQUE family; retained more interpretable representative. Transition semantics should be reviewed.,10,B_temporal,TEMPERATURE_BRIQUE
TEMPERATURE_BRIQUE_lag_10,TEMPERATURE_BRIQUE,0.9844605806695759,Same TEMPERATURE_BRIQUE family; retained more interpretable representative. Transition semantics should be reviewed.,10,B_temporal,TEMPERATURE_BRIQUE
TEMPERATURE_BRIQUE_lag_5,TEMPERATURE_BRIQUE,0.9917416051025356,Same TEMPERATURE_BRIQUE family; retained more interpretable representative. Transition semantics should be reviewed.,10,B_temporal,TEMPERATURE_BRIQUE
PRODUCTION_TSP_BALANCE_lag_1,PRODUCTION_TSP_BALANCE,0.9923529996994752,Same PRODUCTION_TSP_BALANCE family; retained more interpretable representative. Transition semantics should be reviewed.,10,D_full,PRODUCTION_TSP_BALANCE
PRODUCTION_TSP_BALANCE_lag_10,PRODUCTION_TSP_BALANCE,0.9805586126288505,Same PRODUCTION_TSP_BALANCE family; retained more interpretable representative. Transition semantics should be reviewed.,10,D_full,PRODUCTION_TSP_BALANCE
PRODUCTION_TSP_BALANCE_lag_5,PRODUCTION_TSP_BALANCE,0.9880903696453729,Same PRODUCTION_TSP_BALANCE family; retained more interpretable representative. Transition semantics should be reviewed.,10,D_full,PRODUCTION_TSP_BALANCE
PRODUCTION_TSP_BALANCE_roll_mean_10,PRODUCTION_TSP_BALANCE,0.9815650483969142,Same PRODUCTION_TSP_BALANCE family; retained more interpretable representative. Transition semantics should be reviewed.,10,D_full,PRODUCTION_TSP_BALANCE
FLOW_RATE_PHOSPHORIC_ACID_1_lag_1,FLOW_RATE_PHOSPHORIC_ACID_1,0.9922556874488988,Same FLOW_RATE_PHOSPHORIC_ACID_1 family; retained more interpretable representative. Transition semantics should be reviewed.,10,D_full,FLOW_RATE_PHOSPHORIC_ACID_1
FLOW_RATE_PHOSPHORIC_ACID_1_lag_5,FLOW_RATE_PHOSPHORIC_ACID_1,0.9859483503905832,Same FLOW_RATE_PHOSPHORIC_ACID_1 family; retained more interpretable representative. Transition semantics should be reviewed.,10,D_full,FLOW_RATE_PHOSPHORIC_ACID_1
FLOW_RATE_PHOSPHORIC_ACID_2_lag_1,FLOW_RATE_PHOSPHORIC_ACID_2,0.9928131688303551,Same FLOW_RATE_PHOSPHORIC_ACID_2 family; retained more interpretable representative. Transition semantics should be reviewed.,10,D_full,FLOW_RATE_PHOSPHORIC_ACID_2
FLOW_RATE_PHOSPHORIC_ACID_2_lag_5,FLOW_RATE_PHOSPHORIC_ACID_2,0.9874210128697732,Same FLOW_RATE_PHOSPHORIC_ACID_2 family; retained more interpretable representative. Transition semantics should be reviewed.,10,D_full,FLOW_RATE_PHOSPHORIC_ACID_2
FLOW_RATE_PHOSPHORIC_ACID_2_roll_mean_10,FLOW_RATE_PHOSPHORIC_ACID_2,0.9847475659199229,Same FLOW_RATE_PHOSPHORIC_ACID_2 family; retained more interpretable representative. Transition semantics should be reviewed.,10,D_full,FLOW_RATE_PHOSPHORIC_ACID_2
FLOW_RATE_GROUND_PHOSPHATE_lag_1,FLOW_RATE_GROUND_PHOSPHATE,0.9919512183331383,Same FLOW_RATE_GROUND_PHOSPHATE family; retained more interpretable representative. Transition semantics should be reviewed.,10,D_full,FLOW_RATE_GROUND_PHOSPHATE
FLOW_RATE_GROUND_PHOSPHATE_lag_5,FLOW_RATE_GROUND_PHOSPHATE,0.98631364783814,Same FLOW_RATE_GROUND_PHOSPHATE family; retained more interpretable representative. Transition semantics should be reviewed.,10,D_full,FLOW_RATE_GROUND_PHOSPHATE
FLOW_RATE_SLURRY_T_PER_HR_lag_1,FLOW_RATE_SLURRY_T_PER_HR,0.9921578832479261,Same FLOW_RATE_SLURRY_T_PER_HR family; retained more interpretable representative. Transition semantics should be reviewed.,10,D_full,FLOW_RATE_SLURRY_T_PER_HR
FLOW_RATE_SLURRY_T_PER_HR_lag_5,FLOW_RATE_SLURRY_T_PER_HR,0.9846939085923736,Same FLOW_RATE_SLURRY_T_PER_HR family; retained more interpretable representative. Transition semantics should be reviewed.,10,D_full,FLOW_RATE_SLURRY_T_PER_HR
FLOW_RATE_SLURRY_T_PER_HR_roll_mean_10,FLOW_RATE_SLURRY_T_PER_HR,0.9826393963133803,Same FLOW_RATE_SLURRY_T_PER_HR family; retained more interpretable representative. Transition semantics should be reviewed.,10,D_full,FLOW_RATE_SLURRY_T_PER_HR
FLOW_RATE_SLURRY_M3_HR_lag_1,FLOW_RATE_SLURRY_M3_HR,0.9880522642880786,Same FLOW_RATE_SLURRY_M3_HR family; retained more interpretable representative. Transition semantics should be reviewed.,10,D_full,FLOW_RATE_SLURRY_M3_HR
FLOW_RATE_SLURRY_M3_HR_lag_5,FLOW_RATE_SLURRY_M3_HR,0.980781271348057,Same FLOW_RATE_SLURRY_M3_HR family; retained more interpretable representative. Transition semantics should be reviewed.,10,D_full,FLOW_RATE_SLURRY_M3_HR
RECYCLAGE_lag_1,RECYCLAGE,0.9942111224424022,Same RECYCLAGE family; retained more interpretable representative. Transition semantics should be reviewed.,10,D_full,RECYCLAGE
RECYCLAGE_lag_5,RECYCLAGE,0.9883921432389916,Same RECYCLAGE family; retained more interpretable representative. Transition semantics should be reviewed.,10,D_full,RECYCLAGE
RECYCLAGE_roll_mean_10,RECYCLAGE,0.9873622135612401,Same RECYCLAGE family; retained more interpretable representative. Transition semantics should be reviewed.,10,D_full,RECYCLAGE
PRESSURE_VAPEUR_lag_1,PRESSURE_VAPEUR,0.9864270087580054,Same PRESSURE_VAPEUR family; retained more interpretable representative. Transition semantics should be reviewed.,10,D_full,PRESSURE_VAPEUR
TEMPERATURE_CUVE_ATTAQUE_lag_10,TEMPERATURE_CUVE_ATTAQUE,0.9810477672585924,Same TEMPERATURE_CUVE_ATTAQUE family; retained more interpretable representative. Transition semantics should be reviewed.,10,D_full,TEMPERATURE_CUVE_ATTAQUE
TEMPERATURE_CUVE_ATTAQUE_lag_5,TEMPERATURE_CUVE_ATTAQUE,0.9899317103587449,Same TEMPERATURE_CUVE_ATTAQUE family; retained more interpretable representative. Transition semantics should be reviewed.,10,D_full,TEMPERATURE_CUVE_ATTAQUE
TEMPERATURE_CUVE_DE_PASSAGE_lag_1,TEMPERATURE_CUVE_DE_PASSAGE,0.9982863375779685,Same TEMPERATURE_CUVE_DE_PASSAGE family; retained more interpretable representative. Transition semantics should be reviewed.,10,D_full,TEMPERATURE_CUVE_DE_PASSAGE
TEMPERATURE_CUVE_DE_PASSAGE_lag_10,TEMPERATURE_CUVE_DE_PASSAGE,0.9887174960202485,Same TEMPERATURE_CUVE_DE_PASSAGE family; retained more interpretable representative. Transition semantics should be reviewed.,10,D_full,TEMPERATURE_CUVE_DE_PASSAGE
TEMPERATURE_CUVE_DE_PASSAGE_lag_5,TEMPERATURE_CUVE_DE_PASSAGE,0.9954061440213892,Same TEMPERATURE_CUVE_DE_PASSAGE family; retained more interpretable representative. Transition semantics should be reviewed.,10,D_full,TEMPERATURE_CUVE_DE_PASSAGE
TEMPERATURE_CUVE_DE_PASSAGE_roll_mean_10,TEMPERATURE_CUVE_DE_PASSAGE,0.9916866682520388,Same TEMPERATURE_CUVE_DE_PASSAGE family; retained more interpretable representative. Transition semantics should be reviewed.,10,D_full,TEMPERATURE_CUVE_DE_PASSAGE
TEMPERATURE_SLURRY_PULVERISATEUR_lag_1,TEMPERATURE_SLURRY_PULVERISATEUR,0.9980878076450398,Same TEMPERATURE_SLURRY_PULVERISATEUR family; retained more interpretable representative. Transition semantics should be reviewed.,10,D_full,TEMPERATURE_SLURRY_PULVERISATEUR
TEMPERATURE_SLURRY_PULVERISATEUR_lag_10,TEMPERATURE_SLURRY_PULVERISATEUR,0.987358935816971,Same TEMPERATURE_SLURRY_PULVERISATEUR family; retained more interpretable representative. Transition semantics should be reviewed.,10,D_full,TEMPERATURE_SLURRY_PULVERISATEUR
TEMPERATURE_SLURRY_PULVERISATEUR_lag_5,TEMPERATURE_SLURRY_PULVERISATEUR,0.9946336629071721,Same TEMPERATURE_SLURRY_PULVERISATEUR family; retained more interpretable representative. Transition semantics should be reviewed.,10,D_full,TEMPERATURE_SLURRY_PULVERISATEUR
TEMPERATURE_SLURRY_PULVERISATEUR_roll_mean_10,TEMPERATURE_SLURRY_PULVERISATEUR,0.9915149696294234,Same TEMPERATURE_SLURRY_PULVERISATEUR family; retained more interpretable representative. Transition semantics should be reviewed.,10,D_full,TEMPERATURE_SLURRY_PULVERISATEUR
LEVEL_CUVE_PASSAGE_lag_1,LEVEL_CUVE_PASSAGE,0.9887131063046336,Same LEVEL_CUVE_PASSAGE family; retained more interpretable representative. Transition semantics should be reviewed.,10,D_full,LEVEL_CUVE_PASSAGE
TEMPERATURE_GAZ_SORTIE_SECHEUR_lag_1,TEMPERATURE_GAZ_SORTIE_SECHEUR,0.9910824200521604,Same TEMPERATURE_GAZ_SORTIE_SECHEUR family; retained more interpretable representative. Transition semantics should be reviewed.,10,D_full,TEMPERATURE_GAZ_SORTIE_SECHEUR
FLOW_RATE_FIOUL_lag_1,FLOW_RATE_FIOUL,0.9928269453839434,Same FLOW_RATE_FIOUL family; retained more interpretable representative. Transition semantics should be reviewed.,10,D_full,FLOW_RATE_FIOUL
FLOW_RATE_FIOUL_lag_5,FLOW_RATE_FIOUL,0.9857086560121447,Same FLOW_RATE_FIOUL family; retained more interpretable representative. Transition semantics should be reviewed.,10,D_full,FLOW_RATE_FIOUL
TEMPERATURE_AIR_CHAUD_lag_1,TEMPERATURE_AIR_CHAUD,0.9959277550695457,Same TEMPERATURE_AIR_CHAUD family; retained more interpretable representative. Transition semantics should be reviewed.,10,D_full,TEMPERATURE_AIR_CHAUD
TEMPERATURE_AIR_CHAUD_lag_5,TEMPERATURE_AIR_CHAUD,0.9894779837536595,Same TEMPERATURE_AIR_CHAUD family; retained more interpretable representative. Transition semantics should be reviewed.,10,D_full,TEMPERATURE_AIR_CHAUD
TEMPERATURE_AIR_CHAUD_roll_mean_10,TEMPERATURE_AIR_CHAUD,0.9831899897979031,Same TEMPERATURE_AIR_CHAUD family; retained more interpretable representative. Transition semantics should be reviewed.,10,D_full,TEMPERATURE_AIR_CHAUD
FLOW_RATE_LIQUIDE_LAVAGE_lag_1,FLOW_RATE_LIQUIDE_LAVAGE,0.9863914845528375,Same FLOW_RATE_LIQUIDE_LAVAGE family; retained more interpretable representative. Transition semantics should be reviewed.,10,D_full,FLOW_RATE_LIQUIDE_LAVAGE
FLOW_RATE_LIQUIDE_LAVAGE_roll_mean_10,FLOW_RATE_LIQUIDE_LAVAGE_lag_5,0.9809233150196516,Same FLOW_RATE_LIQUIDE_LAVAGE family; retained more interpretable representative. Transition semantics should be reviewed.,10,D_full,FLOW_RATE_LIQUIDE_LAVAGE
FLOW_RATE_VAPEUR_lag_1,FLOW_RATE_VAPEUR,0.9929642187833178,Same FLOW_RATE_VAPEUR family; retained more interpretable representative. Transition semantics should be reviewed.,10,D_full,FLOW_RATE_VAPEUR
FLOW_RATE_VAPEUR_lag_5,FLOW_RATE_VAPEUR,0.9828016890448636,Same FLOW_RATE_VAPEUR family; retained more interpretable representative. Transition semantics should be reviewed.,10,D_full,FLOW_RATE_VAPEUR
FLOW_RATE_VAPEUR_roll_mean_10,FLOW_RATE_VAPEUR,0.9829256597636855,Same FLOW_RATE_VAPEUR family; retained more interpretable representative. Transition semantics should be reviewed.,10,D_full,FLOW_RATE_VAPEUR
FLOW_RATE_SLURRY_M3_HR_2_lag_1,FLOW_RATE_SLURRY_M3_HR_2,0.9910325414515769,Same FLOW_RATE_SLURRY_M3_HR_2 family; retained more interpretable representative. Transition semantics should be reviewed.,10,D_full,FLOW_RATE_SLURRY_M3_HR_2
FLOW_RATE_SLURRY_M3_HR_2_lag_10,FLOW_RATE_SLURRY_M3_HR_2,0.9866904623074201,Same FLOW_RATE_SLURRY_M3_HR_2 family; retained more interpretable representative. Transition semantics should be reviewed.,10,D_full,FLOW_RATE_SLURRY_M3_HR_2
FLOW_RATE_SLURRY_M3_HR_2_lag_5,FLOW_RATE_SLURRY_M3_HR_2,0.9894192290807693,Same FLOW_RATE_SLURRY_M3_HR_2 family; retained more interpretable representative. Transition semantics should be reviewed.,10,D_full,FLOW_RATE_SLURRY_M3_HR_2
TEMPERATURE_BRIQUE_lag_1,TEMPERATURE_BRIQUE,0.9944989260870956,Same TEMPERATURE_BRIQUE family; retained more interpretable representative. Transition semantics should be reviewed.,10,D_full,TEMPERATURE_BRIQUE
TEMPERATURE_BRIQUE_lag_10,TEMPERATURE_BRIQUE,0.9844605806695759,Same TEMPERATURE_BRIQUE family; retained more interpretable representative. Transition semantics should be reviewed.,10,D_full,TEMPERATURE_BRIQUE
TEMPERATURE_BRIQUE_lag_5,TEMPERATURE_BRIQUE,0.9917416051025356,Same TEMPERATURE_BRIQUE family; retained more interpretable representative. Transition semantics should be reviewed.,10,D_full,TEMPERATURE_BRIQUE
PRODUCTION_TSP_BALANCE_lag_1,PRODUCTION_TSP_BALANCE,0.9923527879865046,Same PRODUCTION_TSP_BALANCE family; retained more interpretable representative. Transition semantics should be reviewed.,15,B_temporal,PRODUCTION_TSP_BALANCE
PRODUCTION_TSP_BALANCE_lag_10,PRODUCTION_TSP_BALANCE,0.9805128617613063,Same PRODUCTION_TSP_BALANCE family; retained more interpretable representative. Transition semantics should be reviewed.,15,B_temporal,PRODUCTION_TSP_BALANCE
PRODUCTION_TSP_BALANCE_lag_5,PRODUCTION_TSP_BALANCE,0.9880441911431377,Same PRODUCTION_TSP_BALANCE family; retained more interpretable representative. Transition semantics should be reviewed.,15,B_temporal,PRODUCTION_TSP_BALANCE
PRODUCTION_TSP_BALANCE_roll_mean_10,PRODUCTION_TSP_BALANCE,0.9815711174677881,Same PRODUCTION_TSP_BALANCE family; retained more interpretable representative. Transition semantics should be reviewed.,15,B_temporal,PRODUCTION_TSP_BALANCE
FLOW_RATE_PHOSPHORIC_ACID_1_lag_1,FLOW_RATE_PHOSPHORIC_ACID_1,0.9922071041124807,Same FLOW_RATE_PHOSPHORIC_ACID_1 family; retained more interpretable representative. Transition semantics should be reviewed.,15,B_temporal,FLOW_RATE_PHOSPHORIC_ACID_1
FLOW_RATE_PHOSPHORIC_ACID_1_lag_5,FLOW_RATE_PHOSPHORIC_ACID_1,0.9859529614272106,Same FLOW_RATE_PHOSPHORIC_ACID_1 family; retained more interpretable representative. Transition semantics should be reviewed.,15,B_temporal,FLOW_RATE_PHOSPHORIC_ACID_1
FLOW_RATE_PHOSPHORIC_ACID_2_lag_1,FLOW_RATE_PHOSPHORIC_ACID_2,0.9928166319848251,Same FLOW_RATE_PHOSPHORIC_ACID_2 family; retained more interpretable representative. Transition semantics should be reviewed.,15,B_temporal,FLOW_RATE_PHOSPHORIC_ACID_2
FLOW_RATE_PHOSPHORIC_ACID_2_lag_5,FLOW_RATE_PHOSPHORIC_ACID_2,0.9874278079740034,Same FLOW_RATE_PHOSPHORIC_ACID_2 family; retained more interpretable representative. Transition semantics should be reviewed.,15,B_temporal,FLOW_RATE_PHOSPHORIC_ACID_2
FLOW_RATE_PHOSPHORIC_ACID_2_roll_mean_10,FLOW_RATE_PHOSPHORIC_ACID_2,0.9847545676615931,Same FLOW_RATE_PHOSPHORIC_ACID_2 family; retained more interpretable representative. Transition semantics should be reviewed.,15,B_temporal,FLOW_RATE_PHOSPHORIC_ACID_2
FLOW_RATE_GROUND_PHOSPHATE_lag_1,FLOW_RATE_GROUND_PHOSPHATE,0.9919592023423255,Same FLOW_RATE_GROUND_PHOSPHATE family; retained more interpretable representative. Transition semantics should be reviewed.,15,B_temporal,FLOW_RATE_GROUND_PHOSPHATE
FLOW_RATE_GROUND_PHOSPHATE_lag_5,FLOW_RATE_GROUND_PHOSPHATE,0.9863167731654213,Same FLOW_RATE_GROUND_PHOSPHATE family; retained more interpretable representative. Transition semantics should be reviewed.,15,B_temporal,FLOW_RATE_GROUND_PHOSPHATE
FLOW_RATE_SLURRY_T_PER_HR_lag_1,FLOW_RATE_SLURRY_T_PER_HR,0.9921615060208036,Same FLOW_RATE_SLURRY_T_PER_HR family; retained more interpretable representative. Transition semantics should be reviewed.,15,B_temporal,FLOW_RATE_SLURRY_T_PER_HR
FLOW_RATE_SLURRY_T_PER_HR_lag_5,FLOW_RATE_SLURRY_T_PER_HR,0.984690839557774,Same FLOW_RATE_SLURRY_T_PER_HR family; retained more interpretable representative. Transition semantics should be reviewed.,15,B_temporal,FLOW_RATE_SLURRY_T_PER_HR
FLOW_RATE_SLURRY_T_PER_HR_roll_mean_10,FLOW_RATE_SLURRY_T_PER_HR,0.9826621527051331,Same FLOW_RATE_SLURRY_T_PER_HR family; retained more interpretable representative. Transition semantics should be reviewed.,15,B_temporal,FLOW_RATE_SLURRY_T_PER_HR
FLOW_RATE_SLURRY_M3_HR_lag_1,FLOW_RATE_SLURRY_M3_HR,0.9880478141965896,Same FLOW_RATE_SLURRY_M3_HR family; retained more interpretable representative. Transition semantics should be reviewed.,15,B_temporal,FLOW_RATE_SLURRY_M3_HR
FLOW_RATE_SLURRY_M3_HR_lag_5,FLOW_RATE_SLURRY_M3_HR,0.980779957240133,Same FLOW_RATE_SLURRY_M3_HR family; retained more interpretable representative. Transition semantics should be reviewed.,15,B_temporal,FLOW_RATE_SLURRY_M3_HR
RECYCLAGE_lag_1,RECYCLAGE,0.9942104453308841,Same RECYCLAGE family; retained more interpretable representative. Transition semantics should be reviewed.,15,B_temporal,RECYCLAGE
RECYCLAGE_lag_5,RECYCLAGE,0.9883985132694972,Same RECYCLAGE family; retained more interpretable representative. Transition semantics should be reviewed.,15,B_temporal,RECYCLAGE
RECYCLAGE_roll_mean_10,RECYCLAGE,0.9873526915163803,Same RECYCLAGE family; retained more interpretable representative. Transition semantics should be reviewed.,15,B_temporal,RECYCLAGE
PRESSURE_VAPEUR_lag_1,PRESSURE_VAPEUR,0.9863815265437361,Same PRESSURE_VAPEUR family; retained more interpretable representative. Transition semantics should be reviewed.,15,B_temporal,PRESSURE_VAPEUR
TEMPERATURE_CUVE_ATTAQUE_lag_10,TEMPERATURE_CUVE_ATTAQUE,0.9810442315093914,Same TEMPERATURE_CUVE_ATTAQUE family; retained more interpretable representative. Transition semantics should be reviewed.,15,B_temporal,TEMPERATURE_CUVE_ATTAQUE
TEMPERATURE_CUVE_ATTAQUE_lag_5,TEMPERATURE_CUVE_ATTAQUE,0.9899295966721293,Same TEMPERATURE_CUVE_ATTAQUE family; retained more interpretable representative. Transition semantics should be reviewed.,15,B_temporal,TEMPERATURE_CUVE_ATTAQUE
TEMPERATURE_CUVE_DE_PASSAGE_lag_1,TEMPERATURE_CUVE_DE_PASSAGE,0.9982864842313421,Same TEMPERATURE_CUVE_DE_PASSAGE family; retained more interpretable representative. Transition semantics should be reviewed.,15,B_temporal,TEMPERATURE_CUVE_DE_PASSAGE
TEMPERATURE_CUVE_DE_PASSAGE_lag_10,TEMPERATURE_CUVE_DE_PASSAGE,0.988718014319292,Same TEMPERATURE_CUVE_DE_PASSAGE family; retained more interpretable representative. Transition semantics should be reviewed.,15,B_temporal,TEMPERATURE_CUVE_DE_PASSAGE
TEMPERATURE_CUVE_DE_PASSAGE_lag_5,TEMPERATURE_CUVE_DE_PASSAGE,0.9954071143601771,Same TEMPERATURE_CUVE_DE_PASSAGE family; retained more interpretable representative. Transition semantics should be reviewed.,15,B_temporal,TEMPERATURE_CUVE_DE_PASSAGE
TEMPERATURE_CUVE_DE_PASSAGE_roll_mean_10,TEMPERATURE_CUVE_DE_PASSAGE,0.991689540763537,Same TEMPERATURE_CUVE_DE_PASSAGE family; retained more interpretable representative. Transition semantics should be reviewed.,15,B_temporal,TEMPERATURE_CUVE_DE_PASSAGE
TEMPERATURE_SLURRY_PULVERISATEUR_lag_1,TEMPERATURE_SLURRY_PULVERISATEUR,0.9980877031705949,Same TEMPERATURE_SLURRY_PULVERISATEUR family; retained more interpretable representative. Transition semantics should be reviewed.,15,B_temporal,TEMPERATURE_SLURRY_PULVERISATEUR
TEMPERATURE_SLURRY_PULVERISATEUR_lag_10,TEMPERATURE_SLURRY_PULVERISATEUR,0.9873622259221154,Same TEMPERATURE_SLURRY_PULVERISATEUR family; retained more interpretable representative. Transition semantics should be reviewed.,15,B_temporal,TEMPERATURE_SLURRY_PULVERISATEUR
TEMPERATURE_SLURRY_PULVERISATEUR_lag_5,TEMPERATURE_SLURRY_PULVERISATEUR,0.9946318399203311,Same TEMPERATURE_SLURRY_PULVERISATEUR family; retained more interpretable representative. Transition semantics should be reviewed.,15,B_temporal,TEMPERATURE_SLURRY_PULVERISATEUR
TEMPERATURE_SLURRY_PULVERISATEUR_roll_mean_10,TEMPERATURE_SLURRY_PULVERISATEUR,0.9915141401076005,Same TEMPERATURE_SLURRY_PULVERISATEUR family; retained more interpretable representative. Transition semantics should be reviewed.,15,B_temporal,TEMPERATURE_SLURRY_PULVERISATEUR
LEVEL_CUVE_PASSAGE_lag_1,LEVEL_CUVE_PASSAGE,0.988716956311123,Same LEVEL_CUVE_PASSAGE family; retained more interpretable representative. Transition semantics should be reviewed.,15,B_temporal,LEVEL_CUVE_PASSAGE
TEMPERATURE_GAZ_SORTIE_SECHEUR_lag_1,TEMPERATURE_GAZ_SORTIE_SECHEUR,0.9910763320872576,Same TEMPERATURE_GAZ_SORTIE_SECHEUR family; retained more interpretable representative. Transition semantics should be reviewed.,15,B_temporal,TEMPERATURE_GAZ_SORTIE_SECHEUR
FLOW_RATE_FIOUL_lag_1,FLOW_RATE_FIOUL,0.9928268375687497,Same FLOW_RATE_FIOUL family; retained more interpretable representative. Transition semantics should be reviewed.,15,B_temporal,FLOW_RATE_FIOUL
FLOW_RATE_FIOUL_lag_5,FLOW_RATE_FIOUL,0.9857054277458549,Same FLOW_RATE_FIOUL family; retained more interpretable representative. Transition semantics should be reviewed.,15,B_temporal,FLOW_RATE_FIOUL
TEMPERATURE_AIR_CHAUD_lag_1,TEMPERATURE_AIR_CHAUD,0.9959288249607892,Same TEMPERATURE_AIR_CHAUD family; retained more interpretable representative. Transition semantics should be reviewed.,15,B_temporal,TEMPERATURE_AIR_CHAUD
TEMPERATURE_AIR_CHAUD_lag_5,TEMPERATURE_AIR_CHAUD,0.9894838827491487,Same TEMPERATURE_AIR_CHAUD family; retained more interpretable representative. Transition semantics should be reviewed.,15,B_temporal,TEMPERATURE_AIR_CHAUD
TEMPERATURE_AIR_CHAUD_roll_mean_10,TEMPERATURE_AIR_CHAUD,0.9831900905973381,Same TEMPERATURE_AIR_CHAUD family; retained more interpretable representative. Transition semantics should be reviewed.,15,B_temporal,TEMPERATURE_AIR_CHAUD
FLOW_RATE_LIQUIDE_LAVAGE_lag_1,FLOW_RATE_LIQUIDE_LAVAGE,0.986394735664578,Same FLOW_RATE_LIQUIDE_LAVAGE family; retained more interpretable representative. Transition semantics should be reviewed.,15,B_temporal,FLOW_RATE_LIQUIDE_LAVAGE
FLOW_RATE_LIQUIDE_LAVAGE_roll_mean_10,FLOW_RATE_LIQUIDE_LAVAGE_lag_5,0.9809093853974437,Same FLOW_RATE_LIQUIDE_LAVAGE family; retained more interpretable representative. Transition semantics should be reviewed.,15,B_temporal,FLOW_RATE_LIQUIDE_LAVAGE
FLOW_RATE_VAPEUR_lag_1,FLOW_RATE_VAPEUR,0.9929556916223206,Same FLOW_RATE_VAPEUR family; retained more interpretable representative. Transition semantics should be reviewed.,15,B_temporal,FLOW_RATE_VAPEUR
FLOW_RATE_VAPEUR_lag_5,FLOW_RATE_VAPEUR,0.9828077708175892,Same FLOW_RATE_VAPEUR family; retained more interpretable representative. Transition semantics should be reviewed.,15,B_temporal,FLOW_RATE_VAPEUR
FLOW_RATE_VAPEUR_roll_mean_10,FLOW_RATE_VAPEUR,0.9829270228593333,Same FLOW_RATE_VAPEUR family; retained more interpretable representative. Transition semantics should be reviewed.,15,B_temporal,FLOW_RATE_VAPEUR
FLOW_RATE_SLURRY_M3_HR_2_lag_1,FLOW_RATE_SLURRY_M3_HR_2,0.99103252616129,Same FLOW_RATE_SLURRY_M3_HR_2 family; retained more interpretable representative. Transition semantics should be reviewed.,15,B_temporal,FLOW_RATE_SLURRY_M3_HR_2
FLOW_RATE_SLURRY_M3_HR_2_lag_10,FLOW_RATE_SLURRY_M3_HR_2,0.9867480334778277,Same FLOW_RATE_SLURRY_M3_HR_2 family; retained more interpretable representative. Transition semantics should be reviewed.,15,B_temporal,FLOW_RATE_SLURRY_M3_HR_2
FLOW_RATE_SLURRY_M3_HR_2_lag_5,FLOW_RATE_SLURRY_M3_HR_2,0.9894186961513161,Same FLOW_RATE_SLURRY_M3_HR_2 family; retained more interpretable representative. Transition semantics should be reviewed.,15,B_temporal,FLOW_RATE_SLURRY_M3_HR_2
TEMPERATURE_BRIQUE_lag_1,TEMPERATURE_BRIQUE,0.9944989252656565,Same TEMPERATURE_BRIQUE family; retained more interpretable representative. Transition semantics should be reviewed.,15,B_temporal,TEMPERATURE_BRIQUE
TEMPERATURE_BRIQUE_lag_10,TEMPERATURE_BRIQUE,0.984479084693207,Same TEMPERATURE_BRIQUE family; retained more interpretable representative. Transition semantics should be reviewed.,15,B_temporal,TEMPERATURE_BRIQUE
TEMPERATURE_BRIQUE_lag_5,TEMPERATURE_BRIQUE,0.991750874561689,Same TEMPERATURE_BRIQUE family; retained more interpretable representative. Transition semantics should be reviewed.,15,B_temporal,TEMPERATURE_BRIQUE
PRODUCTION_TSP_BALANCE_lag_1,PRODUCTION_TSP_BALANCE,0.9923527879865046,Same PRODUCTION_TSP_BALANCE family; retained more interpretable representative. Transition semantics should be reviewed.,15,D_full,PRODUCTION_TSP_BALANCE
PRODUCTION_TSP_BALANCE_lag_10,PRODUCTION_TSP_BALANCE,0.9805128617613063,Same PRODUCTION_TSP_BALANCE family; retained more interpretable representative. Transition semantics should be reviewed.,15,D_full,PRODUCTION_TSP_BALANCE
PRODUCTION_TSP_BALANCE_lag_5,PRODUCTION_TSP_BALANCE,0.9880441911431377,Same PRODUCTION_TSP_BALANCE family; retained more interpretable representative. Transition semantics should be reviewed.,15,D_full,PRODUCTION_TSP_BALANCE
PRODUCTION_TSP_BALANCE_roll_mean_10,PRODUCTION_TSP_BALANCE,0.9815711174677881,Same PRODUCTION_TSP_BALANCE family; retained more interpretable representative. Transition semantics should be reviewed.,15,D_full,PRODUCTION_TSP_BALANCE
FLOW_RATE_PHOSPHORIC_ACID_1_lag_1,FLOW_RATE_PHOSPHORIC_ACID_1,0.9922071041124807,Same FLOW_RATE_PHOSPHORIC_ACID_1 family; retained more interpretable representative. Transition semantics should be reviewed.,15,D_full,FLOW_RATE_PHOSPHORIC_ACID_1
FLOW_RATE_PHOSPHORIC_ACID_1_lag_5,FLOW_RATE_PHOSPHORIC_ACID_1,0.9859529614272106,Same FLOW_RATE_PHOSPHORIC_ACID_1 family; retained more interpretable representative. Transition semantics should be reviewed.,15,D_full,FLOW_RATE_PHOSPHORIC_ACID_1
FLOW_RATE_PHOSPHORIC_ACID_2_lag_1,FLOW_RATE_PHOSPHORIC_ACID_2,0.9928166319848251,Same FLOW_RATE_PHOSPHORIC_ACID_2 family; retained more interpretable representative. Transition semantics should be reviewed.,15,D_full,FLOW_RATE_PHOSPHORIC_ACID_2
FLOW_RATE_PHOSPHORIC_ACID_2_lag_5,FLOW_RATE_PHOSPHORIC_ACID_2,0.9874278079740034,Same FLOW_RATE_PHOSPHORIC_ACID_2 family; retained more interpretable representative. Transition semantics should be reviewed.,15,D_full,FLOW_RATE_PHOSPHORIC_ACID_2
FLOW_RATE_PHOSPHORIC_ACID_2_roll_mean_10,FLOW_RATE_PHOSPHORIC_ACID_2,0.9847545676615931,Same FLOW_RATE_PHOSPHORIC_ACID_2 family; retained more interpretable representative. Transition semantics should be reviewed.,15,D_full,FLOW_RATE_PHOSPHORIC_ACID_2
FLOW_RATE_GROUND_PHOSPHATE_lag_1,FLOW_RATE_GROUND_PHOSPHATE,0.9919592023423255,Same FLOW_RATE_GROUND_PHOSPHATE family; retained more interpretable representative. Transition semantics should be reviewed.,15,D_full,FLOW_RATE_GROUND_PHOSPHATE
FLOW_RATE_GROUND_PHOSPHATE_lag_5,FLOW_RATE_GROUND_PHOSPHATE,0.9863167731654213,Same FLOW_RATE_GROUND_PHOSPHATE family; retained more interpretable representative. Transition semantics should be reviewed.,15,D_full,FLOW_RATE_GROUND_PHOSPHATE
FLOW_RATE_SLURRY_T_PER_HR_lag_1,FLOW_RATE_SLURRY_T_PER_HR,0.9921615060208036,Same FLOW_RATE_SLURRY_T_PER_HR family; retained more interpretable representative. Transition semantics should be reviewed.,15,D_full,FLOW_RATE_SLURRY_T_PER_HR
FLOW_RATE_SLURRY_T_PER_HR_lag_5,FLOW_RATE_SLURRY_T_PER_HR,0.984690839557774,Same FLOW_RATE_SLURRY_T_PER_HR family; retained more interpretable representative. Transition semantics should be reviewed.,15,D_full,FLOW_RATE_SLURRY_T_PER_HR
FLOW_RATE_SLURRY_T_PER_HR_roll_mean_10,FLOW_RATE_SLURRY_T_PER_HR,0.9826621527051331,Same FLOW_RATE_SLURRY_T_PER_HR family; retained more interpretable representative. Transition semantics should be reviewed.,15,D_full,FLOW_RATE_SLURRY_T_PER_HR
FLOW_RATE_SLURRY_M3_HR_lag_1,FLOW_RATE_SLURRY_M3_HR,0.9880478141965896,Same FLOW_RATE_SLURRY_M3_HR family; retained more interpretable representative. Transition semantics should be reviewed.,15,D_full,FLOW_RATE_SLURRY_M3_HR
FLOW_RATE_SLURRY_M3_HR_lag_5,FLOW_RATE_SLURRY_M3_HR,0.980779957240133,Same FLOW_RATE_SLURRY_M3_HR family; retained more interpretable representative. Transition semantics should be reviewed.,15,D_full,FLOW_RATE_SLURRY_M3_HR
RECYCLAGE_lag_1,RECYCLAGE,0.9942104453308841,Same RECYCLAGE family; retained more interpretable representative. Transition semantics should be reviewed.,15,D_full,RECYCLAGE
RECYCLAGE_lag_5,RECYCLAGE,0.9883985132694972,Same RECYCLAGE family; retained more interpretable representative. Transition semantics should be reviewed.,15,D_full,RECYCLAGE
RECYCLAGE_roll_mean_10,RECYCLAGE,0.9873526915163803,Same RECYCLAGE family; retained more interpretable representative. Transition semantics should be reviewed.,15,D_full,RECYCLAGE
PRESSURE_VAPEUR_lag_1,PRESSURE_VAPEUR,0.9863815265437361,Same PRESSURE_VAPEUR family; retained more interpretable representative. Transition semantics should be reviewed.,15,D_full,PRESSURE_VAPEUR
TEMPERATURE_CUVE_ATTAQUE_lag_10,TEMPERATURE_CUVE_ATTAQUE,0.9810442315093914,Same TEMPERATURE_CUVE_ATTAQUE family; retained more interpretable representative. Transition semantics should be reviewed.,15,D_full,TEMPERATURE_CUVE_ATTAQUE
TEMPERATURE_CUVE_ATTAQUE_lag_5,TEMPERATURE_CUVE_ATTAQUE,0.9899295966721293,Same TEMPERATURE_CUVE_ATTAQUE family; retained more interpretable representative. Transition semantics should be reviewed.,15,D_full,TEMPERATURE_CUVE_ATTAQUE
TEMPERATURE_CUVE_DE_PASSAGE_lag_1,TEMPERATURE_CUVE_DE_PASSAGE,0.9982864842313421,Same TEMPERATURE_CUVE_DE_PASSAGE family; retained more interpretable representative. Transition semantics should be reviewed.,15,D_full,TEMPERATURE_CUVE_DE_PASSAGE
TEMPERATURE_CUVE_DE_PASSAGE_lag_10,TEMPERATURE_CUVE_DE_PASSAGE,0.988718014319292,Same TEMPERATURE_CUVE_DE_PASSAGE family; retained more interpretable representative. Transition semantics should be reviewed.,15,D_full,TEMPERATURE_CUVE_DE_PASSAGE
TEMPERATURE_CUVE_DE_PASSAGE_lag_5,TEMPERATURE_CUVE_DE_PASSAGE,0.9954071143601771,Same TEMPERATURE_CUVE_DE_PASSAGE family; retained more interpretable representative. Transition semantics should be reviewed.,15,D_full,TEMPERATURE_CUVE_DE_PASSAGE
TEMPERATURE_CUVE_DE_PASSAGE_roll_mean_10,TEMPERATURE_CUVE_DE_PASSAGE,0.991689540763537,Same TEMPERATURE_CUVE_DE_PASSAGE family; retained more interpretable representative. Transition semantics should be reviewed.,15,D_full,TEMPERATURE_CUVE_DE_PASSAGE
TEMPERATURE_SLURRY_PULVERISATEUR_lag_1,TEMPERATURE_SLURRY_PULVERISATEUR,0.9980877031705949,Same TEMPERATURE_SLURRY_PULVERISATEUR family; retained more interpretable representative. Transition semantics should be reviewed.,15,D_full,TEMPERATURE_SLURRY_PULVERISATEUR
TEMPERATURE_SLURRY_PULVERISATEUR_lag_10,TEMPERATURE_SLURRY_PULVERISATEUR,0.9873622259221154,Same TEMPERATURE_SLURRY_PULVERISATEUR family; retained more interpretable representative. Transition semantics should be reviewed.,15,D_full,TEMPERATURE_SLURRY_PULVERISATEUR
TEMPERATURE_SLURRY_PULVERISATEUR_lag_5,TEMPERATURE_SLURRY_PULVERISATEUR,0.9946318399203311,Same TEMPERATURE_SLURRY_PULVERISATEUR family; retained more interpretable representative. Transition semantics should be reviewed.,15,D_full,TEMPERATURE_SLURRY_PULVERISATEUR
TEMPERATURE_SLURRY_PULVERISATEUR_roll_mean_10,TEMPERATURE_SLURRY_PULVERISATEUR,0.9915141401076005,Same TEMPERATURE_SLURRY_PULVERISATEUR family; retained more interpretable representative. Transition semantics should be reviewed.,15,D_full,TEMPERATURE_SLURRY_PULVERISATEUR
LEVEL_CUVE_PASSAGE_lag_1,LEVEL_CUVE_PASSAGE,0.988716956311123,Same LEVEL_CUVE_PASSAGE family; retained more interpretable representative. Transition semantics should be reviewed.,15,D_full,LEVEL_CUVE_PASSAGE
TEMPERATURE_GAZ_SORTIE_SECHEUR_lag_1,TEMPERATURE_GAZ_SORTIE_SECHEUR,0.9910763320872576,Same TEMPERATURE_GAZ_SORTIE_SECHEUR family; retained more interpretable representative. Transition semantics should be reviewed.,15,D_full,TEMPERATURE_GAZ_SORTIE_SECHEUR
FLOW_RATE_FIOUL_lag_1,FLOW_RATE_FIOUL,0.9928268375687497,Same FLOW_RATE_FIOUL family; retained more interpretable representative. Transition semantics should be reviewed.,15,D_full,FLOW_RATE_FIOUL
FLOW_RATE_FIOUL_lag_5,FLOW_RATE_FIOUL,0.9857054277458549,Same FLOW_RATE_FIOUL family; retained more interpretable representative. Transition semantics should be reviewed.,15,D_full,FLOW_RATE_FIOUL
TEMPERATURE_AIR_CHAUD_lag_1,TEMPERATURE_AIR_CHAUD,0.9959288249607892,Same TEMPERATURE_AIR_CHAUD family; retained more interpretable representative. Transition semantics should be reviewed.,15,D_full,TEMPERATURE_AIR_CHAUD
TEMPERATURE_AIR_CHAUD_lag_5,TEMPERATURE_AIR_CHAUD,0.9894838827491487,Same TEMPERATURE_AIR_CHAUD family; retained more interpretable representative. Transition semantics should be reviewed.,15,D_full,TEMPERATURE_AIR_CHAUD
TEMPERATURE_AIR_CHAUD_roll_mean_10,TEMPERATURE_AIR_CHAUD,0.9831900905973381,Same TEMPERATURE_AIR_CHAUD family; retained more interpretable representative. Transition semantics should be reviewed.,15,D_full,TEMPERATURE_AIR_CHAUD
FLOW_RATE_LIQUIDE_LAVAGE_lag_1,FLOW_RATE_LIQUIDE_LAVAGE,0.986394735664578,Same FLOW_RATE_LIQUIDE_LAVAGE family; retained more interpretable representative. Transition semantics should be reviewed.,15,D_full,FLOW_RATE_LIQUIDE_LAVAGE
FLOW_RATE_LIQUIDE_LAVAGE_roll_mean_10,FLOW_RATE_LIQUIDE_LAVAGE_lag_5,0.9809093853974437,Same FLOW_RATE_LIQUIDE_LAVAGE family; retained more interpretable representative. Transition semantics should be reviewed.,15,D_full,FLOW_RATE_LIQUIDE_LAVAGE
FLOW_RATE_VAPEUR_lag_1,FLOW_RATE_VAPEUR,0.9929556916223206,Same FLOW_RATE_VAPEUR family; retained more interpretable representative. Transition semantics should be reviewed.,15,D_full,FLOW_RATE_VAPEUR
FLOW_RATE_VAPEUR_lag_5,FLOW_RATE_VAPEUR,0.9828077708175892,Same FLOW_RATE_VAPEUR family; retained more interpretable representative. Transition semantics should be reviewed.,15,D_full,FLOW_RATE_VAPEUR
FLOW_RATE_VAPEUR_roll_mean_10,FLOW_RATE_VAPEUR,0.9829270228593333,Same FLOW_RATE_VAPEUR family; retained more interpretable representative. Transition semantics should be reviewed.,15,D_full,FLOW_RATE_VAPEUR
FLOW_RATE_SLURRY_M3_HR_2_lag_1,FLOW_RATE_SLURRY_M3_HR_2,0.99103252616129,Same FLOW_RATE_SLURRY_M3_HR_2 family; retained more interpretable representative. Transition semantics should be reviewed.,15,D_full,FLOW_RATE_SLURRY_M3_HR_2
FLOW_RATE_SLURRY_M3_HR_2_lag_10,FLOW_RATE_SLURRY_M3_HR_2,0.9867480334778277,Same FLOW_RATE_SLURRY_M3_HR_2 family; retained more interpretable representative. Transition semantics should be reviewed.,15,D_full,FLOW_RATE_SLURRY_M3_HR_2
FLOW_RATE_SLURRY_M3_HR_2_lag_5,FLOW_RATE_SLURRY_M3_HR_2,0.9894186961513161,Same FLOW_RATE_SLURRY_M3_HR_2 family; retained more interpretable representative. Transition semantics should be reviewed.,15,D_full,FLOW_RATE_SLURRY_M3_HR_2
TEMPERATURE_BRIQUE_lag_1,TEMPERATURE_BRIQUE,0.9944989252656565,Same TEMPERATURE_BRIQUE family; retained more interpretable representative. Transition semantics should be reviewed.,15,D_full,TEMPERATURE_BRIQUE
TEMPERATURE_BRIQUE_lag_10,TEMPERATURE_BRIQUE,0.984479084693207,Same TEMPERATURE_BRIQUE family; retained more interpretable representative. Transition semantics should be reviewed.,15,D_full,TEMPERATURE_BRIQUE
TEMPERATURE_BRIQUE_lag_5,TEMPERATURE_BRIQUE,0.991750874561689,Same TEMPERATURE_BRIQUE family; retained more interpretable representative. Transition semantics should be reviewed.,15,D_full,TEMPERATURE_BRIQUE
