feature_set,feature
A_raw,PRODUCTION_TSP_BALANCE
A_raw,FLOW_RATE_PHOSPHORIC_ACID_1
A_raw,FLOW_RATE_PHOSPHORIC_ACID_2
A_raw,FLOW_RATE_GROUND_PHOSPHATE
A_raw,FLOW_RATE_SLURRY_T_PER_HR
A_raw,FLOW_RATE_SLURRY_M3_HR
A_raw,RECYCLAGE
A_raw,PRESSURE_VAPEUR
A_raw,TEMPERATURE_VAPEUR
A_raw,TEMPERATURE_CUVE_ATTAQUE
A_raw,TEMPERATURE_CUVE_DE_PASSAGE
A_raw,TEMPERATURE_SLURRY_PULVERISATEUR
A_raw,DEPRESSURE_SECHEUR
A_raw,LEVEL_CUVE_PASSAGE
A_raw,TEMPERATURE_GAZ_SORTIE_SECHEUR
A_raw,FLOW_RATE_FIOUL
A_raw,TEMPERATURE_AIR_CHAUD
A_raw,FLOW_RATE_LIQUIDE_LAVAGE
A_raw,FLOW_RATE_VAPEUR
A_raw,FLOW_RATE_SLURRY_M3_HR_2
A_raw,TEMPERATURE_BRIQUE
B_temporal,PRODUCTION_TSP_BALANCE
B_temporal,PRODUCTION_TSP_BALANCE_lag_1
B_temporal,PRODUCTION_TSP_BALANCE_lag_5
B_temporal,PRODUCTION_TSP_BALANCE_lag_10
B_temporal,PRODUCTION_TSP_BALANCE_roll_mean_10
B_temporal,PRODUCTION_TSP_BALANCE_roll_mean_30
B_temporal,PRODUCTION_TSP_BALANCE_roll_std_10
B_temporal,PRODUCTION_TSP_BALANCE_diff_5
B_temporal,PRODUCTION_TSP_BALANCE_slope_10
B_temporal,FLOW_RATE_PHOSPHORIC_ACID_1
B_temporal,FLOW_RATE_PHOSPHORIC_ACID_1_lag_1
B_temporal,FLOW_RATE_PHOSPHORIC_ACID_1_lag_5
B_temporal,FLOW_RATE_PHOSPHORIC_ACID_1_lag_10
B_temporal,FLOW_RATE_PHOSPHORIC_ACID_1_roll_mean_10
B_temporal,FLOW_RATE_PHOSPHORIC_ACID_1_roll_mean_30
B_temporal,FLOW_RATE_PHOSPHORIC_ACID_1_roll_std_10
B_temporal,FLOW_RATE_PHOSPHORIC_ACID_1_diff_5
B_temporal,FLOW_RATE_PHOSPHORIC_ACID_1_slope_10
B_temporal,FLOW_RATE_PHOSPHORIC_ACID_2
B_temporal,FLOW_RATE_PHOSPHORIC_ACID_2_lag_1
B_temporal,FLOW_RATE_PHOSPHORIC_ACID_2_lag_5
B_temporal,FLOW_RATE_PHOSPHORIC_ACID_2_lag_10
B_temporal,FLOW_RATE_PHOSPHORIC_ACID_2_roll_mean_10
B_temporal,FLOW_RATE_PHOSPHORIC_ACID_2_roll_mean_30
B_temporal,FLOW_RATE_PHOSPHORIC_ACID_2_roll_std_10
B_temporal,FLOW_RATE_PHOSPHORIC_ACID_2_diff_5
B_temporal,FLOW_RATE_PHOSPHORIC_ACID_2_slope_10
B_temporal,FLOW_RATE_GROUND_PHOSPHATE
B_temporal,FLOW_RATE_GROUND_PHOSPHATE_lag_1
B_temporal,FLOW_RATE_GROUND_PHOSPHATE_lag_5
B_temporal,FLOW_RATE_GROUND_PHOSPHATE_lag_10
B_temporal,FLOW_RATE_GROUND_PHOSPHATE_roll_mean_10
B_temporal,FLOW_RATE_GROUND_PHOSPHATE_roll_mean_30
B_temporal,FLOW_RATE_GROUND_PHOSPHATE_roll_std_10
B_temporal,FLOW_RATE_GROUND_PHOSPHATE_diff_5
B_temporal,FLOW_RATE_GROUND_PHOSPHATE_slope_10
B_temporal,FLOW_RATE_SLURRY_T_PER_HR
B_temporal,FLOW_RATE_SLURRY_T_PER_HR_lag_1
B_temporal,FLOW_RATE_SLURRY_T_PER_HR_lag_5
B_temporal,FLOW_RATE_SLURRY_T_PER_HR_lag_10
B_temporal,FLOW_RATE_SLURRY_T_PER_HR_roll_mean_10
B_temporal,FLOW_RATE_SLURRY_T_PER_HR_roll_mean_30
B_temporal,FLOW_RATE_SLURRY_T_PER_HR_roll_std_10
B_temporal,FLOW_RATE_SLURRY_T_PER_HR_diff_5
B_temporal,FLOW_RATE_SLURRY_T_PER_HR_slope_10
B_temporal,FLOW_RATE_SLURRY_M3_HR
B_temporal,FLOW_RATE_SLURRY_M3_HR_lag_1
B_temporal,FLOW_RATE_SLURRY_M3_HR_lag_5
B_temporal,FLOW_RATE_SLURRY_M3_HR_lag_10
B_temporal,FLOW_RATE_SLURRY_M3_HR_roll_mean_10
B_temporal,FLOW_RATE_SLURRY_M3_HR_roll_mean_30
B_temporal,FLOW_RATE_SLURRY_M3_HR_roll_std_10
B_temporal,FLOW_RATE_SLURRY_M3_HR_diff_5
B_temporal,FLOW_RATE_SLURRY_M3_HR_slope_10
B_temporal,RECYCLAGE
B_temporal,RECYCLAGE_lag_1
B_temporal,RECYCLAGE_lag_5
B_temporal,RECYCLAGE_lag_10
B_temporal,RECYCLAGE_roll_mean_10
B_temporal,RECYCLAGE_roll_mean_30
B_temporal,RECYCLAGE_roll_std_10
B_temporal,RECYCLAGE_diff_5
B_temporal,RECYCLAGE_slope_10
B_temporal,PRESSURE_VAPEUR
B_temporal,PRESSURE_VAPEUR_lag_1
B_temporal,PRESSURE_VAPEUR_lag_5
B_temporal,PRESSURE_VAPEUR_lag_10
B_temporal,PRESSURE_VAPEUR_roll_mean_10
B_temporal,PRESSURE_VAPEUR_roll_mean_30
B_temporal,PRESSURE_VAPEUR_roll_std_10
B_temporal,PRESSURE_VAPEUR_diff_5
B_temporal,PRESSURE_VAPEUR_slope_10
B_temporal,TEMPERATURE_VAPEUR
B_temporal,TEMPERATURE_VAPEUR_lag_1
B_temporal,TEMPERATURE_VAPEUR_lag_5
B_temporal,TEMPERATURE_VAPEUR_lag_10
B_temporal,TEMPERATURE_VAPEUR_roll_mean_10
B_temporal,TEMPERATURE_VAPEUR_roll_mean_30
B_temporal,TEMPERATURE_VAPEUR_roll_std_10
B_temporal,TEMPERATURE_VAPEUR_diff_5
B_temporal,TEMPERATURE_VAPEUR_slope_10
B_temporal,TEMPERATURE_CUVE_ATTAQUE
B_temporal,TEMPERATURE_CUVE_ATTAQUE_lag_5
B_temporal,TEMPERATURE_CUVE_ATTAQUE_lag_10
B_temporal,TEMPERATURE_CUVE_ATTAQUE_lag_15
B_temporal,TEMPERATURE_CUVE_ATTAQUE_roll_mean_10
B_temporal,TEMPERATURE_CUVE_ATTAQUE_roll_mean_30
B_temporal,TEMPERATURE_CUVE_ATTAQUE_roll_std_10
B_temporal,TEMPERATURE_CUVE_ATTAQUE_diff_5
B_temporal,TEMPERATURE_CUVE_ATTAQUE_slope_10
B_temporal,TEMPERATURE_CUVE_DE_PASSAGE
B_temporal,TEMPERATURE_CUVE_DE_PASSAGE_lag_1
B_temporal,TEMPERATURE_CUVE_DE_PASSAGE_lag_5
B_temporal,TEMPERATURE_CUVE_DE_PASSAGE_lag_10
B_temporal,TEMPERATURE_CUVE_DE_PASSAGE_roll_mean_10
B_temporal,TEMPERATURE_CUVE_DE_PASSAGE_roll_mean_30
B_temporal,TEMPERATURE_CUVE_DE_PASSAGE_roll_std_10
B_temporal,TEMPERATURE_CUVE_DE_PASSAGE_diff_5
B_temporal,TEMPERATURE_CUVE_DE_PASSAGE_slope_10
B_temporal,TEMPERATURE_SLURRY_PULVERISATEUR
B_temporal,TEMPERATURE_SLURRY_PULVERISATEUR_lag_1
B_temporal,TEMPERATURE_SLURRY_PULVERISATEUR_lag_5
B_temporal,TEMPERATURE_SLURRY_PULVERISATEUR_lag_10
B_temporal,TEMPERATURE_SLURRY_PULVERISATEUR_roll_mean_10
B_temporal,TEMPERATURE_SLURRY_PULVERISATEUR_roll_mean_30
B_temporal,TEMPERATURE_SLURRY_PULVERISATEUR_roll_std_10
B_temporal,TEMPERATURE_SLURRY_PULVERISATEUR_diff_5
B_temporal,TEMPERATURE_SLURRY_PULVERISATEUR_slope_10
B_temporal,DEPRESSURE_SECHEUR
B_temporal,DEPRESSURE_SECHEUR_lag_1
B_temporal,DEPRESSURE_SECHEUR_lag_5
B_temporal,DEPRESSURE_SECHEUR_lag_10
B_temporal,DEPRESSURE_SECHEUR_roll_mean_10
B_temporal,DEPRESSURE_SECHEUR_roll_mean_30
B_temporal,DEPRESSURE_SECHEUR_roll_std_10
B_temporal,DEPRESSURE_SECHEUR_diff_5
B_temporal,DEPRESSURE_SECHEUR_slope_10
B_temporal,LEVEL_CUVE_PASSAGE
B_temporal,LEVEL_CUVE_PASSAGE_lag_1
B_temporal,LEVEL_CUVE_PASSAGE_lag_5
B_temporal,LEVEL_CUVE_PASSAGE_lag_10
B_temporal,LEVEL_CUVE_PASSAGE_roll_mean_10
B_temporal,LEVEL_CUVE_PASSAGE_roll_mean_30
B_temporal,LEVEL_CUVE_PASSAGE_roll_std_10
B_temporal,LEVEL_CUVE_PASSAGE_diff_5
B_temporal,LEVEL_CUVE_PASSAGE_slope_10
B_temporal,TEMPERATURE_GAZ_SORTIE_SECHEUR
B_temporal,TEMPERATURE_GAZ_SORTIE_SECHEUR_lag_1
B_temporal,TEMPERATURE_GAZ_SORTIE_SECHEUR_lag_5
B_temporal,TEMPERATURE_GAZ_SORTIE_SECHEUR_lag_10
B_temporal,TEMPERATURE_GAZ_SORTIE_SECHEUR_roll_mean_10
B_temporal,TEMPERATURE_GAZ_SORTIE_SECHEUR_roll_mean_30
B_temporal,TEMPERATURE_GAZ_SORTIE_SECHEUR_roll_std_10
B_temporal,TEMPERATURE_GAZ_SORTIE_SECHEUR_diff_5
B_temporal,TEMPERATURE_GAZ_SORTIE_SECHEUR_slope_10
B_temporal,FLOW_RATE_FIOUL
B_temporal,FLOW_RATE_FIOUL_lag_1
B_temporal,FLOW_RATE_FIOUL_lag_5
B_temporal,FLOW_RATE_FIOUL_lag_10
B_temporal,FLOW_RATE_FIOUL_roll_mean_10
B_temporal,FLOW_RATE_FIOUL_roll_mean_30
B_temporal,FLOW_RATE_FIOUL_roll_std_10
B_temporal,FLOW_RATE_FIOUL_diff_5
B_temporal,FLOW_RATE_FIOUL_slope_10
B_temporal,TEMPERATURE_AIR_CHAUD
B_temporal,TEMPERATURE_AIR_CHAUD_lag_1
B_temporal,TEMPERATURE_AIR_CHAUD_lag_5
B_temporal,TEMPERATURE_AIR_CHAUD_lag_10
B_temporal,TEMPERATURE_AIR_CHAUD_roll_mean_10
B_temporal,TEMPERATURE_AIR_CHAUD_roll_mean_30
B_temporal,TEMPERATURE_AIR_CHAUD_roll_std_10
B_temporal,TEMPERATURE_AIR_CHAUD_diff_5
B_temporal,TEMPERATURE_AIR_CHAUD_slope_10
B_temporal,FLOW_RATE_LIQUIDE_LAVAGE
B_temporal,FLOW_RATE_LIQUIDE_LAVAGE_lag_1
B_temporal,FLOW_RATE_LIQUIDE_LAVAGE_lag_5
B_temporal,FLOW_RATE_LIQUIDE_LAVAGE_lag_10
B_temporal,FLOW_RATE_LIQUIDE_LAVAGE_roll_mean_10
B_temporal,FLOW_RATE_LIQUIDE_LAVAGE_roll_mean_30
B_temporal,FLOW_RATE_LIQUIDE_LAVAGE_roll_std_10
B_temporal,FLOW_RATE_LIQUIDE_LAVAGE_diff_5
B_temporal,FLOW_RATE_LIQUIDE_LAVAGE_slope_10
B_temporal,FLOW_RATE_VAPEUR
B_temporal,FLOW_RATE_VAPEUR_lag_1
B_temporal,FLOW_RATE_VAPEUR_lag_5
B_temporal,FLOW_RATE_VAPEUR_lag_10
B_temporal,FLOW_RATE_VAPEUR_roll_mean_10
B_temporal,FLOW_RATE_VAPEUR_roll_mean_30
B_temporal,FLOW_RATE_VAPEUR_roll_std_10
B_temporal,FLOW_RATE_VAPEUR_diff_5
B_temporal,FLOW_RATE_VAPEUR_slope_10
B_temporal,FLOW_RATE_SLURRY_M3_HR_2
B_temporal,FLOW_RATE_SLURRY_M3_HR_2_lag_1
B_temporal,FLOW_RATE_SLURRY_M3_HR_2_lag_5
B_temporal,FLOW_RATE_SLURRY_M3_HR_2_lag_10
B_temporal,FLOW_RATE_SLURRY_M3_HR_2_roll_mean_10
B_temporal,FLOW_RATE_SLURRY_M3_HR_2_roll_mean_30
B_temporal,FLOW_RATE_SLURRY_M3_HR_2_roll_std_10
B_temporal,FLOW_RATE_SLURRY_M3_HR_2_diff_5
B_temporal,FLOW_RATE_SLURRY_M3_HR_2_slope_10
B_temporal,TEMPERATURE_BRIQUE
B_temporal,TEMPERATURE_BRIQUE_lag_1
B_temporal,TEMPERATURE_BRIQUE_lag_5
B_temporal,TEMPERATURE_BRIQUE_lag_10
B_temporal,TEMPERATURE_BRIQUE_roll_mean_10
B_temporal,TEMPERATURE_BRIQUE_roll_mean_30
B_temporal,TEMPERATURE_BRIQUE_roll_std_10
B_temporal,TEMPERATURE_BRIQUE_diff_5
B_temporal,TEMPERATURE_BRIQUE_slope_10
B_temporal,PRODUCTION_TSP_BALANCE_missing
B_temporal,FLOW_RATE_PHOSPHORIC_ACID_1_missing
B_temporal,FLOW_RATE_PHOSPHORIC_ACID_2_missing
B_temporal,FLOW_RATE_GROUND_PHOSPHATE_missing
B_temporal,FLOW_RATE_SLURRY_T_PER_HR_missing
B_temporal,FLOW_RATE_SLURRY_M3_HR_missing
B_temporal,RECYCLAGE_missing
B_temporal,PRESSURE_VAPEUR_missing
B_temporal,TEMPERATURE_VAPEUR_missing
B_temporal,TEMPERATURE_CUVE_ATTAQUE_missing
B_temporal,TEMPERATURE_CUVE_DE_PASSAGE_missing
B_temporal,TEMPERATURE_SLURRY_PULVERISATEUR_missing
B_temporal,DEPRESSURE_SECHEUR_missing
B_temporal,LEVEL_CUVE_PASSAGE_missing
B_temporal,TEMPERATURE_GAZ_SORTIE_SECHEUR_missing
B_temporal,FLOW_RATE_FIOUL_missing
B_temporal,TEMPERATURE_AIR_CHAUD_missing
B_temporal,FLOW_RATE_LIQUIDE_LAVAGE_missing
B_temporal,FLOW_RATE_VAPEUR_missing
B_temporal,FLOW_RATE_SLURRY_M3_HR_2_missing
B_temporal,TEMPERATURE_BRIQUE_missing
C_process,PRODUCTION_TSP_BALANCE
C_process,FLOW_RATE_PHOSPHORIC_ACID_1
C_process,FLOW_RATE_PHOSPHORIC_ACID_2
C_process,FLOW_RATE_GROUND_PHOSPHATE
C_process,FLOW_RATE_SLURRY_T_PER_HR
C_process,FLOW_RATE_SLURRY_M3_HR
C_process,RECYCLAGE
C_process,PRESSURE_VAPEUR
C_process,TEMPERATURE_VAPEUR
C_process,TEMPERATURE_CUVE_ATTAQUE
C_process,TEMPERATURE_CUVE_DE_PASSAGE
C_process,TEMPERATURE_SLURRY_PULVERISATEUR
C_process,DEPRESSURE_SECHEUR
C_process,LEVEL_CUVE_PASSAGE
C_process,TEMPERATURE_GAZ_SORTIE_SECHEUR
C_process,FLOW_RATE_FIOUL
C_process,TEMPERATURE_AIR_CHAUD
C_process,FLOW_RATE_LIQUIDE_LAVAGE
C_process,FLOW_RATE_VAPEUR
C_process,FLOW_RATE_SLURRY_M3_HR_2
C_process,TEMPERATURE_BRIQUE
C_process,TOTAL_ACID_FLOW
C_process,ACID_FLOW_IMBALANCE
C_process,ACID_TO_PHOSPHATE_RATIO
C_process,TOTAL_SLURRY_M3_FLOW
C_process,SLURRY_DENSITY_PROXY
C_process,ATTACK_PASSAGE_TEMP_GRADIENT
C_process,HOT_AIR_DRYER_OUTLET_GRADIENT
C_process,STEAM_SLURRY_TEMP_GRADIENT
C_process,STEAM_ENERGY_PROXY
C_process,DRYING_INTENSITY_PROXY
C_process,RECYCLE_TO_PRODUCTION_RATIO
C_process,FLOW_RATE_PHOSPHORIC_ACID_1_CV_10
C_process,FLOW_RATE_PHOSPHORIC_ACID_2_CV_10
C_process,FLOW_RATE_GROUND_PHOSPHATE_CV_10
C_process,FLOW_RATE_FIOUL_CV_10
C_process,FLOW_RATE_VAPEUR_CV_10
C_process,PRODUCTION_TSP_BALANCE_missing
C_process,FLOW_RATE_PHOSPHORIC_ACID_1_missing
C_process,FLOW_RATE_PHOSPHORIC_ACID_2_missing
C_process,FLOW_RATE_GROUND_PHOSPHATE_missing
C_process,FLOW_RATE_SLURRY_T_PER_HR_missing
C_process,FLOW_RATE_SLURRY_M3_HR_missing
C_process,RECYCLAGE_missing
C_process,PRESSURE_VAPEUR_missing
C_process,TEMPERATURE_VAPEUR_missing
C_process,TEMPERATURE_CUVE_ATTAQUE_missing
C_process,TEMPERATURE_CUVE_DE_PASSAGE_missing
C_process,TEMPERATURE_SLURRY_PULVERISATEUR_missing
C_process,DEPRESSURE_SECHEUR_missing
C_process,LEVEL_CUVE_PASSAGE_missing
C_process,TEMPERATURE_GAZ_SORTIE_SECHEUR_missing
C_process,FLOW_RATE_FIOUL_missing
C_process,TEMPERATURE_AIR_CHAUD_missing
C_process,FLOW_RATE_LIQUIDE_LAVAGE_missing
C_process,FLOW_RATE_VAPEUR_missing
C_process,FLOW_RATE_SLURRY_M3_HR_2_missing
C_process,TEMPERATURE_BRIQUE_missing
D_full,PRODUCTION_TSP_BALANCE
D_full,PRODUCTION_TSP_BALANCE_lag_1
D_full,PRODUCTION_TSP_BALANCE_lag_5
D_full,PRODUCTION_TSP_BALANCE_lag_10
D_full,PRODUCTION_TSP_BALANCE_roll_mean_10
D_full,PRODUCTION_TSP_BALANCE_roll_mean_30
D_full,PRODUCTION_TSP_BALANCE_roll_std_10
D_full,PRODUCTION_TSP_BALANCE_diff_5
D_full,PRODUCTION_TSP_BALANCE_slope_10
D_full,FLOW_RATE_PHOSPHORIC_ACID_1
D_full,FLOW_RATE_PHOSPHORIC_ACID_1_lag_1
D_full,FLOW_RATE_PHOSPHORIC_ACID_1_lag_5
D_full,FLOW_RATE_PHOSPHORIC_ACID_1_lag_10
D_full,FLOW_RATE_PHOSPHORIC_ACID_1_roll_mean_10
D_full,FLOW_RATE_PHOSPHORIC_ACID_1_roll_mean_30
D_full,FLOW_RATE_PHOSPHORIC_ACID_1_roll_std_10
D_full,FLOW_RATE_PHOSPHORIC_ACID_1_diff_5
D_full,FLOW_RATE_PHOSPHORIC_ACID_1_slope_10
D_full,FLOW_RATE_PHOSPHORIC_ACID_2
D_full,FLOW_RATE_PHOSPHORIC_ACID_2_lag_1
D_full,FLOW_RATE_PHOSPHORIC_ACID_2_lag_5
D_full,FLOW_RATE_PHOSPHORIC_ACID_2_lag_10
D_full,FLOW_RATE_PHOSPHORIC_ACID_2_roll_mean_10
D_full,FLOW_RATE_PHOSPHORIC_ACID_2_roll_mean_30
D_full,FLOW_RATE_PHOSPHORIC_ACID_2_roll_std_10
D_full,FLOW_RATE_PHOSPHORIC_ACID_2_diff_5
D_full,FLOW_RATE_PHOSPHORIC_ACID_2_slope_10
D_full,FLOW_RATE_GROUND_PHOSPHATE
D_full,FLOW_RATE_GROUND_PHOSPHATE_lag_1
D_full,FLOW_RATE_GROUND_PHOSPHATE_lag_5
D_full,FLOW_RATE_GROUND_PHOSPHATE_lag_10
D_full,FLOW_RATE_GROUND_PHOSPHATE_roll_mean_10
D_full,FLOW_RATE_GROUND_PHOSPHATE_roll_mean_30
D_full,FLOW_RATE_GROUND_PHOSPHATE_roll_std_10
D_full,FLOW_RATE_GROUND_PHOSPHATE_diff_5
D_full,FLOW_RATE_GROUND_PHOSPHATE_slope_10
D_full,FLOW_RATE_SLURRY_T_PER_HR
D_full,FLOW_RATE_SLURRY_T_PER_HR_lag_1
D_full,FLOW_RATE_SLURRY_T_PER_HR_lag_5
D_full,FLOW_RATE_SLURRY_T_PER_HR_lag_10
D_full,FLOW_RATE_SLURRY_T_PER_HR_roll_mean_10
D_full,FLOW_RATE_SLURRY_T_PER_HR_roll_mean_30
D_full,FLOW_RATE_SLURRY_T_PER_HR_roll_std_10
D_full,FLOW_RATE_SLURRY_T_PER_HR_diff_5
D_full,FLOW_RATE_SLURRY_T_PER_HR_slope_10
D_full,FLOW_RATE_SLURRY_M3_HR
D_full,FLOW_RATE_SLURRY_M3_HR_lag_1
D_full,FLOW_RATE_SLURRY_M3_HR_lag_5
D_full,FLOW_RATE_SLURRY_M3_HR_lag_10
D_full,FLOW_RATE_SLURRY_M3_HR_roll_mean_10
D_full,FLOW_RATE_SLURRY_M3_HR_roll_mean_30
D_full,FLOW_RATE_SLURRY_M3_HR_roll_std_10
D_full,FLOW_RATE_SLURRY_M3_HR_diff_5
D_full,FLOW_RATE_SLURRY_M3_HR_slope_10
D_full,RECYCLAGE
D_full,RECYCLAGE_lag_1
D_full,RECYCLAGE_lag_5
D_full,RECYCLAGE_lag_10
D_full,RECYCLAGE_roll_mean_10
D_full,RECYCLAGE_roll_mean_30
D_full,RECYCLAGE_roll_std_10
D_full,RECYCLAGE_diff_5
D_full,RECYCLAGE_slope_10
D_full,PRESSURE_VAPEUR
D_full,PRESSURE_VAPEUR_lag_1
D_full,PRESSURE_VAPEUR_lag_5
D_full,PRESSURE_VAPEUR_lag_10
D_full,PRESSURE_VAPEUR_roll_mean_10
D_full,PRESSURE_VAPEUR_roll_mean_30
D_full,PRESSURE_VAPEUR_roll_std_10
D_full,PRESSURE_VAPEUR_diff_5
D_full,PRESSURE_VAPEUR_slope_10
D_full,TEMPERATURE_VAPEUR
D_full,TEMPERATURE_VAPEUR_lag_1
D_full,TEMPERATURE_VAPEUR_lag_5
D_full,TEMPERATURE_VAPEUR_lag_10
D_full,TEMPERATURE_VAPEUR_roll_mean_10
D_full,TEMPERATURE_VAPEUR_roll_mean_30
D_full,TEMPERATURE_VAPEUR_roll_std_10
D_full,TEMPERATURE_VAPEUR_diff_5
D_full,TEMPERATURE_VAPEUR_slope_10
D_full,TEMPERATURE_CUVE_ATTAQUE
D_full,TEMPERATURE_CUVE_ATTAQUE_lag_5
D_full,TEMPERATURE_CUVE_ATTAQUE_lag_10
D_full,TEMPERATURE_CUVE_ATTAQUE_lag_15
D_full,TEMPERATURE_CUVE_ATTAQUE_roll_mean_10
D_full,TEMPERATURE_CUVE_ATTAQUE_roll_mean_30
D_full,TEMPERATURE_CUVE_ATTAQUE_roll_std_10
D_full,TEMPERATURE_CUVE_ATTAQUE_diff_5
D_full,TEMPERATURE_CUVE_ATTAQUE_slope_10
D_full,TEMPERATURE_CUVE_DE_PASSAGE
D_full,TEMPERATURE_CUVE_DE_PASSAGE_lag_1
D_full,TEMPERATURE_CUVE_DE_PASSAGE_lag_5
D_full,TEMPERATURE_CUVE_DE_PASSAGE_lag_10
D_full,TEMPERATURE_CUVE_DE_PASSAGE_roll_mean_10
D_full,TEMPERATURE_CUVE_DE_PASSAGE_roll_mean_30
D_full,TEMPERATURE_CUVE_DE_PASSAGE_roll_std_10
D_full,TEMPERATURE_CUVE_DE_PASSAGE_diff_5
D_full,TEMPERATURE_CUVE_DE_PASSAGE_slope_10
D_full,TEMPERATURE_SLURRY_PULVERISATEUR
D_full,TEMPERATURE_SLURRY_PULVERISATEUR_lag_1
D_full,TEMPERATURE_SLURRY_PULVERISATEUR_lag_5
D_full,TEMPERATURE_SLURRY_PULVERISATEUR_lag_10
D_full,TEMPERATURE_SLURRY_PULVERISATEUR_roll_mean_10
D_full,TEMPERATURE_SLURRY_PULVERISATEUR_roll_mean_30
D_full,TEMPERATURE_SLURRY_PULVERISATEUR_roll_std_10
D_full,TEMPERATURE_SLURRY_PULVERISATEUR_diff_5
D_full,TEMPERATURE_SLURRY_PULVERISATEUR_slope_10
D_full,DEPRESSURE_SECHEUR
D_full,DEPRESSURE_SECHEUR_lag_1
D_full,DEPRESSURE_SECHEUR_lag_5
D_full,DEPRESSURE_SECHEUR_lag_10
D_full,DEPRESSURE_SECHEUR_roll_mean_10
D_full,DEPRESSURE_SECHEUR_roll_mean_30
D_full,DEPRESSURE_SECHEUR_roll_std_10
D_full,DEPRESSURE_SECHEUR_diff_5
D_full,DEPRESSURE_SECHEUR_slope_10
D_full,LEVEL_CUVE_PASSAGE
D_full,LEVEL_CUVE_PASSAGE_lag_1
D_full,LEVEL_CUVE_PASSAGE_lag_5
D_full,LEVEL_CUVE_PASSAGE_lag_10
D_full,LEVEL_CUVE_PASSAGE_roll_mean_10
D_full,LEVEL_CUVE_PASSAGE_roll_mean_30
D_full,LEVEL_CUVE_PASSAGE_roll_std_10
D_full,LEVEL_CUVE_PASSAGE_diff_5
D_full,LEVEL_CUVE_PASSAGE_slope_10
D_full,TEMPERATURE_GAZ_SORTIE_SECHEUR
D_full,TEMPERATURE_GAZ_SORTIE_SECHEUR_lag_1
D_full,TEMPERATURE_GAZ_SORTIE_SECHEUR_lag_5
D_full,TEMPERATURE_GAZ_SORTIE_SECHEUR_lag_10
D_full,TEMPERATURE_GAZ_SORTIE_SECHEUR_roll_mean_10
D_full,TEMPERATURE_GAZ_SORTIE_SECHEUR_roll_mean_30
D_full,TEMPERATURE_GAZ_SORTIE_SECHEUR_roll_std_10
D_full,TEMPERATURE_GAZ_SORTIE_SECHEUR_diff_5
D_full,TEMPERATURE_GAZ_SORTIE_SECHEUR_slope_10
D_full,FLOW_RATE_FIOUL
D_full,FLOW_RATE_FIOUL_lag_1
D_full,FLOW_RATE_FIOUL_lag_5
D_full,FLOW_RATE_FIOUL_lag_10
D_full,FLOW_RATE_FIOUL_roll_mean_10
D_full,FLOW_RATE_FIOUL_roll_mean_30
D_full,FLOW_RATE_FIOUL_roll_std_10
D_full,FLOW_RATE_FIOUL_diff_5
D_full,FLOW_RATE_FIOUL_slope_10
D_full,TEMPERATURE_AIR_CHAUD
D_full,TEMPERATURE_AIR_CHAUD_lag_1
D_full,TEMPERATURE_AIR_CHAUD_lag_5
D_full,TEMPERATURE_AIR_CHAUD_lag_10
D_full,TEMPERATURE_AIR_CHAUD_roll_mean_10
D_full,TEMPERATURE_AIR_CHAUD_roll_mean_30
D_full,TEMPERATURE_AIR_CHAUD_roll_std_10
D_full,TEMPERATURE_AIR_CHAUD_diff_5
D_full,TEMPERATURE_AIR_CHAUD_slope_10
D_full,FLOW_RATE_LIQUIDE_LAVAGE
D_full,FLOW_RATE_LIQUIDE_LAVAGE_lag_1
D_full,FLOW_RATE_LIQUIDE_LAVAGE_lag_5
D_full,FLOW_RATE_LIQUIDE_LAVAGE_lag_10
D_full,FLOW_RATE_LIQUIDE_LAVAGE_roll_mean_10
D_full,FLOW_RATE_LIQUIDE_LAVAGE_roll_mean_30
D_full,FLOW_RATE_LIQUIDE_LAVAGE_roll_std_10
D_full,FLOW_RATE_LIQUIDE_LAVAGE_diff_5
D_full,FLOW_RATE_LIQUIDE_LAVAGE_slope_10
D_full,FLOW_RATE_VAPEUR
D_full,FLOW_RATE_VAPEUR_lag_1
D_full,FLOW_RATE_VAPEUR_lag_5
D_full,FLOW_RATE_VAPEUR_lag_10
D_full,FLOW_RATE_VAPEUR_roll_mean_10
D_full,FLOW_RATE_VAPEUR_roll_mean_30
D_full,FLOW_RATE_VAPEUR_roll_std_10
D_full,FLOW_RATE_VAPEUR_diff_5
D_full,FLOW_RATE_VAPEUR_slope_10
D_full,FLOW_RATE_SLURRY_M3_HR_2
D_full,FLOW_RATE_SLURRY_M3_HR_2_lag_1
D_full,FLOW_RATE_SLURRY_M3_HR_2_lag_5
D_full,FLOW_RATE_SLURRY_M3_HR_2_lag_10
D_full,FLOW_RATE_SLURRY_M3_HR_2_roll_mean_10
D_full,FLOW_RATE_SLURRY_M3_HR_2_roll_mean_30
D_full,FLOW_RATE_SLURRY_M3_HR_2_roll_std_10
D_full,FLOW_RATE_SLURRY_M3_HR_2_diff_5
D_full,FLOW_RATE_SLURRY_M3_HR_2_slope_10
D_full,TEMPERATURE_BRIQUE
D_full,TEMPERATURE_BRIQUE_lag_1
D_full,TEMPERATURE_BRIQUE_lag_5
D_full,TEMPERATURE_BRIQUE_lag_10
D_full,TEMPERATURE_BRIQUE_roll_mean_10
D_full,TEMPERATURE_BRIQUE_roll_mean_30
D_full,TEMPERATURE_BRIQUE_roll_std_10
D_full,TEMPERATURE_BRIQUE_diff_5
D_full,TEMPERATURE_BRIQUE_slope_10
D_full,TOTAL_ACID_FLOW
D_full,ACID_FLOW_IMBALANCE
D_full,ACID_TO_PHOSPHATE_RATIO
D_full,TOTAL_SLURRY_M3_FLOW
D_full,SLURRY_DENSITY_PROXY
D_full,ATTACK_PASSAGE_TEMP_GRADIENT
D_full,HOT_AIR_DRYER_OUTLET_GRADIENT
D_full,STEAM_SLURRY_TEMP_GRADIENT
D_full,STEAM_ENERGY_PROXY
D_full,DRYING_INTENSITY_PROXY
D_full,RECYCLE_TO_PRODUCTION_RATIO
D_full,FLOW_RATE_PHOSPHORIC_ACID_1_CV_10
D_full,FLOW_RATE_PHOSPHORIC_ACID_2_CV_10
D_full,FLOW_RATE_GROUND_PHOSPHATE_CV_10
D_full,FLOW_RATE_FIOUL_CV_10
D_full,FLOW_RATE_VAPEUR_CV_10
D_full,PRODUCTION_TSP_BALANCE_missing
D_full,FLOW_RATE_PHOSPHORIC_ACID_1_missing
D_full,FLOW_RATE_PHOSPHORIC_ACID_2_missing
D_full,FLOW_RATE_GROUND_PHOSPHATE_missing
D_full,FLOW_RATE_SLURRY_T_PER_HR_missing
D_full,FLOW_RATE_SLURRY_M3_HR_missing
D_full,RECYCLAGE_missing
D_full,PRESSURE_VAPEUR_missing
D_full,TEMPERATURE_VAPEUR_missing
D_full,TEMPERATURE_CUVE_ATTAQUE_missing
D_full,TEMPERATURE_CUVE_DE_PASSAGE_missing
D_full,TEMPERATURE_SLURRY_PULVERISATEUR_missing
D_full,DEPRESSURE_SECHEUR_missing
D_full,LEVEL_CUVE_PASSAGE_missing
D_full,TEMPERATURE_GAZ_SORTIE_SECHEUR_missing
D_full,FLOW_RATE_FIOUL_missing
D_full,TEMPERATURE_AIR_CHAUD_missing
D_full,FLOW_RATE_LIQUIDE_LAVAGE_missing
D_full,FLOW_RATE_VAPEUR_missing
D_full,FLOW_RATE_SLURRY_M3_HR_2_missing
D_full,TEMPERATURE_BRIQUE_missing
