horizon_min,feature_set,candidate_features,retained_features,removed_features,missingness_indicators,train_rows,validation_rows,test_rows,train_columns,validation_columns,test_columns
1,A_raw,21,21,0,0,31011,6645,6646,21,21,21
1,B_temporal,210,162,48,21,31011,6645,6646,162,162,162
1,C_process,58,58,0,21,31011,6645,6646,58,58,58
1,D_full,226,178,48,21,31011,6645,6646,178,178,178
5,A_raw,21,21,0,0,31008,6645,6645,21,21,21
5,B_temporal,210,162,48,21,31008,6645,6645,162,162,162
5,C_process,58,58,0,21,31008,6645,6645,58,58,58
5,D_full,226,178,48,21,31008,6645,6645,178,178,178
10,A_raw,21,21,0,0,31005,6644,6644,21,21,21
10,B_temporal,210,162,48,21,31005,6644,6644,162,162,162
10,C_process,58,58,0,21,31005,6644,6644,58,58,58
10,D_full,226,178,48,21,31005,6644,6644,178,178,178
15,A_raw,21,21,0,0,31001,6643,6644,21,21,21
15,B_temporal,210,162,48,21,31001,6643,6644,162,162,162
15,C_process,58,58,0,21,31001,6643,6644,58,58,58
15,D_full,226,178,48,21,31001,6643,6644,178,178,178
