variable,lag_min,abs_cross_correlation,mutual_information,period_1_corr,period_2_corr,period_3_corr,stability,abs_cross_correlation_norm,mutual_information_norm,data_score,process_prior,selection_score
PRODUCTION_TSP_BALANCE,1,0.3187341062752766,0.21133326424936882,0.30220901740048645,0.21567178688269023,0.4224276460773069,0.9218457034008135,0.9999878154494772,0.9999841604820943,0.9218327864672772,True,1.0718327864672772
PRODUCTION_TSP_BALANCE,5,0.31640648129036675,0.1936464327827343,0.29693672424164586,0.21408037051930748,0.42140200572352865,0.9214848730713193,0.9716267512228202,0.7198332767714634,0.7793274146007613,True,0.9293274146007613
PRODUCTION_TSP_BALANCE,10,0.3088713863731234,0.19184114948967323,0.28686143216211485,0.20499715802539342,0.4158055579793577,0.9201539785288188,0.8798150065099263,0.6912384597261845,0.7228055487193242,True,0.8728055487193243
PRODUCTION_TSP_BALANCE,15,0.29536562787452025,0.1857966767313579,0.2712635330330085,0.18598145225767285,0.40576630912546596,0.9170326621157354,0.7152534097355905,0.5954969252404099,0.6010004345260668,False,0.6010004345260668
PRODUCTION_TSP_BALANCE,30,0.27783683762471534,0.16650276052743163,0.25173562136672356,0.15872124123445805,0.39380206762483816,0.9118552765018729,0.5016729793340957,0.2898905940574892,0.3608957105418971,False,0.3608957105418971
PRODUCTION_TSP_BALANCE,60,0.23666396231862394,0.14820102964246562,0.21126483682822944,0.09050925101878196,0.3647896942190737,0.8990860493683254,0.0,0.0,0.0,False,0.0
FLOW_RATE_PHOSPHORIC_ACID_1,1,0.21743840466564848,0.1458154016786377,0.3020935236197838,0.11082041854687913,0.2899616009627218,0.9195843226662851,0.9999829153678101,0.9575370760908086,0.9000523477255931,True,1.050052347725593
FLOW_RATE_PHOSPHORIC_ACID_1,5,0.21488525071595052,0.14317780629986654,0.29942603438022325,0.10706495214568586,0.2874227369447712,0.9191284233318007,0.9563632192132699,0.874818450791133,0.8415455605926203,True,0.9915455605926203
FLOW_RATE_PHOSPHORIC_ACID_1,10,0.2074748528734467,0.1471683895074518,0.2908958059624205,0.09507788889417845,0.28056773634808624,0.9174531168341516,0.8297592976939597,0.9999686386221459,0.8393447990658657,True,0.9893447990658657
FLOW_RATE_PHOSPHORIC_ACID_1,15,0.19426852573080353,0.13420372586256146,0.2767903862636277,0.07660716328558886,0.26608624054184593,0.9157943679873238,0.604134055883649,0.5933789233043854,0.5483378209660615,False,0.5483378209660615
FLOW_RATE_PHOSPHORIC_ACID_1,30,0.18286902459238732,0.1315427186049538,0.2611321938412247,0.05271229118714293,0.26133725841462974,0.9104993239369553,0.40937777178653284,0.5099260692262463,0.41851276286739086,False,0.41851276286739086
FLOW_RATE_PHOSPHORIC_ACID_1,60,0.15890726953448225,0.1152830353856853,0.22293133632134024,0.016106381289568577,0.24392384837180212,0.9067794084573462,0.0,0.0,0.0,False,0.0
FLOW_RATE_PHOSPHORIC_ACID_2,1,0.30086641940283004,0.2098751966844974,0.26482891838834494,0.3922681808193953,0.4274562270596039,0.9346997709581419,0.9999851915283493,0.9999802679358467,0.9346836284426896,True,1.0846836284426895
FLOW_RATE_PHOSPHORIC_ACID_2,5,0.29918253533068095,0.20288960974874826,0.26013299408364626,0.39098470718376727,0.4275320049543996,0.9329539155249428,0.9750494419829437,0.8621402183715924,0.8570066435948521,True,1.0070066435948521
FLOW_RATE_PHOSPHORIC_ACID_2,10,0.28709954645203806,0.19116410715495924,0.2421095809105222,0.3735574489848575,0.41925192186243804,0.9301550925209764,0.7961188437184076,0.6307718489619366,0.6636148221337028,True,0.8136148221337028
FLOW_RATE_PHOSPHORIC_ACID_2,15,0.2731677608318622,0.1928767501595079,0.22273517680412086,0.3523139310452767,0.4091935767619568,0.9276213060554935,0.5898103913190617,0.6645658305992925,0.5817930546304296,False,0.5817930546304296
FLOW_RATE_PHOSPHORIC_ACID_2,30,0.25882826311802815,0.1732341773521151,0.20157467606252782,0.3254519273781095,0.40377510759248203,0.9231535956120198,0.3774643459391492,0.276977323829082,0.30207509028243834,False,0.30207509028243834
FLOW_RATE_PHOSPHORIC_ACID_2,60,0.23333850598144276,0.15919726151411506,0.17569349519034574,0.27051282492781437,0.388146080296797,0.9200478971567267,0.0,0.0,0.0,False,0.0
FLOW_RATE_GROUND_PHOSPHATE,1,0.2953518732490824,0.20933449622524236,0.2992962183548472,0.17794033872596113,0.40554264135839324,0.914924405069844,0.9999889552954936,0.9999770546556965,0.9149088559072511,True,1.064908855907251
FLOW_RATE_GROUND_PHOSPHATE,5,0.29353919274973217,0.20454800087257663,0.29542778495878136,0.17501195514681595,0.40549157173609507,0.9139727357965248,0.9799684348156668,0.890149270781905,0.8546182978232663,True,1.0046182978232663
FLOW_RATE_GROUND_PHOSPHATE,10,0.28830863502489995,0.19810158581379156,0.29153924006274556,0.16823474245961864,0.4008907250509825,0.9132100449943116,0.9221984703412561,0.7422340577351192,0.7599882519273112,True,0.9099882519273113
FLOW_RATE_GROUND_PHOSPHATE,15,0.2554407532394088,0.1992429177578181,0.24734560451210963,0.12516846462636855,0.3769237310336968,0.9067881125343357,0.5591824282694025,0.7684223121553373,0.6019280983806932,False,0.6019280983806932
FLOW_RATE_GROUND_PHOSPHATE,30,0.24140521533738338,0.1724681758636013,0.230674417324833,0.10316723190236886,0.3678957935689262,0.90244625137403,0.4041640595532326,0.15406664075645324,0.25188660144818775,False,0.25188660144818775
FLOW_RATE_GROUND_PHOSPHATE,60,0.2048117456506898,0.16575367035351096,0.19114198621797202,0.047173888986460515,0.3414571061567366,0.892737632223699,0.0,0.0,0.0,False,0.0
FLOW_RATE_SLURRY_T_PER_HR,1,0.3182386951401903,0.20187641957624525,0.30994345201151124,0.22883704969053606,0.4119756058521923,0.9302944215644919,0.999989892211978,0.9999838399777915,0.9302822031658299,True,1.08028220316583
FLOW_RATE_SLURRY_T_PER_HR,5,0.2982483456333458,0.1833081531638312,0.28531549497801245,0.20218245874675247,0.3970303566895693,0.9260707682445048,0.797931676910208,0.6999202423801547,0.6935584388068662,True,0.8435584388068662
FLOW_RATE_SLURRY_T_PER_HR,10,0.2878164249156246,0.1765009895056533,0.2727685116959147,0.1886120209556823,0.38921342352925453,0.9240026006461343,0.692488033632706,0.5899163264872225,0.5924724819153778,True,0.7424724819153778
FLOW_RATE_SLURRY_T_PER_HR,15,0.28011169090522825,0.17656455305804375,0.2612488631619874,0.1782116503031346,0.3846875668446915,0.9218037298968691,0.6146102154893814,0.5909435149055023,0.5556419626345442,False,0.5556419626345442
FLOW_RATE_SLURRY_T_PER_HR,30,0.25848828315972094,0.17083151144397846,0.24142946001660623,0.1433110070798154,0.3679079065376743,0.9158057333572037,0.3960453936835545,0.4982974351000509,0.40952214509346296,False,0.40952214509346296
FLOW_RATE_SLURRY_T_PER_HR,60,0.21930608099839788,0.13999631649984767,0.20158183131919705,0.08075831760487037,0.33989353365169883,0.9042639625756268,0.0,0.0,0.0,False,0.0
FLOW_RATE_SLURRY_M3_HR,1,0.3126012734199949,0.18522197692944786,0.30535835241331805,0.2134468056168408,0.4069922469253259,0.9267429882637088,0.9999897749627545,0.999981156002071,0.926729518501447,True,1.076729518501447
FLOW_RATE_SLURRY_M3_HR,5,0.292846849542461,0.18192000680204856,0.2808099641275024,0.1883875328047168,0.3918777581280959,0.9231984731613161,0.7980000550533579,0.9377588377599062,0.801224979810691,True,0.951224979810691
FLOW_RATE_SLURRY_M3_HR,10,0.28258472162148407,0.168262490388841,0.26832290461113056,0.17411835256049882,0.38507475396747914,0.9205675355749336,0.6930694148442091,0.6803966267548321,0.6321841245553443,True,0.7821841245553444
FLOW_RATE_SLURRY_M3_HR,15,0.27454087696372886,0.1694893156561097,0.2568929658505592,0.16336802287557148,0.3801049925144484,0.9184771236767028,0.6108208036223716,0.703514919550426,0.603593647282645,False,0.603593647282645
FLOW_RATE_SLURRY_M3_HR,30,0.2539828756771325,0.1526165590416575,0.23596958121542547,0.1302726403187077,0.36611408813617086,0.9120308419257104,0.40061447477574147,0.3855647288520234,0.3585098404945574,False,0.3585098404945574
FLOW_RATE_SLURRY_M3_HR,60,0.21480311865907523,0.13215568177422288,0.19483464765797456,0.06824373054357895,0.339138624187167,0.9003565054498289,0.0,0.0,0.0,False,0.0
RECYCLAGE,1,0.3546230384268912,0.20710967396746494,0.2946198674435118,0.3164815634771092,0.44595463723974604,0.9373950595029626,0.9999887268880402,0.9999807906543818,0.9373807724503951,True,1.087380772450395
RECYCLAGE,5,0.34991859977855233,0.20034587833469608,0.28810397328782783,0.31077126142542055,0.4425723995686658,0.9362366688231955,0.9469550632970617,0.8700527026541793,0.8505746490100331,True,1.0005746490100331
RECYCLAGE,10,0.3278356583250827,0.1942399362761229,0.2633299500263008,0.2805521163440333,0.42526406410077106,0.9322980633936714,0.6980115918892434,0.7527615513268185,0.6762764959219421,True,0.8262764959219421
RECYCLAGE,15,0.32735045371987814,0.18896014317859677,0.2631174606583795,0.2791783145059256,0.4251227722394435,0.9320706835060176,0.6925418260513366,0.6513401809242632,0.6262965103965931,False,0.6262965103965931
RECYCLAGE,30,0.3056604331462725,0.1707268235853343,0.24027560251120006,0.248852132578709,0.407454777303334,0.9286195269338783,0.44802779571358853,0.301090043091605,0.3478227265445041,False,0.3478227265445041
RECYCLAGE,60,0.26591738816373395,0.15505267991187388,0.20025987222705438,0.18700743554315008,0.37769516981310364,0.9200174180443048,0.0,0.0,0.0,False,0.0
PRESSURE_VAPEUR,1,0.3176153759507638,0.13606504541630926,0.28078084779521884,0.2645694544453357,0.39995179925190166,0.9430735316269698,0.9999889400257622,0.8745655286524545,0.8839213515017419,True,1.0339213515017418
PRESSURE_VAPEUR,5,0.3170295959530206,0.14231690537192776,0.27739553102714753,0.260641332469728,0.4031170664369225,0.9402175236909407,0.993510228341715,0.9999799396640516,0.9371571946323096,True,1.0871571946323095
PRESSURE_VAPEUR,10,0.31126317552151145,0.13858440279508333,0.2697823154320393,0.251536405228144,0.4001849335041809,0.9379161083215745,0.9297337669250072,0.9251046840445577,0.8698414307492959,False,0.8698414307492959
PRESSURE_VAPEUR,15,0.28815091132770054,0.13230430895631873,0.24485315123631646,0.21735017263204306,0.3829811296952243,0.9324255092745135,0.6741127203646602,0.799123891851924,0.6868416992139537,False,0.6868416992139537
PRESSURE_VAPEUR,30,0.2661625735317488,0.13468730533135176,0.2212619686405768,0.1788787595164006,0.3701908155096786,0.9241794503597276,0.4309222708097982,0.846927599698731,0.5904812954844109,False,0.5904812954844109
PRESSURE_VAPEUR,60,0.22720025214245068,0.09246829155808634,0.17796031178271846,0.1258151034730759,0.33885695283036615,0.9168654288863977,0.0,0.0,0.0,False,0.0
TEMPERATURE_VAPEUR,1,0.28708683567322857,0.11867392257092657,0.2954446852677209,0.2202926606747663,0.350480006648473,0.9493431934316497,0.999988901075536,0.8640821535617803,0.8848215838964465,True,1.0348215838964465
TEMPERATURE_VAPEUR,5,0.2863027872921309,0.12381239030377955,0.2899682270582155,0.21701568323341103,0.35408496824160285,0.9469723490093048,0.9912868073176111,0.9999735541006378,0.9428342509706782,True,1.092834250970678
TEMPERATURE_VAPEUR,10,0.27660333445087665,0.11854021759338806,0.2780388169105981,0.20508448265868542,0.34670340475557093,0.9453363746401456,0.8836333128903985,0.8605462051815739,0.8244181711678774,True,0.9744181711678774
TEMPERATURE_VAPEUR,15,0.26154074577331765,0.11162194246534618,0.26305255277647516,0.18555219688508334,0.333057038436288,0.9431786614455567,0.716454778925867,0.6775861973854805,0.6574148510187969,False,0.6574148510187969
TEMPERATURE_VAPEUR,30,0.2374607192029177,0.10677845040625478,0.24299072477335285,0.1467955771465442,0.3139880968292126,0.9358792039848204,0.44919238292988073,0.549495693829214,0.4673257011532164,False,0.4673257011532164
TEMPERATURE_VAPEUR,60,0.19698901544577843,0.08600034464763695,0.18233601138696334,0.09807634807974502,0.2873802598755836,0.9281275512031061,0.0,0.0,0.0,False,0.0
TEMPERATURE_CUVE_ATTAQUE,1,0.259301940848452,0.16195961661299663,0.35282820442683194,0.18340759513179386,0.2506188096916099,0.9348801203983477,0.8278600069877922,0.9202827828376587,0.8171519709127605,False,0.8171519709127605
TEMPERATURE_CUVE_ATTAQUE,5,0.2597157486415581,0.16585927264178313,0.3486433783616196,0.18930849903445102,0.25135048594041987,0.9384589684348805,0.844297324829593,0.999979563125645,0.8653890928893823,True,1.0153890928893823
TEMPERATURE_CUVE_ATTAQUE,10,0.2629033401429458,0.16263680400241043,0.35044698017351833,0.19925074054037117,0.2528682395830642,0.9410974013004118,0.9709151786521172,0.9341223764298918,0.8964129462336843,True,1.0464129462336842
TEMPERATURE_CUVE_ATTAQUE,15,0.2636345475414209,0.15361921110501076,0.3486244478040549,0.20606216512404701,0.25239580123526306,0.9439509289483262,0.9999602778920174,0.7498309634012909,0.8258585338422315,False,0.8258585338422315
TEMPERATURE_CUVE_ATTAQUE,30,0.26272279911335034,0.13897791895916534,0.33794254965592985,0.22846417803946317,0.2461189457307232,0.9542060836847922,0.963743708379237,0.45060871542195635,0.674791843632715,True,0.8247918436327151
TEMPERATURE_CUVE_ATTAQUE,60,0.23846064996453073,0.11692911112314963,0.3123950218587482,0.1960660576188195,0.22614597308961001,0.9530145386290015,0.0,0.0,0.0,False,0.0
TEMPERATURE_CUVE_DE_PASSAGE,1,0.2732823732455677,0.1561919728677248,0.3486194521246545,0.2544381701179596,0.24995077785850423,0.956487405701881,0.9860029000035323,0.9999822347503089,0.949784884651601,False,0.949784884651601
TEMPERATURE_CUVE_DE_PASSAGE,5,0.2739800416088158,0.1474621516913217,0.34831463418510883,0.2548189164043729,0.251459034652356,0.9570411060119798,0.9999799660314782,0.8448947817932412,0.8828104845558709,True,1.0328104845558708
TEMPERATURE_CUVE_DE_PASSAGE,10,0.273699522647405,0.14346508617464426,0.348055573478143,0.2526346245094635,0.252439116923527,0.9569121418553246,0.9943600579888152,0.7738859148579572,0.8460280206019285,True,0.9960280206019285
TEMPERATURE_CUVE_DE_PASSAGE,15,0.2714780007354084,0.1312204157557444,0.346454859768915,0.24713642842593841,0.2516181971818187,0.9562063637168046,0.9498541579334562,0.5563562874815154,0.7201240065012593,False,0.7201240065012593
TEMPERATURE_CUVE_DE_PASSAGE,30,0.2571470575851357,0.11497530017076585,0.33200067750554957,0.21898584103661742,0.2443199518965345,0.9538145355636172,0.6627484939736366,0.26775775285430875,0.44376519182862056,True,0.5937651918286205
TEMPERATURE_CUVE_DE_PASSAGE,60,0.22406581892523147,0.09990330526437763,0.30539460143863356,0.15257413443126044,0.22456125778125055,0.9412442162505166,0.0,0.0,0.0,False,0.0
TEMPERATURE_SLURRY_PULVERISATEUR,1,0.2798868521260974,0.13750831042768485,0.35257930956085504,0.267093457572217,0.25525949479790216,0.9584440594811751,0.9688508499424355,0.9999803007437656,0.9435072602483379,False,0.9435072602483379
TEMPERATURE_SLURRY_PULVERISATEUR,5,0.2815672660716976,0.12554557777806075,0.35321624003444496,0.26882517672849315,0.25759062033303115,0.9590693132532166,0.9999814744310055,0.7643233650164917,0.8460453153691189,True,0.9960453153691189
TEMPERATURE_SLURRY_PULVERISATEUR,10,0.27886985656323626,0.12535916965194893,0.3509521866195079,0.2636626313009439,0.2562503185244056,0.958770570587248,0.9500104284755314,0.7606512635760608,0.8200660432850261,True,0.9700660432850261
TEMPERATURE_SLURRY_PULVERISATEUR,15,0.2763177352063339,0.11728501063764352,0.34828585400466483,0.2578806184978954,0.2554926179653692,0.9585969535611109,0.902730928195849,0.6015963362768413,0.7210217664412203,False,0.7210217664412203
TEMPERATURE_SLURRY_PULVERISATEUR,30,0.2613200565714443,0.1093883564958027,0.33213173810232866,0.22928690400684143,0.24790574179019448,0.9571728411570174,0.6248903978875646,0.4460381229431372,0.5125318474798024,True,0.6625318474798024
TEMPERATURE_SLURRY_PULVERISATEUR,60,0.22758881743528525,0.08674597255814476,0.3047497917312111,0.1628552189785174,0.2269136129253179,0.9451624573043452,0.0,0.0,0.0,False,0.0
DEPRESSURE_SECHEUR,1,0.27297186242250454,0.15132597339629772,0.26812076265805196,0.20212883419701672,0.3407531355165737,0.9464187186806852,0.9999877109294091,0.9999819170119362,0.9464043463382673,True,1.0964043463382673
DEPRESSURE_SECHEUR,5,0.27212817692922514,0.14334696429996896,0.26210501722730845,0.20349516379897983,0.3418826898415689,0.9463277443312673,0.9896196003460193,0.8556975907618538,0.8731374275184118,True,1.0231374275184117
DEPRESSURE_SECHEUR,10,0.26152040257365655,0.14049411811977475,0.24611894304359788,0.19020452538520174,0.33566027981139585,0.9434775077819805,0.8592599124785875,0.8041096073374666,0.7846758645382801,True,0.9346758645382801
DEPRESSURE_SECHEUR,15,0.24858552906473563,0.13283151869146348,0.23259089658482013,0.16762989938601203,0.3288135355826851,0.9378978375632011,0.7003023388436926,0.6655469133374242,0.6405135300289924,False,0.6405135300289924
DEPRESSURE_SECHEUR,30,0.2216069136165052,0.12252787766676665,0.2105877479685647,0.12642686830502192,0.30648323453666426,0.9314805505507656,0.3687602291568883,0.4792262956738703,0.3949414775044927,False,0.3949414775044927
DEPRESSURE_SECHEUR,60,0.19159974371454874,0.09602637835800465,0.19291816662095185,0.08072313519592239,0.2773675949818684,0.9254583203843701,0.0,0.0,0.0,False,0.0
LEVEL_CUVE_PASSAGE,1,0.32519847872164714,0.15054933097008227,0.2921991016079028,0.33500159848289895,0.3594599842362856,0.9729543337055766,0.999988519326892,0.9999720142422609,0.9729351341881124,True,1.1229351341881124
LEVEL_CUVE_PASSAGE,5,0.3117361866903549,0.14831843654981292,0.28380680299219424,0.32513379878627596,0.34033059287850914,0.9766735983815095,0.8454323452313177,0.9375387434552723,0.8706903944988647,True,1.0206903944988646
LEVEL_CUVE_PASSAGE,10,0.29906006352042824,0.1298231028828587,0.2731095346166663,0.3070216100946582,0.32890178500100753,0.9775620554334551,0.6999019188407627,0.4199328161495608,0.5473539726414596,True,0.6973539726414596
LEVEL_CUVE_PASSAGE,15,0.2912004354289064,0.13798237182120143,0.2645499997824717,0.29949107136691056,0.3204697608611583,0.977454872579192,0.6096680979716195,0.6482761399855272,0.6147918624120657,False,0.6147918624120657
LEVEL_CUVE_PASSAGE,30,0.27317741717719246,0.12890172522624432,0.24293168386389039,0.27466308943130585,0.3078451269884729,0.974181266276757,0.40275171700434165,0.3941473642654054,0.3881620780430733,False,0.3881620780430733
LEVEL_CUVE_PASSAGE,60,0.23809657189783154,0.11481786986163289,0.1912331143017764,0.22259558893201015,0.29219624643516545,0.9595161858063351,0.0,0.0,0.0,False,0.0
TEMPERATURE_GAZ_SORTIE_SECHEUR,1,0.3131710599963756,0.11580029639579692,0.36954114379820646,0.29171330925953004,0.3032378261910885,0.9668409476814175,0.9999876829555369,0.9999713238031033,0.966821130709255,False,0.966821130709255
TEMPERATURE_GAZ_SORTIE_SECHEUR,5,0.30455234976993983,0.11173371818205258,0.3578657010282559,0.2803697735729013,0.29752051693688164,0.9678336898005263,0.8938306458819569,0.8833573262497706,0.8600111962686824,True,1.0100111962686824
TEMPERATURE_GAZ_SORTIE_SECHEUR,10,0.2973656049490692,0.10371555237578534,0.34965589907713723,0.26766098966356866,0.2940487637699807,0.966953943946071,0.8053111903783434,0.6534268248385301,0.7052662384990097,True,0.8552662384990097
TEMPERATURE_GAZ_SORTIE_SECHEUR,15,0.2909332473036839,0.10526807714285269,0.3429341843247067,0.25549754344622355,0.29064048915819524,0.9653217524463287,0.7260835552575747,0.6979473307460214,0.6873239952073448,False,0.6873239952073448
TEMPERATURE_GAZ_SORTIE_SECHEUR,30,0.26908656356000854,0.08811528152680559,0.3158885080318849,0.22118999410317583,0.2779111371853955,0.962545321542923,0.456996980215452,0.2060703863306882,0.31911619576838685,True,0.4691161957683868
TEMPERATURE_GAZ_SORTIE_SECHEUR,60,0.23198375195739038,0.08092916870045297,0.28478456871349445,0.15840849411273833,0.24987831914725278,0.9494083355412649,0.0,0.0,0.0,False,0.0
FLOW_RATE_FIOUL,1,0.3476443535881701,0.18991565544792088,0.3694013058037007,0.31048842363155116,0.3813239966973937,0.969963217172388,0.9999886168257944,0.9999842770211621,0.9699500711866824,True,1.1199500711866823
FLOW_RATE_FIOUL,5,0.33373942884468893,0.1769288457423528,0.35222763333006385,0.2889048373477592,0.37298327094322653,0.9654735302618097,0.8417064361558633,0.7957929428484244,0.7904811531243953,True,0.9404811531243953
FLOW_RATE_FIOUL,10,0.33052192112088474,0.17464966225050915,0.3489442704627493,0.2818901548311027,0.3721441919288819,0.9631420284223723,0.8050809852281385,0.7599573890384308,0.7536771171749777,True,0.9036771171749777
FLOW_RATE_FIOUL,15,0.3250455566579554,0.1704956869264045,0.3427956509953645,0.27353720329007936,0.3683525546766942,0.9614873424015224,0.7427425745336007,0.6946445229242925,0.6910147501685139,False,0.6910147501685139
FLOW_RATE_FIOUL,30,0.3001673985251206,0.15435980528052706,0.3185705246804201,0.23338596368562425,0.3503827829377997,0.9529321759366173,0.45955016659463854,0.4409403972749843,0.42905321621933556,False,0.42905321621933556
FLOW_RATE_FIOUL,60,0.25979639494589973,0.126315475906277,0.28054476262487843,0.16243807608113037,0.3236456224158234,0.9362017120990639,0.0,0.0,0.0,False,0.0
TEMPERATURE_AIR_CHAUD,1,0.3099848397809703,0.10826808538138977,0.38080253506077927,0.3167381242506564,0.27552698773286133,0.9584834794412552,0.9999853363713324,0.9999731493437475,0.9584635840631268,False,0.9584635840631268
TEMPERATURE_AIR_CHAUD,5,0.3074439792672845,0.10726341190328892,0.37749151797812946,0.3120451216511491,0.2744957133329685,0.9591784396023352,0.9627271013023125,0.9729970071373004,0.9283524149168646,True,1.0783524149168646
TEMPERATURE_AIR_CHAUD,10,0.30344987203860957,0.10001990684019102,0.3738516750870026,0.3044428220902148,0.2724778630537313,0.9594017024429061,0.9041589960421889,0.778504142625121,0.8071749399376704,True,0.9571749399376704
TEMPERATURE_AIR_CHAUD,15,0.29919530164238844,0.09987360114984245,0.36908133429895845,0.29470818994615716,0.27129622722611935,0.9599798389398841,0.841771555611564,0.774575738825793,0.7758304076924457,False,0.7758304076924457
TEMPERATURE_AIR_CHAUD,30,0.2788533295129113,0.08619378786694121,0.3490105020447432,0.26330392805984504,0.2561457012796758,0.9595170127533292,0.543484429936931,0.40726377476880526,0.4561295386299194,True,0.6061295386299194
TEMPERATURE_AIR_CHAUD,60,0.24178989574392915,0.07102604779609933,0.3164242307905547,0.19706151844104006,0.23080996798279874,0.9521636172759136,0.0,0.0,0.0,False,0.0
FLOW_RATE_LIQUIDE_LAVAGE,1,0.2659196107165404,0.12468896599542312,0.3281057469290753,0.18530242250935788,0.28121822061413904,0.9439006776498865,0.9999785114219568,0.9999690763893633,0.9438759416996805,True,1.0938759416996804
FLOW_RATE_LIQUIDE_LAVAGE,5,0.26516017109587975,0.12198805603681695,0.3303755767442024,0.18284048455686278,0.2796914214530699,0.9423240935043473,0.9836592338643536,0.9164471884647432,0.8952580309915272,True,1.0452580309915271
FLOW_RATE_LIQUIDE_LAVAGE,10,0.2629845479568755,0.11275414917400273,0.33028598192686254,0.18328060937511598,0.27481177142643953,0.9428505670968998,0.9369081862494452,0.6309014479838746,0.7391051013684343,True,0.8891051013684343
FLOW_RATE_LIQUIDE_LAVAGE,15,0.25357687073842566,0.11344356515337317,0.324673781179151,0.17349588046083445,0.26285615886573005,0.9415676255020304,0.7347505801363148,0.6522206792966192,0.6529636176919141,False,0.6529636176919141
FLOW_RATE_LIQUIDE_LAVAGE,30,0.24093895875839033,0.10593877247985706,0.3184202372301081,0.15274865973348442,0.25105073349451246,0.9363059425836951,0.4631798222512587,0.42014539275193297,0.41353132402075427,False,0.41353132402075427
FLOW_RATE_LIQUIDE_LAVAGE,60,0.2193842601961195,0.09235221566770324,0.3018354921744567,0.11285466437776207,0.23701792613689524,0.9272920592971385,0.0,0.0,0.0,False,0.0
FLOW_RATE_VAPEUR,1,0.34129376293178587,0.19128271009266218,0.3370157055761156,0.2670998645185915,0.41795326889464335,0.9419385213988062,0.9999900916200152,0.9754873242461212,0.9303891380788415,True,1.0803891380788415
FLOW_RATE_VAPEUR,5,0.34042488388626657,0.19297554508303172,0.33430118070609377,0.26632402646244274,0.4180225201426433,0.9415825851137651,0.991380907876131,0.9999855282976835,0.937517978440663,True,1.087517978440663
FLOW_RATE_VAPEUR,10,0.34035128234032036,0.19020429543457595,0.3358494684556884,0.265165277965217,0.41807150846226926,0.9411916033969189,0.9906516357914231,0.9598808283405604,0.9179123886970624,False,0.9179123886970624
FLOW_RATE_VAPEUR,15,0.3165279167617445,0.1729522376154451,0.30923731970444795,0.23133873945853697,0.3999353834096112,0.9355452574173249,0.7546006771207571,0.7102141832352641,0.6852002978002483,False,0.6852002978002483
FLOW_RATE_VAPEUR,30,0.28589358528740955,0.14883078102713565,0.27617830796164716,0.18944956703672883,0.3752276225976489,0.929455145561134,0.4510640802910149,0.36113564404916826,0.3774516065056589,False,0.3774516065056589
FLOW_RATE_VAPEUR,60,0.24037009093410186,0.12387617401882789,0.2240572775076186,0.12512968522829182,0.3415233861348864,0.9187373541332655,0.0,0.0,0.0,False,0.0
FLOW_RATE_SLURRY_M3_HR_2,1,0.11693578470943769,0.19991266764248028,0.21027234287649538,-0.03653144016861263,0.2727949786538095,0.29406319948626997,0.9999784930483945,0.9778497737654038,0.2908032540868248,True,0.44080325408682475
FLOW_RATE_SLURRY_M3_HR_2,5,0.10967062582942397,0.20063256826863807,0.1954742409904868,-0.04474737484069247,0.26812517567882854,0.29402331896401424,0.8437270726095271,0.9999692742308289,0.2710448595299149,True,0.4210448595299149
FLOW_RATE_SLURRY_M3_HR_2,10,0.10112628176340645,0.1902580160718923,0.17868252519872033,-0.054067513345034936,0.2622864327329095,0.2939836670289361,0.6599642782807781,0.6812031781805142,0.19714066347518083,True,0.3471406634751808
FLOW_RATE_SLURRY_M3_HR_2,15,0.09659511245197432,0.18598599745842925,0.16762903428867582,-0.05948028189590369,0.2604816303526775,0.29384048778301675,0.5625126391833909,0.5499421203687807,0.16344212459167434,False,0.16344212459167434
FLOW_RATE_SLURRY_M3_HR_2,30,0.08825756340987119,0.17646774613399963,0.1526306350797244,-0.07171452242267976,0.25642113109346387,0.2931843003950325,0.3831973754262311,0.2574865272622283,0.09391923089203753,False,0.09391923089203753
FLOW_RATE_SLURRY_M3_HR_2,60,0.0704401905689948,0.16808759702109288,0.12092522091125177,-0.09731147670144152,0.24771790616489375,0.29175857113832954,0.0,0.0,0.0,False,0.0
TEMPERATURE_BRIQUE,1,0.3027058865957215,0.17359335907849527,0.37423915395071616,0.32419167869905713,0.2585343682042182,0.9547639020076895,0.9999860871704961,0.9999707509761135,0.954743297317909,False,0.954743297317909
TEMPERATURE_BRIQUE,5,0.2978402589481187,0.16918415914262175,0.36949315548795153,0.31567922579229785,0.25542650390547106,0.9554819564262571,0.9322914392799012,0.8710059567318952,0.8615090619798631,False,0.8615090619798631
TEMPERATURE_BRIQUE,10,0.29110273923077395,0.1649861104525665,0.36345419715113736,0.30436053030012955,0.2508730098484897,0.9560411621669326,0.83855347617327,0.7482171303202557,0.7585090073621994,True,0.9085090073621994
TEMPERATURE_BRIQUE,15,0.2832721631086424,0.16550399751309008,0.3543997007805878,0.2928486970537658,0.24563018777901433,0.9573653756183517,0.7296080056686864,0.7633648213239604,0.7146602456509038,False,0.7146602456509038
TEMPERATURE_BRIQUE,30,0.26331531622021587,0.15492833992069022,0.33765655760713564,0.2581633365110311,0.23117585368912763,0.9567566269875947,0.4519517974744262,0.4540371597896119,0.43340546941997454,True,0.5834054694199745
TEMPERATURE_BRIQUE,60,0.2308307811838668,0.13940518394963108,0.31204802912104534,0.19713747113844798,0.20939300553058662,0.9510004623307922,0.0,0.0,0.0,True,0.15
