variable,selected_lags_min,reason,mean_abs_cross_correlation,mean_mutual_information,mean_stability,process_prior_selected,evidence_target
DEPRESSURE_SECHEUR,"1, 5, 10",Top stable train-only correlation/MI score; 3/3 delays agree with response-time prior.,0.2688734806417954,0.14505568527201382,0.9454079902646444,"1, 5, 10",SLURRY_FREE_ACID_t_plus_1min
FLOW_RATE_FIOUL,"1, 5, 10",Top stable train-only correlation/MI score; 3/3 delays agree with response-time prior.,0.33730190118458125,0.18049805448026093,0.9661929252855234,"1, 5, 10",SLURRY_FREE_ACID_t_plus_1min
FLOW_RATE_GROUND_PHOSPHATE,"1, 5, 10",Top stable train-only correlation/MI score; 3/3 delays agree with response-time prior.,0.29239990034123814,0.20399469430387018,0.9140357286202269,"1, 5, 10",SLURRY_FREE_ACID_t_plus_1min
FLOW_RATE_LIQUIDE_LAVAGE,"1, 5, 10",Top stable train-only correlation/MI score; 3/3 delays agree with response-time prior.,0.2646881099230986,0.11981039040208093,0.9430251127503778,"1, 5, 10",SLURRY_FREE_ACID_t_plus_1min
FLOW_RATE_PHOSPHORIC_ACID_1,"1, 5, 10",Top stable train-only correlation/MI score; 3/3 delays agree with response-time prior.,0.21326616941834856,0.14538719916198536,0.9187219542774124,"1, 5, 10",SLURRY_FREE_ACID_t_plus_1min
FLOW_RATE_PHOSPHORIC_ACID_2,"1, 5, 10",Top stable train-only correlation/MI score; 3/3 delays agree with response-time prior.,0.2957161670618497,0.20130963786273495,0.932602926334687,"1, 5, 10",SLURRY_FREE_ACID_t_plus_1min
FLOW_RATE_SLURRY_M3_HR,"1, 5, 10",Top stable train-only correlation/MI score; 3/3 delays agree with response-time prior.,0.29601094819464663,0.17846815804011248,0.9235029989999862,"1, 5, 10",SLURRY_FREE_ACID_t_plus_1min
FLOW_RATE_SLURRY_M3_HR_2,"1, 5, 10",Top stable train-only correlation/MI score; 3/3 delays agree with response-time prior.,0.10924423076742269,0.19693441732767022,0.2940233951597401,"1, 5, 10",SLURRY_FREE_ACID_t_plus_1min
FLOW_RATE_SLURRY_T_PER_HR,"1, 5, 10",Top stable train-only correlation/MI score; 3/3 delays agree with response-time prior.,0.30143448856305355,0.18722852074857657,0.9267892634850438,"1, 5, 10",SLURRY_FREE_ACID_t_plus_1min
FLOW_RATE_VAPEUR,"1, 5, 10",Top stable train-only correlation/MI score; 2/3 delays agree with response-time prior.,0.34068997638612425,0.19148751687008994,0.9415709033031634,"1, 5",SLURRY_FREE_ACID_t_plus_1min
LEVEL_CUVE_PASSAGE,"1, 5, 10",Top stable train-only correlation/MI score; 3/3 delays agree with response-time prior.,0.31199824297747675,0.14289695680091796,0.9757299958401804,"1, 5, 10",SLURRY_FREE_ACID_t_plus_1min
PRESSURE_VAPEUR,"1, 5, 10",Top stable train-only correlation/MI score; 2/3 delays agree with response-time prior.,0.3153027158084319,0.13898878452777344,0.9404023878798283,"1, 5",SLURRY_FREE_ACID_t_plus_1min
PRODUCTION_TSP_BALANCE,"1, 5, 10",Top stable train-only correlation/MI score; 3/3 delays agree with response-time prior.,0.3146706579795889,0.19894028217392545,0.9211615183336505,"1, 5, 10",SLURRY_FREE_ACID_t_plus_1min
RECYCLAGE,"1, 5, 10",Top stable train-only correlation/MI score; 3/3 delays agree with response-time prior.,0.34412576551017543,0.20056516285942796,0.9353099305732765,"1, 5, 10",SLURRY_FREE_ACID_t_plus_1min
TEMPERATURE_AIR_CHAUD,"1, 5, 10",Top stable train-only correlation/MI score; 2/3 delays agree with response-time prior.,0.3069595636956215,0.10518380137495657,0.9590212071621655,"5, 10",SLURRY_FREE_ACID_t_plus_1min
TEMPERATURE_BRIQUE,"1, 5, 10",Top stable train-only correlation/MI score; 1/3 delays agree with response-time prior.,0.2972162949248714,0.16925454289122785,0.9554290068669596,10,SLURRY_FREE_ACID_t_plus_1min
TEMPERATURE_CUVE_ATTAQUE,"5, 10, 15",Top stable train-only correlation/MI score; 2/3 delays agree with response-time prior.,0.26208454544197496,0.16070509591640145,0.9411690995612062,"5, 10",SLURRY_FREE_ACID_t_plus_1min
TEMPERATURE_CUVE_DE_PASSAGE,"1, 5, 10",Top stable train-only correlation/MI score; 2/3 delays agree with response-time prior.,0.2736539791672628,0.14903973691123026,0.9568135511897284,"5, 10",SLURRY_FREE_ACID_t_plus_1min
TEMPERATURE_GAZ_SORTIE_SECHEUR,"1, 5, 10",Top stable train-only correlation/MI score; 2/3 delays agree with response-time prior.,0.3050296715717949,0.11041652231787828,0.9672095271426716,"5, 10",SLURRY_FREE_ACID_t_plus_1min
TEMPERATURE_SLURRY_PULVERISATEUR,"1, 5, 10",Top stable train-only correlation/MI score; 2/3 delays agree with response-time prior.,0.28010799158701044,0.1294710192858982,0.9587613144405466,"5, 10",SLURRY_FREE_ACID_t_plus_1min
TEMPERATURE_VAPEUR,"1, 5, 10",Top stable train-only correlation/MI score; 3/3 delays agree with response-time prior.,0.28333098580541205,0.12034217682269806,0.9472173056937,"1, 5, 10",SLURRY_FREE_ACID_t_plus_1min
