feature,formula,involved_variables,expected_interpretation,assumptions,validation_status
TOTAL_ACID_FLOW,acid_1 + acid_2,FLOW_RATE_PHOSPHORIC_ACID_1; FLOW_RATE_PHOSPHORIC_ACID_2,Combined phosphoric-acid feed across both lines.,The two acid lines are confirmed additive; their engineering unit still requires confirmation.,aggregation_confirmed_units_pending
ACID_FLOW_IMBALANCE,|acid_1 - acid_2|,FLOW_RATE_PHOSPHORIC_ACID_1; FLOW_RATE_PHOSPHORIC_ACID_2,Magnitude of line imbalance.,The lines are comparable and imbalance is operationally meaningful.,provisional
ACID_TO_PHOSPHATE_RATIO,(acid_1 + acid_2) / (ground_phosphate + epsilon),FLOW_RATE_PHOSPHORIC_ACID_1; FLOW_RATE_PHOSPHORIC_ACID_2; FLOW_RATE_GROUND_PHOSPHATE,Feed-ratio proxy related to acidulation conditions.,Flow units/bases are compatible; not a stoichiometric ratio without composition data.,provisional
TOTAL_SLURRY_M3_FLOW,slurry_m3_1 + slurry_m3_2,FLOW_RATE_SLURRY_M3_HR; FLOW_RATE_SLURRY_M3_HR_2,Confirmed total slurry volumetric flow in m3/h.,Both tags are confirmed additive components with the same m3/h unit.,confirmed_m3_per_h_aggregation
SLURRY_DENSITY_PROXY,slurry_t_per_h / (slurry_m3_1 + slurry_m3_2 + epsilon),FLOW_RATE_SLURRY_T_PER_HR; FLOW_RATE_SLURRY_M3_HR; FLOW_RATE_SLURRY_M3_HR_2,Apparent slurry mass-per-volume proxy using total volumetric flow.,The two volumetric tags are confirmed additive in m3/h; confirm that the t/h tag represents the same combined stream.,requires_mass_stream_validation
ATTACK_PASSAGE_TEMP_GRADIENT,T_attack - T_passage,TEMPERATURE_CUVE_ATTAQUE; TEMPERATURE_CUVE_DE_PASSAGE,Thermal change between reaction vessels.,Sensors are comparable and process direction is attack to passage.,provisional
HOT_AIR_DRYER_OUTLET_GRADIENT,T_hot_air - T_dryer_outlet_gas,TEMPERATURE_AIR_CHAUD; TEMPERATURE_GAZ_SORTIE_SECHEUR,Dryer thermal-driving-force proxy.,Temperatures correspond to the same dryer train.,provisional
STEAM_SLURRY_TEMP_GRADIENT,T_steam - T_slurry,TEMPERATURE_VAPEUR; TEMPERATURE_SLURRY_PULVERISATEUR,Available temperature-gap proxy.,Steam/slurry tags belong to the relevant heat-transfer path.,provisional
STEAM_ENERGY_PROXY,steam_pressure * steam_temperature,PRESSURE_VAPEUR; TEMPERATURE_VAPEUR,"Steam-condition proxy, not energy or enthalpy.",Tags refer to the same steam supply; units remain unconverted.,provisional
DRYING_INTENSITY_PROXY,fuel_flow * (T_hot_air - T_outlet) / (|dryer_depression| + epsilon),FLOW_RATE_FIOUL; TEMPERATURE_AIR_CHAUD; TEMPERATURE_GAZ_SORTIE_SECHEUR; DEPRESSURE_SECHEUR,Composite burner/load/draft indicator.,Signs and units are not thermodynamically normalized; engineering review required.,requires_engineering_validation
RECYCLE_TO_PRODUCTION_RATIO,recycle / (production + epsilon),RECYCLAGE; PRODUCTION_TSP_BALANCE,Recycle-intensity proxy.,Recycle and production tags use compatible mass/time bases.,requires_unit_validation
FLOW_RATE_PHOSPHORIC_ACID_1_CV_10,rolling_std_10(FLOW_RATE_PHOSPHORIC_ACID_1) / (|rolling_mean_10(FLOW_RATE_PHOSPHORIC_ACID_1)| + epsilon),FLOW_RATE_PHOSPHORIC_ACID_1,Scale-normalized ten-minute flow instability.,Mean magnitude away from zero; extreme proxy values are clipped below.,provisional
FLOW_RATE_PHOSPHORIC_ACID_2_CV_10,rolling_std_10(FLOW_RATE_PHOSPHORIC_ACID_2) / (|rolling_mean_10(FLOW_RATE_PHOSPHORIC_ACID_2)| + epsilon),FLOW_RATE_PHOSPHORIC_ACID_2,Scale-normalized ten-minute flow instability.,Mean magnitude away from zero; extreme proxy values are clipped below.,provisional
FLOW_RATE_GROUND_PHOSPHATE_CV_10,rolling_std_10(FLOW_RATE_GROUND_PHOSPHATE) / (|rolling_mean_10(FLOW_RATE_GROUND_PHOSPHATE)| + epsilon),FLOW_RATE_GROUND_PHOSPHATE,Scale-normalized ten-minute flow instability.,Mean magnitude away from zero; extreme proxy values are clipped below.,provisional
FLOW_RATE_FIOUL_CV_10,rolling_std_10(FLOW_RATE_FIOUL) / (|rolling_mean_10(FLOW_RATE_FIOUL)| + epsilon),FLOW_RATE_FIOUL,Scale-normalized ten-minute flow instability.,Mean magnitude away from zero; extreme proxy values are clipped below.,provisional
FLOW_RATE_VAPEUR_CV_10,rolling_std_10(FLOW_RATE_VAPEUR) / (|rolling_mean_10(FLOW_RATE_VAPEUR)| + epsilon),FLOW_RATE_VAPEUR,Scale-normalized ten-minute flow instability.,Mean magnitude away from zero; extreme proxy values are clipped below.,provisional
