check,status
chronological_order_preserved_for_every_horizon,True
four_future_targets_created,True
target_and_future_targets_absent_from_inputs,True
lag_transformations_match_positive_historical_shifts,True
all_four_feature_sets_prepared_for_every_horizon,True
preprocessor_imputation_statistics_match_training_data,True
train_validation_test_columns_aligned,True
all_prepared_matrices_have_no_missing_values,True
selection_cutoff_precedes_every_validation_period,True
process_clipping_bounds_use_selection_training_period_only,True
structural_warmup_removed_before_splitting,True
registries_and_filtering_log_populated,True
no_change_recommendations_authorized,True
no_predictive_model_trained_in_notebook,True
all_expected_exported_artifacts_exist,True
