horizon_min,feature_set,feature
1,A_raw,PRODUCTION_TSP_BALANCE
1,A_raw,FLOW_RATE_PHOSPHORIC_ACID_1
1,A_raw,FLOW_RATE_PHOSPHORIC_ACID_2
1,A_raw,FLOW_RATE_GROUND_PHOSPHATE
1,A_raw,FLOW_RATE_SLURRY_T_PER_HR
1,A_raw,FLOW_RATE_SLURRY_M3_HR
1,A_raw,RECYCLAGE
1,A_raw,PRESSURE_VAPEUR
1,A_raw,TEMPERATURE_VAPEUR
1,A_raw,TEMPERATURE_CUVE_ATTAQUE
1,A_raw,TEMPERATURE_CUVE_DE_PASSAGE
1,A_raw,TEMPERATURE_SLURRY_PULVERISATEUR
1,A_raw,DEPRESSURE_SECHEUR
1,A_raw,LEVEL_CUVE_PASSAGE
1,A_raw,TEMPERATURE_GAZ_SORTIE_SECHEUR
1,A_raw,FLOW_RATE_FIOUL
1,A_raw,TEMPERATURE_AIR_CHAUD
1,A_raw,FLOW_RATE_LIQUIDE_LAVAGE
1,A_raw,FLOW_RATE_VAPEUR
1,A_raw,FLOW_RATE_SLURRY_M3_HR_2
1,A_raw,TEMPERATURE_BRIQUE
1,B_temporal,PRODUCTION_TSP_BALANCE
1,B_temporal,PRODUCTION_TSP_BALANCE_roll_mean_30
1,B_temporal,PRODUCTION_TSP_BALANCE_roll_std_10
1,B_temporal,PRODUCTION_TSP_BALANCE_diff_5
1,B_temporal,PRODUCTION_TSP_BALANCE_slope_10
1,B_temporal,FLOW_RATE_PHOSPHORIC_ACID_1
1,B_temporal,FLOW_RATE_PHOSPHORIC_ACID_1_lag_10
1,B_temporal,FLOW_RATE_PHOSPHORIC_ACID_1_roll_mean_10
1,B_temporal,FLOW_RATE_PHOSPHORIC_ACID_1_roll_mean_30
1,B_temporal,FLOW_RATE_PHOSPHORIC_ACID_1_roll_std_10
1,B_temporal,FLOW_RATE_PHOSPHORIC_ACID_1_diff_5
1,B_temporal,FLOW_RATE_PHOSPHORIC_ACID_1_slope_10
1,B_temporal,FLOW_RATE_PHOSPHORIC_ACID_2
1,B_temporal,FLOW_RATE_PHOSPHORIC_ACID_2_lag_10
1,B_temporal,FLOW_RATE_PHOSPHORIC_ACID_2_roll_mean_30
1,B_temporal,FLOW_RATE_PHOSPHORIC_ACID_2_roll_std_10
1,B_temporal,FLOW_RATE_PHOSPHORIC_ACID_2_diff_5
1,B_temporal,FLOW_RATE_PHOSPHORIC_ACID_2_slope_10
1,B_temporal,FLOW_RATE_GROUND_PHOSPHATE
1,B_temporal,FLOW_RATE_GROUND_PHOSPHATE_lag_10
1,B_temporal,FLOW_RATE_GROUND_PHOSPHATE_roll_mean_10
1,B_temporal,FLOW_RATE_GROUND_PHOSPHATE_roll_mean_30
1,B_temporal,FLOW_RATE_GROUND_PHOSPHATE_roll_std_10
1,B_temporal,FLOW_RATE_GROUND_PHOSPHATE_diff_5
1,B_temporal,FLOW_RATE_GROUND_PHOSPHATE_slope_10
1,B_temporal,FLOW_RATE_SLURRY_T_PER_HR
1,B_temporal,FLOW_RATE_SLURRY_T_PER_HR_lag_10
1,B_temporal,FLOW_RATE_SLURRY_T_PER_HR_roll_mean_30
1,B_temporal,FLOW_RATE_SLURRY_T_PER_HR_roll_std_10
1,B_temporal,FLOW_RATE_SLURRY_T_PER_HR_diff_5
1,B_temporal,FLOW_RATE_SLURRY_T_PER_HR_slope_10
1,B_temporal,FLOW_RATE_SLURRY_M3_HR
1,B_temporal,FLOW_RATE_SLURRY_M3_HR_lag_10
1,B_temporal,FLOW_RATE_SLURRY_M3_HR_roll_mean_10
1,B_temporal,FLOW_RATE_SLURRY_M3_HR_roll_mean_30
1,B_temporal,FLOW_RATE_SLURRY_M3_HR_roll_std_10
1,B_temporal,FLOW_RATE_SLURRY_M3_HR_diff_5
1,B_temporal,FLOW_RATE_SLURRY_M3_HR_slope_10
1,B_temporal,RECYCLAGE
1,B_temporal,RECYCLAGE_lag_10
1,B_temporal,RECYCLAGE_roll_mean_30
1,B_temporal,RECYCLAGE_roll_std_10
1,B_temporal,RECYCLAGE_diff_5
1,B_temporal,RECYCLAGE_slope_10
1,B_temporal,PRESSURE_VAPEUR
1,B_temporal,PRESSURE_VAPEUR_lag_5
1,B_temporal,PRESSURE_VAPEUR_lag_10
1,B_temporal,PRESSURE_VAPEUR_roll_mean_10
1,B_temporal,PRESSURE_VAPEUR_roll_mean_30
1,B_temporal,PRESSURE_VAPEUR_roll_std_10
1,B_temporal,PRESSURE_VAPEUR_diff_5
1,B_temporal,PRESSURE_VAPEUR_slope_10
1,B_temporal,TEMPERATURE_VAPEUR
1,B_temporal,TEMPERATURE_VAPEUR_lag_1
1,B_temporal,TEMPERATURE_VAPEUR_lag_5
1,B_temporal,TEMPERATURE_VAPEUR_lag_10
1,B_temporal,TEMPERATURE_VAPEUR_roll_mean_10
1,B_temporal,TEMPERATURE_VAPEUR_roll_mean_30
1,B_temporal,TEMPERATURE_VAPEUR_roll_std_10
1,B_temporal,TEMPERATURE_VAPEUR_diff_5
1,B_temporal,TEMPERATURE_VAPEUR_slope_10
1,B_temporal,TEMPERATURE_CUVE_ATTAQUE
1,B_temporal,TEMPERATURE_CUVE_ATTAQUE_lag_15
1,B_temporal,TEMPERATURE_CUVE_ATTAQUE_roll_mean_10
1,B_temporal,TEMPERATURE_CUVE_ATTAQUE_roll_mean_30
1,B_temporal,TEMPERATURE_CUVE_ATTAQUE_roll_std_10
1,B_temporal,TEMPERATURE_CUVE_ATTAQUE_diff_5
1,B_temporal,TEMPERATURE_CUVE_ATTAQUE_slope_10
1,B_temporal,TEMPERATURE_CUVE_DE_PASSAGE
1,B_temporal,TEMPERATURE_CUVE_DE_PASSAGE_roll_mean_30
1,B_temporal,TEMPERATURE_CUVE_DE_PASSAGE_roll_std_10
1,B_temporal,TEMPERATURE_CUVE_DE_PASSAGE_diff_5
1,B_temporal,TEMPERATURE_CUVE_DE_PASSAGE_slope_10
1,B_temporal,TEMPERATURE_SLURRY_PULVERISATEUR
1,B_temporal,TEMPERATURE_SLURRY_PULVERISATEUR_roll_mean_30
1,B_temporal,TEMPERATURE_SLURRY_PULVERISATEUR_roll_std_10
1,B_temporal,TEMPERATURE_SLURRY_PULVERISATEUR_diff_5
1,B_temporal,TEMPERATURE_SLURRY_PULVERISATEUR_slope_10
1,B_temporal,DEPRESSURE_SECHEUR
1,B_temporal,DEPRESSURE_SECHEUR_lag_1
1,B_temporal,DEPRESSURE_SECHEUR_lag_5
1,B_temporal,DEPRESSURE_SECHEUR_lag_10
1,B_temporal,DEPRESSURE_SECHEUR_roll_mean_10
1,B_temporal,DEPRESSURE_SECHEUR_roll_mean_30
1,B_temporal,DEPRESSURE_SECHEUR_roll_std_10
1,B_temporal,DEPRESSURE_SECHEUR_diff_5
1,B_temporal,DEPRESSURE_SECHEUR_slope_10
1,B_temporal,LEVEL_CUVE_PASSAGE
1,B_temporal,LEVEL_CUVE_PASSAGE_lag_5
1,B_temporal,LEVEL_CUVE_PASSAGE_lag_10
1,B_temporal,LEVEL_CUVE_PASSAGE_roll_mean_10
1,B_temporal,LEVEL_CUVE_PASSAGE_roll_mean_30
1,B_temporal,LEVEL_CUVE_PASSAGE_roll_std_10
1,B_temporal,LEVEL_CUVE_PASSAGE_diff_5
1,B_temporal,LEVEL_CUVE_PASSAGE_slope_10
1,B_temporal,TEMPERATURE_GAZ_SORTIE_SECHEUR
1,B_temporal,TEMPERATURE_GAZ_SORTIE_SECHEUR_lag_5
1,B_temporal,TEMPERATURE_GAZ_SORTIE_SECHEUR_lag_10
1,B_temporal,TEMPERATURE_GAZ_SORTIE_SECHEUR_roll_mean_10
1,B_temporal,TEMPERATURE_GAZ_SORTIE_SECHEUR_roll_mean_30
1,B_temporal,TEMPERATURE_GAZ_SORTIE_SECHEUR_roll_std_10
1,B_temporal,TEMPERATURE_GAZ_SORTIE_SECHEUR_diff_5
1,B_temporal,TEMPERATURE_GAZ_SORTIE_SECHEUR_slope_10
1,B_temporal,FLOW_RATE_FIOUL
1,B_temporal,FLOW_RATE_FIOUL_lag_10
1,B_temporal,FLOW_RATE_FIOUL_roll_mean_10
1,B_temporal,FLOW_RATE_FIOUL_roll_mean_30
1,B_temporal,FLOW_RATE_FIOUL_roll_std_10
1,B_temporal,FLOW_RATE_FIOUL_diff_5
1,B_temporal,FLOW_RATE_FIOUL_slope_10
1,B_temporal,TEMPERATURE_AIR_CHAUD
1,B_temporal,TEMPERATURE_AIR_CHAUD_lag_10
1,B_temporal,TEMPERATURE_AIR_CHAUD_roll_mean_30
1,B_temporal,TEMPERATURE_AIR_CHAUD_roll_std_10
1,B_temporal,TEMPERATURE_AIR_CHAUD_diff_5
1,B_temporal,TEMPERATURE_AIR_CHAUD_slope_10
1,B_temporal,FLOW_RATE_LIQUIDE_LAVAGE
1,B_temporal,FLOW_RATE_LIQUIDE_LAVAGE_lag_5
1,B_temporal,FLOW_RATE_LIQUIDE_LAVAGE_lag_10
1,B_temporal,FLOW_RATE_LIQUIDE_LAVAGE_roll_mean_30
1,B_temporal,FLOW_RATE_LIQUIDE_LAVAGE_roll_std_10
1,B_temporal,FLOW_RATE_LIQUIDE_LAVAGE_diff_5
1,B_temporal,FLOW_RATE_LIQUIDE_LAVAGE_slope_10
1,B_temporal,FLOW_RATE_VAPEUR
1,B_temporal,FLOW_RATE_VAPEUR_lag_10
1,B_temporal,FLOW_RATE_VAPEUR_roll_mean_30
1,B_temporal,FLOW_RATE_VAPEUR_roll_std_10
1,B_temporal,FLOW_RATE_VAPEUR_diff_5
1,B_temporal,FLOW_RATE_VAPEUR_slope_10
1,B_temporal,FLOW_RATE_SLURRY_M3_HR_2
1,B_temporal,FLOW_RATE_SLURRY_M3_HR_2_roll_mean_10
1,B_temporal,FLOW_RATE_SLURRY_M3_HR_2_roll_mean_30
1,B_temporal,FLOW_RATE_SLURRY_M3_HR_2_roll_std_10
1,B_temporal,FLOW_RATE_SLURRY_M3_HR_2_diff_5
1,B_temporal,FLOW_RATE_SLURRY_M3_HR_2_slope_10
1,B_temporal,TEMPERATURE_BRIQUE
1,B_temporal,TEMPERATURE_BRIQUE_roll_mean_10
1,B_temporal,TEMPERATURE_BRIQUE_roll_mean_30
1,B_temporal,TEMPERATURE_BRIQUE_roll_std_10
1,B_temporal,TEMPERATURE_BRIQUE_diff_5
1,B_temporal,TEMPERATURE_BRIQUE_slope_10
1,B_temporal,PRODUCTION_TSP_BALANCE_missing
1,B_temporal,FLOW_RATE_PHOSPHORIC_ACID_1_missing
1,B_temporal,FLOW_RATE_PHOSPHORIC_ACID_2_missing
1,B_temporal,FLOW_RATE_GROUND_PHOSPHATE_missing
1,B_temporal,FLOW_RATE_SLURRY_T_PER_HR_missing
1,B_temporal,FLOW_RATE_SLURRY_M3_HR_missing
1,B_temporal,RECYCLAGE_missing
1,B_temporal,PRESSURE_VAPEUR_missing
1,B_temporal,TEMPERATURE_VAPEUR_missing
1,B_temporal,TEMPERATURE_CUVE_ATTAQUE_missing
1,B_temporal,TEMPERATURE_CUVE_DE_PASSAGE_missing
1,B_temporal,TEMPERATURE_SLURRY_PULVERISATEUR_missing
1,B_temporal,DEPRESSURE_SECHEUR_missing
1,B_temporal,LEVEL_CUVE_PASSAGE_missing
1,B_temporal,TEMPERATURE_GAZ_SORTIE_SECHEUR_missing
1,B_temporal,FLOW_RATE_FIOUL_missing
1,B_temporal,TEMPERATURE_AIR_CHAUD_missing
1,B_temporal,FLOW_RATE_LIQUIDE_LAVAGE_missing
1,B_temporal,FLOW_RATE_VAPEUR_missing
1,B_temporal,FLOW_RATE_SLURRY_M3_HR_2_missing
1,B_temporal,TEMPERATURE_BRIQUE_missing
1,C_process,PRODUCTION_TSP_BALANCE
1,C_process,FLOW_RATE_PHOSPHORIC_ACID_1
1,C_process,FLOW_RATE_PHOSPHORIC_ACID_2
1,C_process,FLOW_RATE_GROUND_PHOSPHATE
1,C_process,FLOW_RATE_SLURRY_T_PER_HR
1,C_process,FLOW_RATE_SLURRY_M3_HR
1,C_process,RECYCLAGE
1,C_process,PRESSURE_VAPEUR
1,C_process,TEMPERATURE_VAPEUR
1,C_process,TEMPERATURE_CUVE_ATTAQUE
1,C_process,TEMPERATURE_CUVE_DE_PASSAGE
1,C_process,TEMPERATURE_SLURRY_PULVERISATEUR
1,C_process,DEPRESSURE_SECHEUR
1,C_process,LEVEL_CUVE_PASSAGE
1,C_process,TEMPERATURE_GAZ_SORTIE_SECHEUR
1,C_process,FLOW_RATE_FIOUL
1,C_process,TEMPERATURE_AIR_CHAUD
1,C_process,FLOW_RATE_LIQUIDE_LAVAGE
1,C_process,FLOW_RATE_VAPEUR
1,C_process,FLOW_RATE_SLURRY_M3_HR_2
1,C_process,TEMPERATURE_BRIQUE
1,C_process,TOTAL_ACID_FLOW
1,C_process,ACID_FLOW_IMBALANCE
1,C_process,ACID_TO_PHOSPHATE_RATIO
1,C_process,TOTAL_SLURRY_M3_FLOW
1,C_process,SLURRY_DENSITY_PROXY
1,C_process,ATTACK_PASSAGE_TEMP_GRADIENT
1,C_process,HOT_AIR_DRYER_OUTLET_GRADIENT
1,C_process,STEAM_SLURRY_TEMP_GRADIENT
1,C_process,STEAM_ENERGY_PROXY
1,C_process,DRYING_INTENSITY_PROXY
1,C_process,RECYCLE_TO_PRODUCTION_RATIO
1,C_process,FLOW_RATE_PHOSPHORIC_ACID_1_CV_10
1,C_process,FLOW_RATE_PHOSPHORIC_ACID_2_CV_10
1,C_process,FLOW_RATE_GROUND_PHOSPHATE_CV_10
1,C_process,FLOW_RATE_FIOUL_CV_10
1,C_process,FLOW_RATE_VAPEUR_CV_10
1,C_process,PRODUCTION_TSP_BALANCE_missing
1,C_process,FLOW_RATE_PHOSPHORIC_ACID_1_missing
1,C_process,FLOW_RATE_PHOSPHORIC_ACID_2_missing
1,C_process,FLOW_RATE_GROUND_PHOSPHATE_missing
1,C_process,FLOW_RATE_SLURRY_T_PER_HR_missing
1,C_process,FLOW_RATE_SLURRY_M3_HR_missing
1,C_process,RECYCLAGE_missing
1,C_process,PRESSURE_VAPEUR_missing
1,C_process,TEMPERATURE_VAPEUR_missing
1,C_process,TEMPERATURE_CUVE_ATTAQUE_missing
1,C_process,TEMPERATURE_CUVE_DE_PASSAGE_missing
1,C_process,TEMPERATURE_SLURRY_PULVERISATEUR_missing
1,C_process,DEPRESSURE_SECHEUR_missing
1,C_process,LEVEL_CUVE_PASSAGE_missing
1,C_process,TEMPERATURE_GAZ_SORTIE_SECHEUR_missing
1,C_process,FLOW_RATE_FIOUL_missing
1,C_process,TEMPERATURE_AIR_CHAUD_missing
1,C_process,FLOW_RATE_LIQUIDE_LAVAGE_missing
1,C_process,FLOW_RATE_VAPEUR_missing
1,C_process,FLOW_RATE_SLURRY_M3_HR_2_missing
1,C_process,TEMPERATURE_BRIQUE_missing
1,D_full,PRODUCTION_TSP_BALANCE
1,D_full,PRODUCTION_TSP_BALANCE_roll_mean_30
1,D_full,PRODUCTION_TSP_BALANCE_roll_std_10
1,D_full,PRODUCTION_TSP_BALANCE_diff_5
1,D_full,PRODUCTION_TSP_BALANCE_slope_10
1,D_full,FLOW_RATE_PHOSPHORIC_ACID_1
1,D_full,FLOW_RATE_PHOSPHORIC_ACID_1_lag_10
1,D_full,FLOW_RATE_PHOSPHORIC_ACID_1_roll_mean_10
1,D_full,FLOW_RATE_PHOSPHORIC_ACID_1_roll_mean_30
1,D_full,FLOW_RATE_PHOSPHORIC_ACID_1_roll_std_10
1,D_full,FLOW_RATE_PHOSPHORIC_ACID_1_diff_5
1,D_full,FLOW_RATE_PHOSPHORIC_ACID_1_slope_10
1,D_full,FLOW_RATE_PHOSPHORIC_ACID_2
1,D_full,FLOW_RATE_PHOSPHORIC_ACID_2_lag_10
1,D_full,FLOW_RATE_PHOSPHORIC_ACID_2_roll_mean_30
1,D_full,FLOW_RATE_PHOSPHORIC_ACID_2_roll_std_10
1,D_full,FLOW_RATE_PHOSPHORIC_ACID_2_diff_5
1,D_full,FLOW_RATE_PHOSPHORIC_ACID_2_slope_10
1,D_full,FLOW_RATE_GROUND_PHOSPHATE
1,D_full,FLOW_RATE_GROUND_PHOSPHATE_lag_10
1,D_full,FLOW_RATE_GROUND_PHOSPHATE_roll_mean_10
1,D_full,FLOW_RATE_GROUND_PHOSPHATE_roll_mean_30
1,D_full,FLOW_RATE_GROUND_PHOSPHATE_roll_std_10
1,D_full,FLOW_RATE_GROUND_PHOSPHATE_diff_5
1,D_full,FLOW_RATE_GROUND_PHOSPHATE_slope_10
1,D_full,FLOW_RATE_SLURRY_T_PER_HR
1,D_full,FLOW_RATE_SLURRY_T_PER_HR_lag_10
1,D_full,FLOW_RATE_SLURRY_T_PER_HR_roll_mean_30
1,D_full,FLOW_RATE_SLURRY_T_PER_HR_roll_std_10
1,D_full,FLOW_RATE_SLURRY_T_PER_HR_diff_5
1,D_full,FLOW_RATE_SLURRY_T_PER_HR_slope_10
1,D_full,FLOW_RATE_SLURRY_M3_HR
1,D_full,FLOW_RATE_SLURRY_M3_HR_lag_10
1,D_full,FLOW_RATE_SLURRY_M3_HR_roll_mean_10
1,D_full,FLOW_RATE_SLURRY_M3_HR_roll_mean_30
1,D_full,FLOW_RATE_SLURRY_M3_HR_roll_std_10
1,D_full,FLOW_RATE_SLURRY_M3_HR_diff_5
1,D_full,FLOW_RATE_SLURRY_M3_HR_slope_10
1,D_full,RECYCLAGE
1,D_full,RECYCLAGE_lag_10
1,D_full,RECYCLAGE_roll_mean_30
1,D_full,RECYCLAGE_roll_std_10
1,D_full,RECYCLAGE_diff_5
1,D_full,RECYCLAGE_slope_10
1,D_full,PRESSURE_VAPEUR
1,D_full,PRESSURE_VAPEUR_lag_5
1,D_full,PRESSURE_VAPEUR_lag_10
1,D_full,PRESSURE_VAPEUR_roll_mean_10
1,D_full,PRESSURE_VAPEUR_roll_mean_30
1,D_full,PRESSURE_VAPEUR_roll_std_10
1,D_full,PRESSURE_VAPEUR_diff_5
1,D_full,PRESSURE_VAPEUR_slope_10
1,D_full,TEMPERATURE_VAPEUR
1,D_full,TEMPERATURE_VAPEUR_lag_1
1,D_full,TEMPERATURE_VAPEUR_lag_5
1,D_full,TEMPERATURE_VAPEUR_lag_10
1,D_full,TEMPERATURE_VAPEUR_roll_mean_10
1,D_full,TEMPERATURE_VAPEUR_roll_mean_30
1,D_full,TEMPERATURE_VAPEUR_roll_std_10
1,D_full,TEMPERATURE_VAPEUR_diff_5
1,D_full,TEMPERATURE_VAPEUR_slope_10
1,D_full,TEMPERATURE_CUVE_ATTAQUE
1,D_full,TEMPERATURE_CUVE_ATTAQUE_lag_15
1,D_full,TEMPERATURE_CUVE_ATTAQUE_roll_mean_10
1,D_full,TEMPERATURE_CUVE_ATTAQUE_roll_mean_30
1,D_full,TEMPERATURE_CUVE_ATTAQUE_roll_std_10
1,D_full,TEMPERATURE_CUVE_ATTAQUE_diff_5
1,D_full,TEMPERATURE_CUVE_ATTAQUE_slope_10
1,D_full,TEMPERATURE_CUVE_DE_PASSAGE
1,D_full,TEMPERATURE_CUVE_DE_PASSAGE_roll_mean_30
1,D_full,TEMPERATURE_CUVE_DE_PASSAGE_roll_std_10
1,D_full,TEMPERATURE_CUVE_DE_PASSAGE_diff_5
1,D_full,TEMPERATURE_CUVE_DE_PASSAGE_slope_10
1,D_full,TEMPERATURE_SLURRY_PULVERISATEUR
1,D_full,TEMPERATURE_SLURRY_PULVERISATEUR_roll_mean_30
1,D_full,TEMPERATURE_SLURRY_PULVERISATEUR_roll_std_10
1,D_full,TEMPERATURE_SLURRY_PULVERISATEUR_diff_5
1,D_full,TEMPERATURE_SLURRY_PULVERISATEUR_slope_10
1,D_full,DEPRESSURE_SECHEUR
1,D_full,DEPRESSURE_SECHEUR_lag_1
1,D_full,DEPRESSURE_SECHEUR_lag_5
1,D_full,DEPRESSURE_SECHEUR_lag_10
1,D_full,DEPRESSURE_SECHEUR_roll_mean_10
1,D_full,DEPRESSURE_SECHEUR_roll_mean_30
1,D_full,DEPRESSURE_SECHEUR_roll_std_10
1,D_full,DEPRESSURE_SECHEUR_diff_5
1,D_full,DEPRESSURE_SECHEUR_slope_10
1,D_full,LEVEL_CUVE_PASSAGE
1,D_full,LEVEL_CUVE_PASSAGE_lag_5
1,D_full,LEVEL_CUVE_PASSAGE_lag_10
1,D_full,LEVEL_CUVE_PASSAGE_roll_mean_10
1,D_full,LEVEL_CUVE_PASSAGE_roll_mean_30
1,D_full,LEVEL_CUVE_PASSAGE_roll_std_10
1,D_full,LEVEL_CUVE_PASSAGE_diff_5
1,D_full,LEVEL_CUVE_PASSAGE_slope_10
1,D_full,TEMPERATURE_GAZ_SORTIE_SECHEUR
1,D_full,TEMPERATURE_GAZ_SORTIE_SECHEUR_lag_5
1,D_full,TEMPERATURE_GAZ_SORTIE_SECHEUR_lag_10
1,D_full,TEMPERATURE_GAZ_SORTIE_SECHEUR_roll_mean_10
1,D_full,TEMPERATURE_GAZ_SORTIE_SECHEUR_roll_mean_30
1,D_full,TEMPERATURE_GAZ_SORTIE_SECHEUR_roll_std_10
1,D_full,TEMPERATURE_GAZ_SORTIE_SECHEUR_diff_5
1,D_full,TEMPERATURE_GAZ_SORTIE_SECHEUR_slope_10
1,D_full,FLOW_RATE_FIOUL
1,D_full,FLOW_RATE_FIOUL_lag_10
1,D_full,FLOW_RATE_FIOUL_roll_mean_10
1,D_full,FLOW_RATE_FIOUL_roll_mean_30
1,D_full,FLOW_RATE_FIOUL_roll_std_10
1,D_full,FLOW_RATE_FIOUL_diff_5
1,D_full,FLOW_RATE_FIOUL_slope_10
1,D_full,TEMPERATURE_AIR_CHAUD
1,D_full,TEMPERATURE_AIR_CHAUD_lag_10
1,D_full,TEMPERATURE_AIR_CHAUD_roll_mean_30
1,D_full,TEMPERATURE_AIR_CHAUD_roll_std_10
1,D_full,TEMPERATURE_AIR_CHAUD_diff_5
1,D_full,TEMPERATURE_AIR_CHAUD_slope_10
1,D_full,FLOW_RATE_LIQUIDE_LAVAGE
1,D_full,FLOW_RATE_LIQUIDE_LAVAGE_lag_5
1,D_full,FLOW_RATE_LIQUIDE_LAVAGE_lag_10
1,D_full,FLOW_RATE_LIQUIDE_LAVAGE_roll_mean_30
1,D_full,FLOW_RATE_LIQUIDE_LAVAGE_roll_std_10
1,D_full,FLOW_RATE_LIQUIDE_LAVAGE_diff_5
1,D_full,FLOW_RATE_LIQUIDE_LAVAGE_slope_10
1,D_full,FLOW_RATE_VAPEUR
1,D_full,FLOW_RATE_VAPEUR_lag_10
1,D_full,FLOW_RATE_VAPEUR_roll_mean_30
1,D_full,FLOW_RATE_VAPEUR_roll_std_10
1,D_full,FLOW_RATE_VAPEUR_diff_5
1,D_full,FLOW_RATE_VAPEUR_slope_10
1,D_full,FLOW_RATE_SLURRY_M3_HR_2
1,D_full,FLOW_RATE_SLURRY_M3_HR_2_roll_mean_10
1,D_full,FLOW_RATE_SLURRY_M3_HR_2_roll_mean_30
1,D_full,FLOW_RATE_SLURRY_M3_HR_2_roll_std_10
1,D_full,FLOW_RATE_SLURRY_M3_HR_2_diff_5
1,D_full,FLOW_RATE_SLURRY_M3_HR_2_slope_10
1,D_full,TEMPERATURE_BRIQUE
1,D_full,TEMPERATURE_BRIQUE_roll_mean_10
1,D_full,TEMPERATURE_BRIQUE_roll_mean_30
1,D_full,TEMPERATURE_BRIQUE_roll_std_10
1,D_full,TEMPERATURE_BRIQUE_diff_5
1,D_full,TEMPERATURE_BRIQUE_slope_10
1,D_full,TOTAL_ACID_FLOW
1,D_full,ACID_FLOW_IMBALANCE
1,D_full,ACID_TO_PHOSPHATE_RATIO
1,D_full,TOTAL_SLURRY_M3_FLOW
1,D_full,SLURRY_DENSITY_PROXY
1,D_full,ATTACK_PASSAGE_TEMP_GRADIENT
1,D_full,HOT_AIR_DRYER_OUTLET_GRADIENT
1,D_full,STEAM_SLURRY_TEMP_GRADIENT
1,D_full,STEAM_ENERGY_PROXY
1,D_full,DRYING_INTENSITY_PROXY
1,D_full,RECYCLE_TO_PRODUCTION_RATIO
1,D_full,FLOW_RATE_PHOSPHORIC_ACID_1_CV_10
1,D_full,FLOW_RATE_PHOSPHORIC_ACID_2_CV_10
1,D_full,FLOW_RATE_GROUND_PHOSPHATE_CV_10
1,D_full,FLOW_RATE_FIOUL_CV_10
1,D_full,FLOW_RATE_VAPEUR_CV_10
1,D_full,PRODUCTION_TSP_BALANCE_missing
1,D_full,FLOW_RATE_PHOSPHORIC_ACID_1_missing
1,D_full,FLOW_RATE_PHOSPHORIC_ACID_2_missing
1,D_full,FLOW_RATE_GROUND_PHOSPHATE_missing
1,D_full,FLOW_RATE_SLURRY_T_PER_HR_missing
1,D_full,FLOW_RATE_SLURRY_M3_HR_missing
1,D_full,RECYCLAGE_missing
1,D_full,PRESSURE_VAPEUR_missing
1,D_full,TEMPERATURE_VAPEUR_missing
1,D_full,TEMPERATURE_CUVE_ATTAQUE_missing
1,D_full,TEMPERATURE_CUVE_DE_PASSAGE_missing
1,D_full,TEMPERATURE_SLURRY_PULVERISATEUR_missing
1,D_full,DEPRESSURE_SECHEUR_missing
1,D_full,LEVEL_CUVE_PASSAGE_missing
1,D_full,TEMPERATURE_GAZ_SORTIE_SECHEUR_missing
1,D_full,FLOW_RATE_FIOUL_missing
1,D_full,TEMPERATURE_AIR_CHAUD_missing
1,D_full,FLOW_RATE_LIQUIDE_LAVAGE_missing
1,D_full,FLOW_RATE_VAPEUR_missing
1,D_full,FLOW_RATE_SLURRY_M3_HR_2_missing
1,D_full,TEMPERATURE_BRIQUE_missing
5,A_raw,PRODUCTION_TSP_BALANCE
5,A_raw,FLOW_RATE_PHOSPHORIC_ACID_1
5,A_raw,FLOW_RATE_PHOSPHORIC_ACID_2
5,A_raw,FLOW_RATE_GROUND_PHOSPHATE
5,A_raw,FLOW_RATE_SLURRY_T_PER_HR
5,A_raw,FLOW_RATE_SLURRY_M3_HR
5,A_raw,RECYCLAGE
5,A_raw,PRESSURE_VAPEUR
5,A_raw,TEMPERATURE_VAPEUR
5,A_raw,TEMPERATURE_CUVE_ATTAQUE
5,A_raw,TEMPERATURE_CUVE_DE_PASSAGE
5,A_raw,TEMPERATURE_SLURRY_PULVERISATEUR
5,A_raw,DEPRESSURE_SECHEUR
5,A_raw,LEVEL_CUVE_PASSAGE
5,A_raw,TEMPERATURE_GAZ_SORTIE_SECHEUR
5,A_raw,FLOW_RATE_FIOUL
5,A_raw,TEMPERATURE_AIR_CHAUD
5,A_raw,FLOW_RATE_LIQUIDE_LAVAGE
5,A_raw,FLOW_RATE_VAPEUR
5,A_raw,FLOW_RATE_SLURRY_M3_HR_2
5,A_raw,TEMPERATURE_BRIQUE
5,B_temporal,PRODUCTION_TSP_BALANCE
5,B_temporal,PRODUCTION_TSP_BALANCE_roll_mean_30
5,B_temporal,PRODUCTION_TSP_BALANCE_roll_std_10
5,B_temporal,PRODUCTION_TSP_BALANCE_diff_5
5,B_temporal,PRODUCTION_TSP_BALANCE_slope_10
5,B_temporal,FLOW_RATE_PHOSPHORIC_ACID_1
5,B_temporal,FLOW_RATE_PHOSPHORIC_ACID_1_lag_10
5,B_temporal,FLOW_RATE_PHOSPHORIC_ACID_1_roll_mean_10
5,B_temporal,FLOW_RATE_PHOSPHORIC_ACID_1_roll_mean_30
5,B_temporal,FLOW_RATE_PHOSPHORIC_ACID_1_roll_std_10
5,B_temporal,FLOW_RATE_PHOSPHORIC_ACID_1_diff_5
5,B_temporal,FLOW_RATE_PHOSPHORIC_ACID_1_slope_10
5,B_temporal,FLOW_RATE_PHOSPHORIC_ACID_2
5,B_temporal,FLOW_RATE_PHOSPHORIC_ACID_2_lag_10
5,B_temporal,FLOW_RATE_PHOSPHORIC_ACID_2_roll_mean_30
5,B_temporal,FLOW_RATE_PHOSPHORIC_ACID_2_roll_std_10
5,B_temporal,FLOW_RATE_PHOSPHORIC_ACID_2_diff_5
5,B_temporal,FLOW_RATE_PHOSPHORIC_ACID_2_slope_10
5,B_temporal,FLOW_RATE_GROUND_PHOSPHATE
5,B_temporal,FLOW_RATE_GROUND_PHOSPHATE_lag_10
5,B_temporal,FLOW_RATE_GROUND_PHOSPHATE_roll_mean_10
5,B_temporal,FLOW_RATE_GROUND_PHOSPHATE_roll_mean_30
5,B_temporal,FLOW_RATE_GROUND_PHOSPHATE_roll_std_10
5,B_temporal,FLOW_RATE_GROUND_PHOSPHATE_diff_5
5,B_temporal,FLOW_RATE_GROUND_PHOSPHATE_slope_10
5,B_temporal,FLOW_RATE_SLURRY_T_PER_HR
5,B_temporal,FLOW_RATE_SLURRY_T_PER_HR_lag_10
5,B_temporal,FLOW_RATE_SLURRY_T_PER_HR_roll_mean_30
5,B_temporal,FLOW_RATE_SLURRY_T_PER_HR_roll_std_10
5,B_temporal,FLOW_RATE_SLURRY_T_PER_HR_diff_5
5,B_temporal,FLOW_RATE_SLURRY_T_PER_HR_slope_10
5,B_temporal,FLOW_RATE_SLURRY_M3_HR
5,B_temporal,FLOW_RATE_SLURRY_M3_HR_lag_10
5,B_temporal,FLOW_RATE_SLURRY_M3_HR_roll_mean_10
5,B_temporal,FLOW_RATE_SLURRY_M3_HR_roll_mean_30
5,B_temporal,FLOW_RATE_SLURRY_M3_HR_roll_std_10
5,B_temporal,FLOW_RATE_SLURRY_M3_HR_diff_5
5,B_temporal,FLOW_RATE_SLURRY_M3_HR_slope_10
5,B_temporal,RECYCLAGE
5,B_temporal,RECYCLAGE_lag_10
5,B_temporal,RECYCLAGE_roll_mean_30
5,B_temporal,RECYCLAGE_roll_std_10
5,B_temporal,RECYCLAGE_diff_5
5,B_temporal,RECYCLAGE_slope_10
5,B_temporal,PRESSURE_VAPEUR
5,B_temporal,PRESSURE_VAPEUR_lag_5
5,B_temporal,PRESSURE_VAPEUR_lag_10
5,B_temporal,PRESSURE_VAPEUR_roll_mean_10
5,B_temporal,PRESSURE_VAPEUR_roll_mean_30
5,B_temporal,PRESSURE_VAPEUR_roll_std_10
5,B_temporal,PRESSURE_VAPEUR_diff_5
5,B_temporal,PRESSURE_VAPEUR_slope_10
5,B_temporal,TEMPERATURE_VAPEUR
5,B_temporal,TEMPERATURE_VAPEUR_lag_1
5,B_temporal,TEMPERATURE_VAPEUR_lag_5
5,B_temporal,TEMPERATURE_VAPEUR_lag_10
5,B_temporal,TEMPERATURE_VAPEUR_roll_mean_10
5,B_temporal,TEMPERATURE_VAPEUR_roll_mean_30
5,B_temporal,TEMPERATURE_VAPEUR_roll_std_10
5,B_temporal,TEMPERATURE_VAPEUR_diff_5
5,B_temporal,TEMPERATURE_VAPEUR_slope_10
5,B_temporal,TEMPERATURE_CUVE_ATTAQUE
5,B_temporal,TEMPERATURE_CUVE_ATTAQUE_lag_15
5,B_temporal,TEMPERATURE_CUVE_ATTAQUE_roll_mean_10
5,B_temporal,TEMPERATURE_CUVE_ATTAQUE_roll_mean_30
5,B_temporal,TEMPERATURE_CUVE_ATTAQUE_roll_std_10
5,B_temporal,TEMPERATURE_CUVE_ATTAQUE_diff_5
5,B_temporal,TEMPERATURE_CUVE_ATTAQUE_slope_10
5,B_temporal,TEMPERATURE_CUVE_DE_PASSAGE
5,B_temporal,TEMPERATURE_CUVE_DE_PASSAGE_roll_mean_30
5,B_temporal,TEMPERATURE_CUVE_DE_PASSAGE_roll_std_10
5,B_temporal,TEMPERATURE_CUVE_DE_PASSAGE_diff_5
5,B_temporal,TEMPERATURE_CUVE_DE_PASSAGE_slope_10
5,B_temporal,TEMPERATURE_SLURRY_PULVERISATEUR
5,B_temporal,TEMPERATURE_SLURRY_PULVERISATEUR_roll_mean_30
5,B_temporal,TEMPERATURE_SLURRY_PULVERISATEUR_roll_std_10
5,B_temporal,TEMPERATURE_SLURRY_PULVERISATEUR_diff_5
5,B_temporal,TEMPERATURE_SLURRY_PULVERISATEUR_slope_10
5,B_temporal,DEPRESSURE_SECHEUR
5,B_temporal,DEPRESSURE_SECHEUR_lag_1
5,B_temporal,DEPRESSURE_SECHEUR_lag_5
5,B_temporal,DEPRESSURE_SECHEUR_lag_10
5,B_temporal,DEPRESSURE_SECHEUR_roll_mean_10
5,B_temporal,DEPRESSURE_SECHEUR_roll_mean_30
5,B_temporal,DEPRESSURE_SECHEUR_roll_std_10
5,B_temporal,DEPRESSURE_SECHEUR_diff_5
5,B_temporal,DEPRESSURE_SECHEUR_slope_10
5,B_temporal,LEVEL_CUVE_PASSAGE
5,B_temporal,LEVEL_CUVE_PASSAGE_lag_5
5,B_temporal,LEVEL_CUVE_PASSAGE_lag_10
5,B_temporal,LEVEL_CUVE_PASSAGE_roll_mean_10
5,B_temporal,LEVEL_CUVE_PASSAGE_roll_mean_30
5,B_temporal,LEVEL_CUVE_PASSAGE_roll_std_10
5,B_temporal,LEVEL_CUVE_PASSAGE_diff_5
5,B_temporal,LEVEL_CUVE_PASSAGE_slope_10
5,B_temporal,TEMPERATURE_GAZ_SORTIE_SECHEUR
5,B_temporal,TEMPERATURE_GAZ_SORTIE_SECHEUR_lag_5
5,B_temporal,TEMPERATURE_GAZ_SORTIE_SECHEUR_lag_10
5,B_temporal,TEMPERATURE_GAZ_SORTIE_SECHEUR_roll_mean_10
5,B_temporal,TEMPERATURE_GAZ_SORTIE_SECHEUR_roll_mean_30
5,B_temporal,TEMPERATURE_GAZ_SORTIE_SECHEUR_roll_std_10
5,B_temporal,TEMPERATURE_GAZ_SORTIE_SECHEUR_diff_5
5,B_temporal,TEMPERATURE_GAZ_SORTIE_SECHEUR_slope_10
5,B_temporal,FLOW_RATE_FIOUL
5,B_temporal,FLOW_RATE_FIOUL_lag_10
5,B_temporal,FLOW_RATE_FIOUL_roll_mean_10
5,B_temporal,FLOW_RATE_FIOUL_roll_mean_30
5,B_temporal,FLOW_RATE_FIOUL_roll_std_10
5,B_temporal,FLOW_RATE_FIOUL_diff_5
5,B_temporal,FLOW_RATE_FIOUL_slope_10
5,B_temporal,TEMPERATURE_AIR_CHAUD
5,B_temporal,TEMPERATURE_AIR_CHAUD_lag_10
5,B_temporal,TEMPERATURE_AIR_CHAUD_roll_mean_30
5,B_temporal,TEMPERATURE_AIR_CHAUD_roll_std_10
5,B_temporal,TEMPERATURE_AIR_CHAUD_diff_5
5,B_temporal,TEMPERATURE_AIR_CHAUD_slope_10
5,B_temporal,FLOW_RATE_LIQUIDE_LAVAGE
5,B_temporal,FLOW_RATE_LIQUIDE_LAVAGE_lag_5
5,B_temporal,FLOW_RATE_LIQUIDE_LAVAGE_lag_10
5,B_temporal,FLOW_RATE_LIQUIDE_LAVAGE_roll_mean_30
5,B_temporal,FLOW_RATE_LIQUIDE_LAVAGE_roll_std_10
5,B_temporal,FLOW_RATE_LIQUIDE_LAVAGE_diff_5
5,B_temporal,FLOW_RATE_LIQUIDE_LAVAGE_slope_10
5,B_temporal,FLOW_RATE_VAPEUR
5,B_temporal,FLOW_RATE_VAPEUR_lag_10
5,B_temporal,FLOW_RATE_VAPEUR_roll_mean_30
5,B_temporal,FLOW_RATE_VAPEUR_roll_std_10
5,B_temporal,FLOW_RATE_VAPEUR_diff_5
5,B_temporal,FLOW_RATE_VAPEUR_slope_10
5,B_temporal,FLOW_RATE_SLURRY_M3_HR_2
5,B_temporal,FLOW_RATE_SLURRY_M3_HR_2_roll_mean_10
5,B_temporal,FLOW_RATE_SLURRY_M3_HR_2_roll_mean_30
5,B_temporal,FLOW_RATE_SLURRY_M3_HR_2_roll_std_10
5,B_temporal,FLOW_RATE_SLURRY_M3_HR_2_diff_5
5,B_temporal,FLOW_RATE_SLURRY_M3_HR_2_slope_10
5,B_temporal,TEMPERATURE_BRIQUE
5,B_temporal,TEMPERATURE_BRIQUE_roll_mean_10
5,B_temporal,TEMPERATURE_BRIQUE_roll_mean_30
5,B_temporal,TEMPERATURE_BRIQUE_roll_std_10
5,B_temporal,TEMPERATURE_BRIQUE_diff_5
5,B_temporal,TEMPERATURE_BRIQUE_slope_10
5,B_temporal,PRODUCTION_TSP_BALANCE_missing
5,B_temporal,FLOW_RATE_PHOSPHORIC_ACID_1_missing
5,B_temporal,FLOW_RATE_PHOSPHORIC_ACID_2_missing
5,B_temporal,FLOW_RATE_GROUND_PHOSPHATE_missing
5,B_temporal,FLOW_RATE_SLURRY_T_PER_HR_missing
5,B_temporal,FLOW_RATE_SLURRY_M3_HR_missing
5,B_temporal,RECYCLAGE_missing
5,B_temporal,PRESSURE_VAPEUR_missing
5,B_temporal,TEMPERATURE_VAPEUR_missing
5,B_temporal,TEMPERATURE_CUVE_ATTAQUE_missing
5,B_temporal,TEMPERATURE_CUVE_DE_PASSAGE_missing
5,B_temporal,TEMPERATURE_SLURRY_PULVERISATEUR_missing
5,B_temporal,DEPRESSURE_SECHEUR_missing
5,B_temporal,LEVEL_CUVE_PASSAGE_missing
5,B_temporal,TEMPERATURE_GAZ_SORTIE_SECHEUR_missing
5,B_temporal,FLOW_RATE_FIOUL_missing
5,B_temporal,TEMPERATURE_AIR_CHAUD_missing
5,B_temporal,FLOW_RATE_LIQUIDE_LAVAGE_missing
5,B_temporal,FLOW_RATE_VAPEUR_missing
5,B_temporal,FLOW_RATE_SLURRY_M3_HR_2_missing
5,B_temporal,TEMPERATURE_BRIQUE_missing
5,C_process,PRODUCTION_TSP_BALANCE
5,C_process,FLOW_RATE_PHOSPHORIC_ACID_1
5,C_process,FLOW_RATE_PHOSPHORIC_ACID_2
5,C_process,FLOW_RATE_GROUND_PHOSPHATE
5,C_process,FLOW_RATE_SLURRY_T_PER_HR
5,C_process,FLOW_RATE_SLURRY_M3_HR
5,C_process,RECYCLAGE
5,C_process,PRESSURE_VAPEUR
5,C_process,TEMPERATURE_VAPEUR
5,C_process,TEMPERATURE_CUVE_ATTAQUE
5,C_process,TEMPERATURE_CUVE_DE_PASSAGE
5,C_process,TEMPERATURE_SLURRY_PULVERISATEUR
5,C_process,DEPRESSURE_SECHEUR
5,C_process,LEVEL_CUVE_PASSAGE
5,C_process,TEMPERATURE_GAZ_SORTIE_SECHEUR
5,C_process,FLOW_RATE_FIOUL
5,C_process,TEMPERATURE_AIR_CHAUD
5,C_process,FLOW_RATE_LIQUIDE_LAVAGE
5,C_process,FLOW_RATE_VAPEUR
5,C_process,FLOW_RATE_SLURRY_M3_HR_2
5,C_process,TEMPERATURE_BRIQUE
5,C_process,TOTAL_ACID_FLOW
5,C_process,ACID_FLOW_IMBALANCE
5,C_process,ACID_TO_PHOSPHATE_RATIO
5,C_process,TOTAL_SLURRY_M3_FLOW
5,C_process,SLURRY_DENSITY_PROXY
5,C_process,ATTACK_PASSAGE_TEMP_GRADIENT
5,C_process,HOT_AIR_DRYER_OUTLET_GRADIENT
5,C_process,STEAM_SLURRY_TEMP_GRADIENT
5,C_process,STEAM_ENERGY_PROXY
5,C_process,DRYING_INTENSITY_PROXY
5,C_process,RECYCLE_TO_PRODUCTION_RATIO
5,C_process,FLOW_RATE_PHOSPHORIC_ACID_1_CV_10
5,C_process,FLOW_RATE_PHOSPHORIC_ACID_2_CV_10
5,C_process,FLOW_RATE_GROUND_PHOSPHATE_CV_10
5,C_process,FLOW_RATE_FIOUL_CV_10
5,C_process,FLOW_RATE_VAPEUR_CV_10
5,C_process,PRODUCTION_TSP_BALANCE_missing
5,C_process,FLOW_RATE_PHOSPHORIC_ACID_1_missing
5,C_process,FLOW_RATE_PHOSPHORIC_ACID_2_missing
5,C_process,FLOW_RATE_GROUND_PHOSPHATE_missing
5,C_process,FLOW_RATE_SLURRY_T_PER_HR_missing
5,C_process,FLOW_RATE_SLURRY_M3_HR_missing
5,C_process,RECYCLAGE_missing
5,C_process,PRESSURE_VAPEUR_missing
5,C_process,TEMPERATURE_VAPEUR_missing
5,C_process,TEMPERATURE_CUVE_ATTAQUE_missing
5,C_process,TEMPERATURE_CUVE_DE_PASSAGE_missing
5,C_process,TEMPERATURE_SLURRY_PULVERISATEUR_missing
5,C_process,DEPRESSURE_SECHEUR_missing
5,C_process,LEVEL_CUVE_PASSAGE_missing
5,C_process,TEMPERATURE_GAZ_SORTIE_SECHEUR_missing
5,C_process,FLOW_RATE_FIOUL_missing
5,C_process,TEMPERATURE_AIR_CHAUD_missing
5,C_process,FLOW_RATE_LIQUIDE_LAVAGE_missing
5,C_process,FLOW_RATE_VAPEUR_missing
5,C_process,FLOW_RATE_SLURRY_M3_HR_2_missing
5,C_process,TEMPERATURE_BRIQUE_missing
5,D_full,PRODUCTION_TSP_BALANCE
5,D_full,PRODUCTION_TSP_BALANCE_roll_mean_30
5,D_full,PRODUCTION_TSP_BALANCE_roll_std_10
5,D_full,PRODUCTION_TSP_BALANCE_diff_5
5,D_full,PRODUCTION_TSP_BALANCE_slope_10
5,D_full,FLOW_RATE_PHOSPHORIC_ACID_1
5,D_full,FLOW_RATE_PHOSPHORIC_ACID_1_lag_10
5,D_full,FLOW_RATE_PHOSPHORIC_ACID_1_roll_mean_10
5,D_full,FLOW_RATE_PHOSPHORIC_ACID_1_roll_mean_30
5,D_full,FLOW_RATE_PHOSPHORIC_ACID_1_roll_std_10
5,D_full,FLOW_RATE_PHOSPHORIC_ACID_1_diff_5
5,D_full,FLOW_RATE_PHOSPHORIC_ACID_1_slope_10
5,D_full,FLOW_RATE_PHOSPHORIC_ACID_2
5,D_full,FLOW_RATE_PHOSPHORIC_ACID_2_lag_10
5,D_full,FLOW_RATE_PHOSPHORIC_ACID_2_roll_mean_30
5,D_full,FLOW_RATE_PHOSPHORIC_ACID_2_roll_std_10
5,D_full,FLOW_RATE_PHOSPHORIC_ACID_2_diff_5
5,D_full,FLOW_RATE_PHOSPHORIC_ACID_2_slope_10
5,D_full,FLOW_RATE_GROUND_PHOSPHATE
5,D_full,FLOW_RATE_GROUND_PHOSPHATE_lag_10
5,D_full,FLOW_RATE_GROUND_PHOSPHATE_roll_mean_10
5,D_full,FLOW_RATE_GROUND_PHOSPHATE_roll_mean_30
5,D_full,FLOW_RATE_GROUND_PHOSPHATE_roll_std_10
5,D_full,FLOW_RATE_GROUND_PHOSPHATE_diff_5
5,D_full,FLOW_RATE_GROUND_PHOSPHATE_slope_10
5,D_full,FLOW_RATE_SLURRY_T_PER_HR
5,D_full,FLOW_RATE_SLURRY_T_PER_HR_lag_10
5,D_full,FLOW_RATE_SLURRY_T_PER_HR_roll_mean_30
5,D_full,FLOW_RATE_SLURRY_T_PER_HR_roll_std_10
5,D_full,FLOW_RATE_SLURRY_T_PER_HR_diff_5
5,D_full,FLOW_RATE_SLURRY_T_PER_HR_slope_10
5,D_full,FLOW_RATE_SLURRY_M3_HR
5,D_full,FLOW_RATE_SLURRY_M3_HR_lag_10
5,D_full,FLOW_RATE_SLURRY_M3_HR_roll_mean_10
5,D_full,FLOW_RATE_SLURRY_M3_HR_roll_mean_30
5,D_full,FLOW_RATE_SLURRY_M3_HR_roll_std_10
5,D_full,FLOW_RATE_SLURRY_M3_HR_diff_5
5,D_full,FLOW_RATE_SLURRY_M3_HR_slope_10
5,D_full,RECYCLAGE
5,D_full,RECYCLAGE_lag_10
5,D_full,RECYCLAGE_roll_mean_30
5,D_full,RECYCLAGE_roll_std_10
5,D_full,RECYCLAGE_diff_5
5,D_full,RECYCLAGE_slope_10
5,D_full,PRESSURE_VAPEUR
5,D_full,PRESSURE_VAPEUR_lag_5
5,D_full,PRESSURE_VAPEUR_lag_10
5,D_full,PRESSURE_VAPEUR_roll_mean_10
5,D_full,PRESSURE_VAPEUR_roll_mean_30
5,D_full,PRESSURE_VAPEUR_roll_std_10
5,D_full,PRESSURE_VAPEUR_diff_5
5,D_full,PRESSURE_VAPEUR_slope_10
5,D_full,TEMPERATURE_VAPEUR
5,D_full,TEMPERATURE_VAPEUR_lag_1
5,D_full,TEMPERATURE_VAPEUR_lag_5
5,D_full,TEMPERATURE_VAPEUR_lag_10
5,D_full,TEMPERATURE_VAPEUR_roll_mean_10
5,D_full,TEMPERATURE_VAPEUR_roll_mean_30
5,D_full,TEMPERATURE_VAPEUR_roll_std_10
5,D_full,TEMPERATURE_VAPEUR_diff_5
5,D_full,TEMPERATURE_VAPEUR_slope_10
5,D_full,TEMPERATURE_CUVE_ATTAQUE
5,D_full,TEMPERATURE_CUVE_ATTAQUE_lag_15
5,D_full,TEMPERATURE_CUVE_ATTAQUE_roll_mean_10
5,D_full,TEMPERATURE_CUVE_ATTAQUE_roll_mean_30
5,D_full,TEMPERATURE_CUVE_ATTAQUE_roll_std_10
5,D_full,TEMPERATURE_CUVE_ATTAQUE_diff_5
5,D_full,TEMPERATURE_CUVE_ATTAQUE_slope_10
5,D_full,TEMPERATURE_CUVE_DE_PASSAGE
5,D_full,TEMPERATURE_CUVE_DE_PASSAGE_roll_mean_30
5,D_full,TEMPERATURE_CUVE_DE_PASSAGE_roll_std_10
5,D_full,TEMPERATURE_CUVE_DE_PASSAGE_diff_5
5,D_full,TEMPERATURE_CUVE_DE_PASSAGE_slope_10
5,D_full,TEMPERATURE_SLURRY_PULVERISATEUR
5,D_full,TEMPERATURE_SLURRY_PULVERISATEUR_roll_mean_30
5,D_full,TEMPERATURE_SLURRY_PULVERISATEUR_roll_std_10
5,D_full,TEMPERATURE_SLURRY_PULVERISATEUR_diff_5
5,D_full,TEMPERATURE_SLURRY_PULVERISATEUR_slope_10
5,D_full,DEPRESSURE_SECHEUR
5,D_full,DEPRESSURE_SECHEUR_lag_1
5,D_full,DEPRESSURE_SECHEUR_lag_5
5,D_full,DEPRESSURE_SECHEUR_lag_10
5,D_full,DEPRESSURE_SECHEUR_roll_mean_10
5,D_full,DEPRESSURE_SECHEUR_roll_mean_30
5,D_full,DEPRESSURE_SECHEUR_roll_std_10
5,D_full,DEPRESSURE_SECHEUR_diff_5
5,D_full,DEPRESSURE_SECHEUR_slope_10
5,D_full,LEVEL_CUVE_PASSAGE
5,D_full,LEVEL_CUVE_PASSAGE_lag_5
5,D_full,LEVEL_CUVE_PASSAGE_lag_10
5,D_full,LEVEL_CUVE_PASSAGE_roll_mean_10
5,D_full,LEVEL_CUVE_PASSAGE_roll_mean_30
5,D_full,LEVEL_CUVE_PASSAGE_roll_std_10
5,D_full,LEVEL_CUVE_PASSAGE_diff_5
5,D_full,LEVEL_CUVE_PASSAGE_slope_10
5,D_full,TEMPERATURE_GAZ_SORTIE_SECHEUR
5,D_full,TEMPERATURE_GAZ_SORTIE_SECHEUR_lag_5
5,D_full,TEMPERATURE_GAZ_SORTIE_SECHEUR_lag_10
5,D_full,TEMPERATURE_GAZ_SORTIE_SECHEUR_roll_mean_10
5,D_full,TEMPERATURE_GAZ_SORTIE_SECHEUR_roll_mean_30
5,D_full,TEMPERATURE_GAZ_SORTIE_SECHEUR_roll_std_10
5,D_full,TEMPERATURE_GAZ_SORTIE_SECHEUR_diff_5
5,D_full,TEMPERATURE_GAZ_SORTIE_SECHEUR_slope_10
5,D_full,FLOW_RATE_FIOUL
5,D_full,FLOW_RATE_FIOUL_lag_10
5,D_full,FLOW_RATE_FIOUL_roll_mean_10
5,D_full,FLOW_RATE_FIOUL_roll_mean_30
5,D_full,FLOW_RATE_FIOUL_roll_std_10
5,D_full,FLOW_RATE_FIOUL_diff_5
5,D_full,FLOW_RATE_FIOUL_slope_10
5,D_full,TEMPERATURE_AIR_CHAUD
5,D_full,TEMPERATURE_AIR_CHAUD_lag_10
5,D_full,TEMPERATURE_AIR_CHAUD_roll_mean_30
5,D_full,TEMPERATURE_AIR_CHAUD_roll_std_10
5,D_full,TEMPERATURE_AIR_CHAUD_diff_5
5,D_full,TEMPERATURE_AIR_CHAUD_slope_10
5,D_full,FLOW_RATE_LIQUIDE_LAVAGE
5,D_full,FLOW_RATE_LIQUIDE_LAVAGE_lag_5
5,D_full,FLOW_RATE_LIQUIDE_LAVAGE_lag_10
5,D_full,FLOW_RATE_LIQUIDE_LAVAGE_roll_mean_30
5,D_full,FLOW_RATE_LIQUIDE_LAVAGE_roll_std_10
5,D_full,FLOW_RATE_LIQUIDE_LAVAGE_diff_5
5,D_full,FLOW_RATE_LIQUIDE_LAVAGE_slope_10
5,D_full,FLOW_RATE_VAPEUR
5,D_full,FLOW_RATE_VAPEUR_lag_10
5,D_full,FLOW_RATE_VAPEUR_roll_mean_30
5,D_full,FLOW_RATE_VAPEUR_roll_std_10
5,D_full,FLOW_RATE_VAPEUR_diff_5
5,D_full,FLOW_RATE_VAPEUR_slope_10
5,D_full,FLOW_RATE_SLURRY_M3_HR_2
5,D_full,FLOW_RATE_SLURRY_M3_HR_2_roll_mean_10
5,D_full,FLOW_RATE_SLURRY_M3_HR_2_roll_mean_30
5,D_full,FLOW_RATE_SLURRY_M3_HR_2_roll_std_10
5,D_full,FLOW_RATE_SLURRY_M3_HR_2_diff_5
5,D_full,FLOW_RATE_SLURRY_M3_HR_2_slope_10
5,D_full,TEMPERATURE_BRIQUE
5,D_full,TEMPERATURE_BRIQUE_roll_mean_10
5,D_full,TEMPERATURE_BRIQUE_roll_mean_30
5,D_full,TEMPERATURE_BRIQUE_roll_std_10
5,D_full,TEMPERATURE_BRIQUE_diff_5
5,D_full,TEMPERATURE_BRIQUE_slope_10
5,D_full,TOTAL_ACID_FLOW
5,D_full,ACID_FLOW_IMBALANCE
5,D_full,ACID_TO_PHOSPHATE_RATIO
5,D_full,TOTAL_SLURRY_M3_FLOW
5,D_full,SLURRY_DENSITY_PROXY
5,D_full,ATTACK_PASSAGE_TEMP_GRADIENT
5,D_full,HOT_AIR_DRYER_OUTLET_GRADIENT
5,D_full,STEAM_SLURRY_TEMP_GRADIENT
5,D_full,STEAM_ENERGY_PROXY
5,D_full,DRYING_INTENSITY_PROXY
5,D_full,RECYCLE_TO_PRODUCTION_RATIO
5,D_full,FLOW_RATE_PHOSPHORIC_ACID_1_CV_10
5,D_full,FLOW_RATE_PHOSPHORIC_ACID_2_CV_10
5,D_full,FLOW_RATE_GROUND_PHOSPHATE_CV_10
5,D_full,FLOW_RATE_FIOUL_CV_10
5,D_full,FLOW_RATE_VAPEUR_CV_10
5,D_full,PRODUCTION_TSP_BALANCE_missing
5,D_full,FLOW_RATE_PHOSPHORIC_ACID_1_missing
5,D_full,FLOW_RATE_PHOSPHORIC_ACID_2_missing
5,D_full,FLOW_RATE_GROUND_PHOSPHATE_missing
5,D_full,FLOW_RATE_SLURRY_T_PER_HR_missing
5,D_full,FLOW_RATE_SLURRY_M3_HR_missing
5,D_full,RECYCLAGE_missing
5,D_full,PRESSURE_VAPEUR_missing
5,D_full,TEMPERATURE_VAPEUR_missing
5,D_full,TEMPERATURE_CUVE_ATTAQUE_missing
5,D_full,TEMPERATURE_CUVE_DE_PASSAGE_missing
5,D_full,TEMPERATURE_SLURRY_PULVERISATEUR_missing
5,D_full,DEPRESSURE_SECHEUR_missing
5,D_full,LEVEL_CUVE_PASSAGE_missing
5,D_full,TEMPERATURE_GAZ_SORTIE_SECHEUR_missing
5,D_full,FLOW_RATE_FIOUL_missing
5,D_full,TEMPERATURE_AIR_CHAUD_missing
5,D_full,FLOW_RATE_LIQUIDE_LAVAGE_missing
5,D_full,FLOW_RATE_VAPEUR_missing
5,D_full,FLOW_RATE_SLURRY_M3_HR_2_missing
5,D_full,TEMPERATURE_BRIQUE_missing
10,A_raw,PRODUCTION_TSP_BALANCE
10,A_raw,FLOW_RATE_PHOSPHORIC_ACID_1
10,A_raw,FLOW_RATE_PHOSPHORIC_ACID_2
10,A_raw,FLOW_RATE_GROUND_PHOSPHATE
10,A_raw,FLOW_RATE_SLURRY_T_PER_HR
10,A_raw,FLOW_RATE_SLURRY_M3_HR
10,A_raw,RECYCLAGE
10,A_raw,PRESSURE_VAPEUR
10,A_raw,TEMPERATURE_VAPEUR
10,A_raw,TEMPERATURE_CUVE_ATTAQUE
10,A_raw,TEMPERATURE_CUVE_DE_PASSAGE
10,A_raw,TEMPERATURE_SLURRY_PULVERISATEUR
10,A_raw,DEPRESSURE_SECHEUR
10,A_raw,LEVEL_CUVE_PASSAGE
10,A_raw,TEMPERATURE_GAZ_SORTIE_SECHEUR
10,A_raw,FLOW_RATE_FIOUL
10,A_raw,TEMPERATURE_AIR_CHAUD
10,A_raw,FLOW_RATE_LIQUIDE_LAVAGE
10,A_raw,FLOW_RATE_VAPEUR
10,A_raw,FLOW_RATE_SLURRY_M3_HR_2
10,A_raw,TEMPERATURE_BRIQUE
10,B_temporal,PRODUCTION_TSP_BALANCE
10,B_temporal,PRODUCTION_TSP_BALANCE_roll_mean_30
10,B_temporal,PRODUCTION_TSP_BALANCE_roll_std_10
10,B_temporal,PRODUCTION_TSP_BALANCE_diff_5
10,B_temporal,PRODUCTION_TSP_BALANCE_slope_10
10,B_temporal,FLOW_RATE_PHOSPHORIC_ACID_1
10,B_temporal,FLOW_RATE_PHOSPHORIC_ACID_1_lag_10
10,B_temporal,FLOW_RATE_PHOSPHORIC_ACID_1_roll_mean_10
10,B_temporal,FLOW_RATE_PHOSPHORIC_ACID_1_roll_mean_30
10,B_temporal,FLOW_RATE_PHOSPHORIC_ACID_1_roll_std_10
10,B_temporal,FLOW_RATE_PHOSPHORIC_ACID_1_diff_5
10,B_temporal,FLOW_RATE_PHOSPHORIC_ACID_1_slope_10
10,B_temporal,FLOW_RATE_PHOSPHORIC_ACID_2
10,B_temporal,FLOW_RATE_PHOSPHORIC_ACID_2_lag_10
10,B_temporal,FLOW_RATE_PHOSPHORIC_ACID_2_roll_mean_30
10,B_temporal,FLOW_RATE_PHOSPHORIC_ACID_2_roll_std_10
10,B_temporal,FLOW_RATE_PHOSPHORIC_ACID_2_diff_5
10,B_temporal,FLOW_RATE_PHOSPHORIC_ACID_2_slope_10
10,B_temporal,FLOW_RATE_GROUND_PHOSPHATE
10,B_temporal,FLOW_RATE_GROUND_PHOSPHATE_lag_10
10,B_temporal,FLOW_RATE_GROUND_PHOSPHATE_roll_mean_10
10,B_temporal,FLOW_RATE_GROUND_PHOSPHATE_roll_mean_30
10,B_temporal,FLOW_RATE_GROUND_PHOSPHATE_roll_std_10
10,B_temporal,FLOW_RATE_GROUND_PHOSPHATE_diff_5
10,B_temporal,FLOW_RATE_GROUND_PHOSPHATE_slope_10
10,B_temporal,FLOW_RATE_SLURRY_T_PER_HR
10,B_temporal,FLOW_RATE_SLURRY_T_PER_HR_lag_10
10,B_temporal,FLOW_RATE_SLURRY_T_PER_HR_roll_mean_30
10,B_temporal,FLOW_RATE_SLURRY_T_PER_HR_roll_std_10
10,B_temporal,FLOW_RATE_SLURRY_T_PER_HR_diff_5
10,B_temporal,FLOW_RATE_SLURRY_T_PER_HR_slope_10
10,B_temporal,FLOW_RATE_SLURRY_M3_HR
10,B_temporal,FLOW_RATE_SLURRY_M3_HR_lag_10
10,B_temporal,FLOW_RATE_SLURRY_M3_HR_roll_mean_10
10,B_temporal,FLOW_RATE_SLURRY_M3_HR_roll_mean_30
10,B_temporal,FLOW_RATE_SLURRY_M3_HR_roll_std_10
10,B_temporal,FLOW_RATE_SLURRY_M3_HR_diff_5
10,B_temporal,FLOW_RATE_SLURRY_M3_HR_slope_10
10,B_temporal,RECYCLAGE
10,B_temporal,RECYCLAGE_lag_10
10,B_temporal,RECYCLAGE_roll_mean_30
10,B_temporal,RECYCLAGE_roll_std_10
10,B_temporal,RECYCLAGE_diff_5
10,B_temporal,RECYCLAGE_slope_10
10,B_temporal,PRESSURE_VAPEUR
10,B_temporal,PRESSURE_VAPEUR_lag_5
10,B_temporal,PRESSURE_VAPEUR_lag_10
10,B_temporal,PRESSURE_VAPEUR_roll_mean_10
10,B_temporal,PRESSURE_VAPEUR_roll_mean_30
10,B_temporal,PRESSURE_VAPEUR_roll_std_10
10,B_temporal,PRESSURE_VAPEUR_diff_5
10,B_temporal,PRESSURE_VAPEUR_slope_10
10,B_temporal,TEMPERATURE_VAPEUR
10,B_temporal,TEMPERATURE_VAPEUR_lag_1
10,B_temporal,TEMPERATURE_VAPEUR_lag_5
10,B_temporal,TEMPERATURE_VAPEUR_lag_10
10,B_temporal,TEMPERATURE_VAPEUR_roll_mean_10
10,B_temporal,TEMPERATURE_VAPEUR_roll_mean_30
10,B_temporal,TEMPERATURE_VAPEUR_roll_std_10
10,B_temporal,TEMPERATURE_VAPEUR_diff_5
10,B_temporal,TEMPERATURE_VAPEUR_slope_10
10,B_temporal,TEMPERATURE_CUVE_ATTAQUE
10,B_temporal,TEMPERATURE_CUVE_ATTAQUE_lag_15
10,B_temporal,TEMPERATURE_CUVE_ATTAQUE_roll_mean_10
10,B_temporal,TEMPERATURE_CUVE_ATTAQUE_roll_mean_30
10,B_temporal,TEMPERATURE_CUVE_ATTAQUE_roll_std_10
10,B_temporal,TEMPERATURE_CUVE_ATTAQUE_diff_5
10,B_temporal,TEMPERATURE_CUVE_ATTAQUE_slope_10
10,B_temporal,TEMPERATURE_CUVE_DE_PASSAGE
10,B_temporal,TEMPERATURE_CUVE_DE_PASSAGE_roll_mean_30
10,B_temporal,TEMPERATURE_CUVE_DE_PASSAGE_roll_std_10
10,B_temporal,TEMPERATURE_CUVE_DE_PASSAGE_diff_5
10,B_temporal,TEMPERATURE_CUVE_DE_PASSAGE_slope_10
10,B_temporal,TEMPERATURE_SLURRY_PULVERISATEUR
10,B_temporal,TEMPERATURE_SLURRY_PULVERISATEUR_roll_mean_30
10,B_temporal,TEMPERATURE_SLURRY_PULVERISATEUR_roll_std_10
10,B_temporal,TEMPERATURE_SLURRY_PULVERISATEUR_diff_5
10,B_temporal,TEMPERATURE_SLURRY_PULVERISATEUR_slope_10
10,B_temporal,DEPRESSURE_SECHEUR
10,B_temporal,DEPRESSURE_SECHEUR_lag_1
10,B_temporal,DEPRESSURE_SECHEUR_lag_5
10,B_temporal,DEPRESSURE_SECHEUR_lag_10
10,B_temporal,DEPRESSURE_SECHEUR_roll_mean_10
10,B_temporal,DEPRESSURE_SECHEUR_roll_mean_30
10,B_temporal,DEPRESSURE_SECHEUR_roll_std_10
10,B_temporal,DEPRESSURE_SECHEUR_diff_5
10,B_temporal,DEPRESSURE_SECHEUR_slope_10
10,B_temporal,LEVEL_CUVE_PASSAGE
10,B_temporal,LEVEL_CUVE_PASSAGE_lag_5
10,B_temporal,LEVEL_CUVE_PASSAGE_lag_10
10,B_temporal,LEVEL_CUVE_PASSAGE_roll_mean_10
10,B_temporal,LEVEL_CUVE_PASSAGE_roll_mean_30
10,B_temporal,LEVEL_CUVE_PASSAGE_roll_std_10
10,B_temporal,LEVEL_CUVE_PASSAGE_diff_5
10,B_temporal,LEVEL_CUVE_PASSAGE_slope_10
10,B_temporal,TEMPERATURE_GAZ_SORTIE_SECHEUR
10,B_temporal,TEMPERATURE_GAZ_SORTIE_SECHEUR_lag_5
10,B_temporal,TEMPERATURE_GAZ_SORTIE_SECHEUR_lag_10
10,B_temporal,TEMPERATURE_GAZ_SORTIE_SECHEUR_roll_mean_10
10,B_temporal,TEMPERATURE_GAZ_SORTIE_SECHEUR_roll_mean_30
10,B_temporal,TEMPERATURE_GAZ_SORTIE_SECHEUR_roll_std_10
10,B_temporal,TEMPERATURE_GAZ_SORTIE_SECHEUR_diff_5
10,B_temporal,TEMPERATURE_GAZ_SORTIE_SECHEUR_slope_10
10,B_temporal,FLOW_RATE_FIOUL
10,B_temporal,FLOW_RATE_FIOUL_lag_10
10,B_temporal,FLOW_RATE_FIOUL_roll_mean_10
10,B_temporal,FLOW_RATE_FIOUL_roll_mean_30
10,B_temporal,FLOW_RATE_FIOUL_roll_std_10
10,B_temporal,FLOW_RATE_FIOUL_diff_5
10,B_temporal,FLOW_RATE_FIOUL_slope_10
10,B_temporal,TEMPERATURE_AIR_CHAUD
10,B_temporal,TEMPERATURE_AIR_CHAUD_lag_10
10,B_temporal,TEMPERATURE_AIR_CHAUD_roll_mean_30
10,B_temporal,TEMPERATURE_AIR_CHAUD_roll_std_10
10,B_temporal,TEMPERATURE_AIR_CHAUD_diff_5
10,B_temporal,TEMPERATURE_AIR_CHAUD_slope_10
10,B_temporal,FLOW_RATE_LIQUIDE_LAVAGE
10,B_temporal,FLOW_RATE_LIQUIDE_LAVAGE_lag_5
10,B_temporal,FLOW_RATE_LIQUIDE_LAVAGE_lag_10
10,B_temporal,FLOW_RATE_LIQUIDE_LAVAGE_roll_mean_30
10,B_temporal,FLOW_RATE_LIQUIDE_LAVAGE_roll_std_10
10,B_temporal,FLOW_RATE_LIQUIDE_LAVAGE_diff_5
10,B_temporal,FLOW_RATE_LIQUIDE_LAVAGE_slope_10
10,B_temporal,FLOW_RATE_VAPEUR
10,B_temporal,FLOW_RATE_VAPEUR_lag_10
10,B_temporal,FLOW_RATE_VAPEUR_roll_mean_30
10,B_temporal,FLOW_RATE_VAPEUR_roll_std_10
10,B_temporal,FLOW_RATE_VAPEUR_diff_5
10,B_temporal,FLOW_RATE_VAPEUR_slope_10
10,B_temporal,FLOW_RATE_SLURRY_M3_HR_2
10,B_temporal,FLOW_RATE_SLURRY_M3_HR_2_roll_mean_10
10,B_temporal,FLOW_RATE_SLURRY_M3_HR_2_roll_mean_30
10,B_temporal,FLOW_RATE_SLURRY_M3_HR_2_roll_std_10
10,B_temporal,FLOW_RATE_SLURRY_M3_HR_2_diff_5
10,B_temporal,FLOW_RATE_SLURRY_M3_HR_2_slope_10
10,B_temporal,TEMPERATURE_BRIQUE
10,B_temporal,TEMPERATURE_BRIQUE_roll_mean_10
10,B_temporal,TEMPERATURE_BRIQUE_roll_mean_30
10,B_temporal,TEMPERATURE_BRIQUE_roll_std_10
10,B_temporal,TEMPERATURE_BRIQUE_diff_5
10,B_temporal,TEMPERATURE_BRIQUE_slope_10
10,B_temporal,PRODUCTION_TSP_BALANCE_missing
10,B_temporal,FLOW_RATE_PHOSPHORIC_ACID_1_missing
10,B_temporal,FLOW_RATE_PHOSPHORIC_ACID_2_missing
10,B_temporal,FLOW_RATE_GROUND_PHOSPHATE_missing
10,B_temporal,FLOW_RATE_SLURRY_T_PER_HR_missing
10,B_temporal,FLOW_RATE_SLURRY_M3_HR_missing
10,B_temporal,RECYCLAGE_missing
10,B_temporal,PRESSURE_VAPEUR_missing
10,B_temporal,TEMPERATURE_VAPEUR_missing
10,B_temporal,TEMPERATURE_CUVE_ATTAQUE_missing
10,B_temporal,TEMPERATURE_CUVE_DE_PASSAGE_missing
10,B_temporal,TEMPERATURE_SLURRY_PULVERISATEUR_missing
10,B_temporal,DEPRESSURE_SECHEUR_missing
10,B_temporal,LEVEL_CUVE_PASSAGE_missing
10,B_temporal,TEMPERATURE_GAZ_SORTIE_SECHEUR_missing
10,B_temporal,FLOW_RATE_FIOUL_missing
10,B_temporal,TEMPERATURE_AIR_CHAUD_missing
10,B_temporal,FLOW_RATE_LIQUIDE_LAVAGE_missing
10,B_temporal,FLOW_RATE_VAPEUR_missing
10,B_temporal,FLOW_RATE_SLURRY_M3_HR_2_missing
10,B_temporal,TEMPERATURE_BRIQUE_missing
10,C_process,PRODUCTION_TSP_BALANCE
10,C_process,FLOW_RATE_PHOSPHORIC_ACID_1
10,C_process,FLOW_RATE_PHOSPHORIC_ACID_2
10,C_process,FLOW_RATE_GROUND_PHOSPHATE
10,C_process,FLOW_RATE_SLURRY_T_PER_HR
10,C_process,FLOW_RATE_SLURRY_M3_HR
10,C_process,RECYCLAGE
10,C_process,PRESSURE_VAPEUR
10,C_process,TEMPERATURE_VAPEUR
10,C_process,TEMPERATURE_CUVE_ATTAQUE
10,C_process,TEMPERATURE_CUVE_DE_PASSAGE
10,C_process,TEMPERATURE_SLURRY_PULVERISATEUR
10,C_process,DEPRESSURE_SECHEUR
10,C_process,LEVEL_CUVE_PASSAGE
10,C_process,TEMPERATURE_GAZ_SORTIE_SECHEUR
10,C_process,FLOW_RATE_FIOUL
10,C_process,TEMPERATURE_AIR_CHAUD
10,C_process,FLOW_RATE_LIQUIDE_LAVAGE
10,C_process,FLOW_RATE_VAPEUR
10,C_process,FLOW_RATE_SLURRY_M3_HR_2
10,C_process,TEMPERATURE_BRIQUE
10,C_process,TOTAL_ACID_FLOW
10,C_process,ACID_FLOW_IMBALANCE
10,C_process,ACID_TO_PHOSPHATE_RATIO
10,C_process,TOTAL_SLURRY_M3_FLOW
10,C_process,SLURRY_DENSITY_PROXY
10,C_process,ATTACK_PASSAGE_TEMP_GRADIENT
10,C_process,HOT_AIR_DRYER_OUTLET_GRADIENT
10,C_process,STEAM_SLURRY_TEMP_GRADIENT
10,C_process,STEAM_ENERGY_PROXY
10,C_process,DRYING_INTENSITY_PROXY
10,C_process,RECYCLE_TO_PRODUCTION_RATIO
10,C_process,FLOW_RATE_PHOSPHORIC_ACID_1_CV_10
10,C_process,FLOW_RATE_PHOSPHORIC_ACID_2_CV_10
10,C_process,FLOW_RATE_GROUND_PHOSPHATE_CV_10
10,C_process,FLOW_RATE_FIOUL_CV_10
10,C_process,FLOW_RATE_VAPEUR_CV_10
10,C_process,PRODUCTION_TSP_BALANCE_missing
10,C_process,FLOW_RATE_PHOSPHORIC_ACID_1_missing
10,C_process,FLOW_RATE_PHOSPHORIC_ACID_2_missing
10,C_process,FLOW_RATE_GROUND_PHOSPHATE_missing
10,C_process,FLOW_RATE_SLURRY_T_PER_HR_missing
10,C_process,FLOW_RATE_SLURRY_M3_HR_missing
10,C_process,RECYCLAGE_missing
10,C_process,PRESSURE_VAPEUR_missing
10,C_process,TEMPERATURE_VAPEUR_missing
10,C_process,TEMPERATURE_CUVE_ATTAQUE_missing
10,C_process,TEMPERATURE_CUVE_DE_PASSAGE_missing
10,C_process,TEMPERATURE_SLURRY_PULVERISATEUR_missing
10,C_process,DEPRESSURE_SECHEUR_missing
10,C_process,LEVEL_CUVE_PASSAGE_missing
10,C_process,TEMPERATURE_GAZ_SORTIE_SECHEUR_missing
10,C_process,FLOW_RATE_FIOUL_missing
10,C_process,TEMPERATURE_AIR_CHAUD_missing
10,C_process,FLOW_RATE_LIQUIDE_LAVAGE_missing
10,C_process,FLOW_RATE_VAPEUR_missing
10,C_process,FLOW_RATE_SLURRY_M3_HR_2_missing
10,C_process,TEMPERATURE_BRIQUE_missing
10,D_full,PRODUCTION_TSP_BALANCE
10,D_full,PRODUCTION_TSP_BALANCE_roll_mean_30
10,D_full,PRODUCTION_TSP_BALANCE_roll_std_10
10,D_full,PRODUCTION_TSP_BALANCE_diff_5
10,D_full,PRODUCTION_TSP_BALANCE_slope_10
10,D_full,FLOW_RATE_PHOSPHORIC_ACID_1
10,D_full,FLOW_RATE_PHOSPHORIC_ACID_1_lag_10
10,D_full,FLOW_RATE_PHOSPHORIC_ACID_1_roll_mean_10
10,D_full,FLOW_RATE_PHOSPHORIC_ACID_1_roll_mean_30
10,D_full,FLOW_RATE_PHOSPHORIC_ACID_1_roll_std_10
10,D_full,FLOW_RATE_PHOSPHORIC_ACID_1_diff_5
10,D_full,FLOW_RATE_PHOSPHORIC_ACID_1_slope_10
10,D_full,FLOW_RATE_PHOSPHORIC_ACID_2
10,D_full,FLOW_RATE_PHOSPHORIC_ACID_2_lag_10
10,D_full,FLOW_RATE_PHOSPHORIC_ACID_2_roll_mean_30
10,D_full,FLOW_RATE_PHOSPHORIC_ACID_2_roll_std_10
10,D_full,FLOW_RATE_PHOSPHORIC_ACID_2_diff_5
10,D_full,FLOW_RATE_PHOSPHORIC_ACID_2_slope_10
10,D_full,FLOW_RATE_GROUND_PHOSPHATE
10,D_full,FLOW_RATE_GROUND_PHOSPHATE_lag_10
10,D_full,FLOW_RATE_GROUND_PHOSPHATE_roll_mean_10
10,D_full,FLOW_RATE_GROUND_PHOSPHATE_roll_mean_30
10,D_full,FLOW_RATE_GROUND_PHOSPHATE_roll_std_10
10,D_full,FLOW_RATE_GROUND_PHOSPHATE_diff_5
10,D_full,FLOW_RATE_GROUND_PHOSPHATE_slope_10
10,D_full,FLOW_RATE_SLURRY_T_PER_HR
10,D_full,FLOW_RATE_SLURRY_T_PER_HR_lag_10
10,D_full,FLOW_RATE_SLURRY_T_PER_HR_roll_mean_30
10,D_full,FLOW_RATE_SLURRY_T_PER_HR_roll_std_10
10,D_full,FLOW_RATE_SLURRY_T_PER_HR_diff_5
10,D_full,FLOW_RATE_SLURRY_T_PER_HR_slope_10
10,D_full,FLOW_RATE_SLURRY_M3_HR
10,D_full,FLOW_RATE_SLURRY_M3_HR_lag_10
10,D_full,FLOW_RATE_SLURRY_M3_HR_roll_mean_10
10,D_full,FLOW_RATE_SLURRY_M3_HR_roll_mean_30
10,D_full,FLOW_RATE_SLURRY_M3_HR_roll_std_10
10,D_full,FLOW_RATE_SLURRY_M3_HR_diff_5
10,D_full,FLOW_RATE_SLURRY_M3_HR_slope_10
10,D_full,RECYCLAGE
10,D_full,RECYCLAGE_lag_10
10,D_full,RECYCLAGE_roll_mean_30
10,D_full,RECYCLAGE_roll_std_10
10,D_full,RECYCLAGE_diff_5
10,D_full,RECYCLAGE_slope_10
10,D_full,PRESSURE_VAPEUR
10,D_full,PRESSURE_VAPEUR_lag_5
10,D_full,PRESSURE_VAPEUR_lag_10
10,D_full,PRESSURE_VAPEUR_roll_mean_10
10,D_full,PRESSURE_VAPEUR_roll_mean_30
10,D_full,PRESSURE_VAPEUR_roll_std_10
10,D_full,PRESSURE_VAPEUR_diff_5
10,D_full,PRESSURE_VAPEUR_slope_10
10,D_full,TEMPERATURE_VAPEUR
10,D_full,TEMPERATURE_VAPEUR_lag_1
10,D_full,TEMPERATURE_VAPEUR_lag_5
10,D_full,TEMPERATURE_VAPEUR_lag_10
10,D_full,TEMPERATURE_VAPEUR_roll_mean_10
10,D_full,TEMPERATURE_VAPEUR_roll_mean_30
10,D_full,TEMPERATURE_VAPEUR_roll_std_10
10,D_full,TEMPERATURE_VAPEUR_diff_5
10,D_full,TEMPERATURE_VAPEUR_slope_10
10,D_full,TEMPERATURE_CUVE_ATTAQUE
10,D_full,TEMPERATURE_CUVE_ATTAQUE_lag_15
10,D_full,TEMPERATURE_CUVE_ATTAQUE_roll_mean_10
10,D_full,TEMPERATURE_CUVE_ATTAQUE_roll_mean_30
10,D_full,TEMPERATURE_CUVE_ATTAQUE_roll_std_10
10,D_full,TEMPERATURE_CUVE_ATTAQUE_diff_5
10,D_full,TEMPERATURE_CUVE_ATTAQUE_slope_10
10,D_full,TEMPERATURE_CUVE_DE_PASSAGE
10,D_full,TEMPERATURE_CUVE_DE_PASSAGE_roll_mean_30
10,D_full,TEMPERATURE_CUVE_DE_PASSAGE_roll_std_10
10,D_full,TEMPERATURE_CUVE_DE_PASSAGE_diff_5
10,D_full,TEMPERATURE_CUVE_DE_PASSAGE_slope_10
10,D_full,TEMPERATURE_SLURRY_PULVERISATEUR
10,D_full,TEMPERATURE_SLURRY_PULVERISATEUR_roll_mean_30
10,D_full,TEMPERATURE_SLURRY_PULVERISATEUR_roll_std_10
10,D_full,TEMPERATURE_SLURRY_PULVERISATEUR_diff_5
10,D_full,TEMPERATURE_SLURRY_PULVERISATEUR_slope_10
10,D_full,DEPRESSURE_SECHEUR
10,D_full,DEPRESSURE_SECHEUR_lag_1
10,D_full,DEPRESSURE_SECHEUR_lag_5
10,D_full,DEPRESSURE_SECHEUR_lag_10
10,D_full,DEPRESSURE_SECHEUR_roll_mean_10
10,D_full,DEPRESSURE_SECHEUR_roll_mean_30
10,D_full,DEPRESSURE_SECHEUR_roll_std_10
10,D_full,DEPRESSURE_SECHEUR_diff_5
10,D_full,DEPRESSURE_SECHEUR_slope_10
10,D_full,LEVEL_CUVE_PASSAGE
10,D_full,LEVEL_CUVE_PASSAGE_lag_5
10,D_full,LEVEL_CUVE_PASSAGE_lag_10
10,D_full,LEVEL_CUVE_PASSAGE_roll_mean_10
10,D_full,LEVEL_CUVE_PASSAGE_roll_mean_30
10,D_full,LEVEL_CUVE_PASSAGE_roll_std_10
10,D_full,LEVEL_CUVE_PASSAGE_diff_5
10,D_full,LEVEL_CUVE_PASSAGE_slope_10
10,D_full,TEMPERATURE_GAZ_SORTIE_SECHEUR
10,D_full,TEMPERATURE_GAZ_SORTIE_SECHEUR_lag_5
10,D_full,TEMPERATURE_GAZ_SORTIE_SECHEUR_lag_10
10,D_full,TEMPERATURE_GAZ_SORTIE_SECHEUR_roll_mean_10
10,D_full,TEMPERATURE_GAZ_SORTIE_SECHEUR_roll_mean_30
10,D_full,TEMPERATURE_GAZ_SORTIE_SECHEUR_roll_std_10
10,D_full,TEMPERATURE_GAZ_SORTIE_SECHEUR_diff_5
10,D_full,TEMPERATURE_GAZ_SORTIE_SECHEUR_slope_10
10,D_full,FLOW_RATE_FIOUL
10,D_full,FLOW_RATE_FIOUL_lag_10
10,D_full,FLOW_RATE_FIOUL_roll_mean_10
10,D_full,FLOW_RATE_FIOUL_roll_mean_30
10,D_full,FLOW_RATE_FIOUL_roll_std_10
10,D_full,FLOW_RATE_FIOUL_diff_5
10,D_full,FLOW_RATE_FIOUL_slope_10
10,D_full,TEMPERATURE_AIR_CHAUD
10,D_full,TEMPERATURE_AIR_CHAUD_lag_10
10,D_full,TEMPERATURE_AIR_CHAUD_roll_mean_30
10,D_full,TEMPERATURE_AIR_CHAUD_roll_std_10
10,D_full,TEMPERATURE_AIR_CHAUD_diff_5
10,D_full,TEMPERATURE_AIR_CHAUD_slope_10
10,D_full,FLOW_RATE_LIQUIDE_LAVAGE
10,D_full,FLOW_RATE_LIQUIDE_LAVAGE_lag_5
10,D_full,FLOW_RATE_LIQUIDE_LAVAGE_lag_10
10,D_full,FLOW_RATE_LIQUIDE_LAVAGE_roll_mean_30
10,D_full,FLOW_RATE_LIQUIDE_LAVAGE_roll_std_10
10,D_full,FLOW_RATE_LIQUIDE_LAVAGE_diff_5
10,D_full,FLOW_RATE_LIQUIDE_LAVAGE_slope_10
10,D_full,FLOW_RATE_VAPEUR
10,D_full,FLOW_RATE_VAPEUR_lag_10
10,D_full,FLOW_RATE_VAPEUR_roll_mean_30
10,D_full,FLOW_RATE_VAPEUR_roll_std_10
10,D_full,FLOW_RATE_VAPEUR_diff_5
10,D_full,FLOW_RATE_VAPEUR_slope_10
10,D_full,FLOW_RATE_SLURRY_M3_HR_2
10,D_full,FLOW_RATE_SLURRY_M3_HR_2_roll_mean_10
10,D_full,FLOW_RATE_SLURRY_M3_HR_2_roll_mean_30
10,D_full,FLOW_RATE_SLURRY_M3_HR_2_roll_std_10
10,D_full,FLOW_RATE_SLURRY_M3_HR_2_diff_5
10,D_full,FLOW_RATE_SLURRY_M3_HR_2_slope_10
10,D_full,TEMPERATURE_BRIQUE
10,D_full,TEMPERATURE_BRIQUE_roll_mean_10
10,D_full,TEMPERATURE_BRIQUE_roll_mean_30
10,D_full,TEMPERATURE_BRIQUE_roll_std_10
10,D_full,TEMPERATURE_BRIQUE_diff_5
10,D_full,TEMPERATURE_BRIQUE_slope_10
10,D_full,TOTAL_ACID_FLOW
10,D_full,ACID_FLOW_IMBALANCE
10,D_full,ACID_TO_PHOSPHATE_RATIO
10,D_full,TOTAL_SLURRY_M3_FLOW
10,D_full,SLURRY_DENSITY_PROXY
10,D_full,ATTACK_PASSAGE_TEMP_GRADIENT
10,D_full,HOT_AIR_DRYER_OUTLET_GRADIENT
10,D_full,STEAM_SLURRY_TEMP_GRADIENT
10,D_full,STEAM_ENERGY_PROXY
10,D_full,DRYING_INTENSITY_PROXY
10,D_full,RECYCLE_TO_PRODUCTION_RATIO
10,D_full,FLOW_RATE_PHOSPHORIC_ACID_1_CV_10
10,D_full,FLOW_RATE_PHOSPHORIC_ACID_2_CV_10
10,D_full,FLOW_RATE_GROUND_PHOSPHATE_CV_10
10,D_full,FLOW_RATE_FIOUL_CV_10
10,D_full,FLOW_RATE_VAPEUR_CV_10
10,D_full,PRODUCTION_TSP_BALANCE_missing
10,D_full,FLOW_RATE_PHOSPHORIC_ACID_1_missing
10,D_full,FLOW_RATE_PHOSPHORIC_ACID_2_missing
10,D_full,FLOW_RATE_GROUND_PHOSPHATE_missing
10,D_full,FLOW_RATE_SLURRY_T_PER_HR_missing
10,D_full,FLOW_RATE_SLURRY_M3_HR_missing
10,D_full,RECYCLAGE_missing
10,D_full,PRESSURE_VAPEUR_missing
10,D_full,TEMPERATURE_VAPEUR_missing
10,D_full,TEMPERATURE_CUVE_ATTAQUE_missing
10,D_full,TEMPERATURE_CUVE_DE_PASSAGE_missing
10,D_full,TEMPERATURE_SLURRY_PULVERISATEUR_missing
10,D_full,DEPRESSURE_SECHEUR_missing
10,D_full,LEVEL_CUVE_PASSAGE_missing
10,D_full,TEMPERATURE_GAZ_SORTIE_SECHEUR_missing
10,D_full,FLOW_RATE_FIOUL_missing
10,D_full,TEMPERATURE_AIR_CHAUD_missing
10,D_full,FLOW_RATE_LIQUIDE_LAVAGE_missing
10,D_full,FLOW_RATE_VAPEUR_missing
10,D_full,FLOW_RATE_SLURRY_M3_HR_2_missing
10,D_full,TEMPERATURE_BRIQUE_missing
15,A_raw,PRODUCTION_TSP_BALANCE
15,A_raw,FLOW_RATE_PHOSPHORIC_ACID_1
15,A_raw,FLOW_RATE_PHOSPHORIC_ACID_2
15,A_raw,FLOW_RATE_GROUND_PHOSPHATE
15,A_raw,FLOW_RATE_SLURRY_T_PER_HR
15,A_raw,FLOW_RATE_SLURRY_M3_HR
15,A_raw,RECYCLAGE
15,A_raw,PRESSURE_VAPEUR
15,A_raw,TEMPERATURE_VAPEUR
15,A_raw,TEMPERATURE_CUVE_ATTAQUE
15,A_raw,TEMPERATURE_CUVE_DE_PASSAGE
15,A_raw,TEMPERATURE_SLURRY_PULVERISATEUR
15,A_raw,DEPRESSURE_SECHEUR
15,A_raw,LEVEL_CUVE_PASSAGE
15,A_raw,TEMPERATURE_GAZ_SORTIE_SECHEUR
15,A_raw,FLOW_RATE_FIOUL
15,A_raw,TEMPERATURE_AIR_CHAUD
15,A_raw,FLOW_RATE_LIQUIDE_LAVAGE
15,A_raw,FLOW_RATE_VAPEUR
15,A_raw,FLOW_RATE_SLURRY_M3_HR_2
15,A_raw,TEMPERATURE_BRIQUE
15,B_temporal,PRODUCTION_TSP_BALANCE
15,B_temporal,PRODUCTION_TSP_BALANCE_roll_mean_30
15,B_temporal,PRODUCTION_TSP_BALANCE_roll_std_10
15,B_temporal,PRODUCTION_TSP_BALANCE_diff_5
15,B_temporal,PRODUCTION_TSP_BALANCE_slope_10
15,B_temporal,FLOW_RATE_PHOSPHORIC_ACID_1
15,B_temporal,FLOW_RATE_PHOSPHORIC_ACID_1_lag_10
15,B_temporal,FLOW_RATE_PHOSPHORIC_ACID_1_roll_mean_10
15,B_temporal,FLOW_RATE_PHOSPHORIC_ACID_1_roll_mean_30
15,B_temporal,FLOW_RATE_PHOSPHORIC_ACID_1_roll_std_10
15,B_temporal,FLOW_RATE_PHOSPHORIC_ACID_1_diff_5
15,B_temporal,FLOW_RATE_PHOSPHORIC_ACID_1_slope_10
15,B_temporal,FLOW_RATE_PHOSPHORIC_ACID_2
15,B_temporal,FLOW_RATE_PHOSPHORIC_ACID_2_lag_10
15,B_temporal,FLOW_RATE_PHOSPHORIC_ACID_2_roll_mean_30
15,B_temporal,FLOW_RATE_PHOSPHORIC_ACID_2_roll_std_10
15,B_temporal,FLOW_RATE_PHOSPHORIC_ACID_2_diff_5
15,B_temporal,FLOW_RATE_PHOSPHORIC_ACID_2_slope_10
15,B_temporal,FLOW_RATE_GROUND_PHOSPHATE
15,B_temporal,FLOW_RATE_GROUND_PHOSPHATE_lag_10
15,B_temporal,FLOW_RATE_GROUND_PHOSPHATE_roll_mean_10
15,B_temporal,FLOW_RATE_GROUND_PHOSPHATE_roll_mean_30
15,B_temporal,FLOW_RATE_GROUND_PHOSPHATE_roll_std_10
15,B_temporal,FLOW_RATE_GROUND_PHOSPHATE_diff_5
15,B_temporal,FLOW_RATE_GROUND_PHOSPHATE_slope_10
15,B_temporal,FLOW_RATE_SLURRY_T_PER_HR
15,B_temporal,FLOW_RATE_SLURRY_T_PER_HR_lag_10
15,B_temporal,FLOW_RATE_SLURRY_T_PER_HR_roll_mean_30
15,B_temporal,FLOW_RATE_SLURRY_T_PER_HR_roll_std_10
15,B_temporal,FLOW_RATE_SLURRY_T_PER_HR_diff_5
15,B_temporal,FLOW_RATE_SLURRY_T_PER_HR_slope_10
15,B_temporal,FLOW_RATE_SLURRY_M3_HR
15,B_temporal,FLOW_RATE_SLURRY_M3_HR_lag_10
15,B_temporal,FLOW_RATE_SLURRY_M3_HR_roll_mean_10
15,B_temporal,FLOW_RATE_SLURRY_M3_HR_roll_mean_30
15,B_temporal,FLOW_RATE_SLURRY_M3_HR_roll_std_10
15,B_temporal,FLOW_RATE_SLURRY_M3_HR_diff_5
15,B_temporal,FLOW_RATE_SLURRY_M3_HR_slope_10
15,B_temporal,RECYCLAGE
15,B_temporal,RECYCLAGE_lag_10
15,B_temporal,RECYCLAGE_roll_mean_30
15,B_temporal,RECYCLAGE_roll_std_10
15,B_temporal,RECYCLAGE_diff_5
15,B_temporal,RECYCLAGE_slope_10
15,B_temporal,PRESSURE_VAPEUR
15,B_temporal,PRESSURE_VAPEUR_lag_5
15,B_temporal,PRESSURE_VAPEUR_lag_10
15,B_temporal,PRESSURE_VAPEUR_roll_mean_10
15,B_temporal,PRESSURE_VAPEUR_roll_mean_30
15,B_temporal,PRESSURE_VAPEUR_roll_std_10
15,B_temporal,PRESSURE_VAPEUR_diff_5
15,B_temporal,PRESSURE_VAPEUR_slope_10
15,B_temporal,TEMPERATURE_VAPEUR
15,B_temporal,TEMPERATURE_VAPEUR_lag_1
15,B_temporal,TEMPERATURE_VAPEUR_lag_5
15,B_temporal,TEMPERATURE_VAPEUR_lag_10
15,B_temporal,TEMPERATURE_VAPEUR_roll_mean_10
15,B_temporal,TEMPERATURE_VAPEUR_roll_mean_30
15,B_temporal,TEMPERATURE_VAPEUR_roll_std_10
15,B_temporal,TEMPERATURE_VAPEUR_diff_5
15,B_temporal,TEMPERATURE_VAPEUR_slope_10
15,B_temporal,TEMPERATURE_CUVE_ATTAQUE
15,B_temporal,TEMPERATURE_CUVE_ATTAQUE_lag_15
15,B_temporal,TEMPERATURE_CUVE_ATTAQUE_roll_mean_10
15,B_temporal,TEMPERATURE_CUVE_ATTAQUE_roll_mean_30
15,B_temporal,TEMPERATURE_CUVE_ATTAQUE_roll_std_10
15,B_temporal,TEMPERATURE_CUVE_ATTAQUE_diff_5
15,B_temporal,TEMPERATURE_CUVE_ATTAQUE_slope_10
15,B_temporal,TEMPERATURE_CUVE_DE_PASSAGE
15,B_temporal,TEMPERATURE_CUVE_DE_PASSAGE_roll_mean_30
15,B_temporal,TEMPERATURE_CUVE_DE_PASSAGE_roll_std_10
15,B_temporal,TEMPERATURE_CUVE_DE_PASSAGE_diff_5
15,B_temporal,TEMPERATURE_CUVE_DE_PASSAGE_slope_10
15,B_temporal,TEMPERATURE_SLURRY_PULVERISATEUR
15,B_temporal,TEMPERATURE_SLURRY_PULVERISATEUR_roll_mean_30
15,B_temporal,TEMPERATURE_SLURRY_PULVERISATEUR_roll_std_10
15,B_temporal,TEMPERATURE_SLURRY_PULVERISATEUR_diff_5
15,B_temporal,TEMPERATURE_SLURRY_PULVERISATEUR_slope_10
15,B_temporal,DEPRESSURE_SECHEUR
15,B_temporal,DEPRESSURE_SECHEUR_lag_1
15,B_temporal,DEPRESSURE_SECHEUR_lag_5
15,B_temporal,DEPRESSURE_SECHEUR_lag_10
15,B_temporal,DEPRESSURE_SECHEUR_roll_mean_10
15,B_temporal,DEPRESSURE_SECHEUR_roll_mean_30
15,B_temporal,DEPRESSURE_SECHEUR_roll_std_10
15,B_temporal,DEPRESSURE_SECHEUR_diff_5
15,B_temporal,DEPRESSURE_SECHEUR_slope_10
15,B_temporal,LEVEL_CUVE_PASSAGE
15,B_temporal,LEVEL_CUVE_PASSAGE_lag_5
15,B_temporal,LEVEL_CUVE_PASSAGE_lag_10
15,B_temporal,LEVEL_CUVE_PASSAGE_roll_mean_10
15,B_temporal,LEVEL_CUVE_PASSAGE_roll_mean_30
15,B_temporal,LEVEL_CUVE_PASSAGE_roll_std_10
15,B_temporal,LEVEL_CUVE_PASSAGE_diff_5
15,B_temporal,LEVEL_CUVE_PASSAGE_slope_10
15,B_temporal,TEMPERATURE_GAZ_SORTIE_SECHEUR
15,B_temporal,TEMPERATURE_GAZ_SORTIE_SECHEUR_lag_5
15,B_temporal,TEMPERATURE_GAZ_SORTIE_SECHEUR_lag_10
15,B_temporal,TEMPERATURE_GAZ_SORTIE_SECHEUR_roll_mean_10
15,B_temporal,TEMPERATURE_GAZ_SORTIE_SECHEUR_roll_mean_30
15,B_temporal,TEMPERATURE_GAZ_SORTIE_SECHEUR_roll_std_10
15,B_temporal,TEMPERATURE_GAZ_SORTIE_SECHEUR_diff_5
15,B_temporal,TEMPERATURE_GAZ_SORTIE_SECHEUR_slope_10
15,B_temporal,FLOW_RATE_FIOUL
15,B_temporal,FLOW_RATE_FIOUL_lag_10
15,B_temporal,FLOW_RATE_FIOUL_roll_mean_10
15,B_temporal,FLOW_RATE_FIOUL_roll_mean_30
15,B_temporal,FLOW_RATE_FIOUL_roll_std_10
15,B_temporal,FLOW_RATE_FIOUL_diff_5
15,B_temporal,FLOW_RATE_FIOUL_slope_10
15,B_temporal,TEMPERATURE_AIR_CHAUD
15,B_temporal,TEMPERATURE_AIR_CHAUD_lag_10
15,B_temporal,TEMPERATURE_AIR_CHAUD_roll_mean_30
15,B_temporal,TEMPERATURE_AIR_CHAUD_roll_std_10
15,B_temporal,TEMPERATURE_AIR_CHAUD_diff_5
15,B_temporal,TEMPERATURE_AIR_CHAUD_slope_10
15,B_temporal,FLOW_RATE_LIQUIDE_LAVAGE
15,B_temporal,FLOW_RATE_LIQUIDE_LAVAGE_lag_5
15,B_temporal,FLOW_RATE_LIQUIDE_LAVAGE_lag_10
15,B_temporal,FLOW_RATE_LIQUIDE_LAVAGE_roll_mean_30
15,B_temporal,FLOW_RATE_LIQUIDE_LAVAGE_roll_std_10
15,B_temporal,FLOW_RATE_LIQUIDE_LAVAGE_diff_5
15,B_temporal,FLOW_RATE_LIQUIDE_LAVAGE_slope_10
15,B_temporal,FLOW_RATE_VAPEUR
15,B_temporal,FLOW_RATE_VAPEUR_lag_10
15,B_temporal,FLOW_RATE_VAPEUR_roll_mean_30
15,B_temporal,FLOW_RATE_VAPEUR_roll_std_10
15,B_temporal,FLOW_RATE_VAPEUR_diff_5
15,B_temporal,FLOW_RATE_VAPEUR_slope_10
15,B_temporal,FLOW_RATE_SLURRY_M3_HR_2
15,B_temporal,FLOW_RATE_SLURRY_M3_HR_2_roll_mean_10
15,B_temporal,FLOW_RATE_SLURRY_M3_HR_2_roll_mean_30
15,B_temporal,FLOW_RATE_SLURRY_M3_HR_2_roll_std_10
15,B_temporal,FLOW_RATE_SLURRY_M3_HR_2_diff_5
15,B_temporal,FLOW_RATE_SLURRY_M3_HR_2_slope_10
15,B_temporal,TEMPERATURE_BRIQUE
15,B_temporal,TEMPERATURE_BRIQUE_roll_mean_10
15,B_temporal,TEMPERATURE_BRIQUE_roll_mean_30
15,B_temporal,TEMPERATURE_BRIQUE_roll_std_10
15,B_temporal,TEMPERATURE_BRIQUE_diff_5
15,B_temporal,TEMPERATURE_BRIQUE_slope_10
15,B_temporal,PRODUCTION_TSP_BALANCE_missing
15,B_temporal,FLOW_RATE_PHOSPHORIC_ACID_1_missing
15,B_temporal,FLOW_RATE_PHOSPHORIC_ACID_2_missing
15,B_temporal,FLOW_RATE_GROUND_PHOSPHATE_missing
15,B_temporal,FLOW_RATE_SLURRY_T_PER_HR_missing
15,B_temporal,FLOW_RATE_SLURRY_M3_HR_missing
15,B_temporal,RECYCLAGE_missing
15,B_temporal,PRESSURE_VAPEUR_missing
15,B_temporal,TEMPERATURE_VAPEUR_missing
15,B_temporal,TEMPERATURE_CUVE_ATTAQUE_missing
15,B_temporal,TEMPERATURE_CUVE_DE_PASSAGE_missing
15,B_temporal,TEMPERATURE_SLURRY_PULVERISATEUR_missing
15,B_temporal,DEPRESSURE_SECHEUR_missing
15,B_temporal,LEVEL_CUVE_PASSAGE_missing
15,B_temporal,TEMPERATURE_GAZ_SORTIE_SECHEUR_missing
15,B_temporal,FLOW_RATE_FIOUL_missing
15,B_temporal,TEMPERATURE_AIR_CHAUD_missing
15,B_temporal,FLOW_RATE_LIQUIDE_LAVAGE_missing
15,B_temporal,FLOW_RATE_VAPEUR_missing
15,B_temporal,FLOW_RATE_SLURRY_M3_HR_2_missing
15,B_temporal,TEMPERATURE_BRIQUE_missing
15,C_process,PRODUCTION_TSP_BALANCE
15,C_process,FLOW_RATE_PHOSPHORIC_ACID_1
15,C_process,FLOW_RATE_PHOSPHORIC_ACID_2
15,C_process,FLOW_RATE_GROUND_PHOSPHATE
15,C_process,FLOW_RATE_SLURRY_T_PER_HR
15,C_process,FLOW_RATE_SLURRY_M3_HR
15,C_process,RECYCLAGE
15,C_process,PRESSURE_VAPEUR
15,C_process,TEMPERATURE_VAPEUR
15,C_process,TEMPERATURE_CUVE_ATTAQUE
15,C_process,TEMPERATURE_CUVE_DE_PASSAGE
15,C_process,TEMPERATURE_SLURRY_PULVERISATEUR
15,C_process,DEPRESSURE_SECHEUR
15,C_process,LEVEL_CUVE_PASSAGE
15,C_process,TEMPERATURE_GAZ_SORTIE_SECHEUR
15,C_process,FLOW_RATE_FIOUL
15,C_process,TEMPERATURE_AIR_CHAUD
15,C_process,FLOW_RATE_LIQUIDE_LAVAGE
15,C_process,FLOW_RATE_VAPEUR
15,C_process,FLOW_RATE_SLURRY_M3_HR_2
15,C_process,TEMPERATURE_BRIQUE
15,C_process,TOTAL_ACID_FLOW
15,C_process,ACID_FLOW_IMBALANCE
15,C_process,ACID_TO_PHOSPHATE_RATIO
15,C_process,TOTAL_SLURRY_M3_FLOW
15,C_process,SLURRY_DENSITY_PROXY
15,C_process,ATTACK_PASSAGE_TEMP_GRADIENT
15,C_process,HOT_AIR_DRYER_OUTLET_GRADIENT
15,C_process,STEAM_SLURRY_TEMP_GRADIENT
15,C_process,STEAM_ENERGY_PROXY
15,C_process,DRYING_INTENSITY_PROXY
15,C_process,RECYCLE_TO_PRODUCTION_RATIO
15,C_process,FLOW_RATE_PHOSPHORIC_ACID_1_CV_10
15,C_process,FLOW_RATE_PHOSPHORIC_ACID_2_CV_10
15,C_process,FLOW_RATE_GROUND_PHOSPHATE_CV_10
15,C_process,FLOW_RATE_FIOUL_CV_10
15,C_process,FLOW_RATE_VAPEUR_CV_10
15,C_process,PRODUCTION_TSP_BALANCE_missing
15,C_process,FLOW_RATE_PHOSPHORIC_ACID_1_missing
15,C_process,FLOW_RATE_PHOSPHORIC_ACID_2_missing
15,C_process,FLOW_RATE_GROUND_PHOSPHATE_missing
15,C_process,FLOW_RATE_SLURRY_T_PER_HR_missing
15,C_process,FLOW_RATE_SLURRY_M3_HR_missing
15,C_process,RECYCLAGE_missing
15,C_process,PRESSURE_VAPEUR_missing
15,C_process,TEMPERATURE_VAPEUR_missing
15,C_process,TEMPERATURE_CUVE_ATTAQUE_missing
15,C_process,TEMPERATURE_CUVE_DE_PASSAGE_missing
15,C_process,TEMPERATURE_SLURRY_PULVERISATEUR_missing
15,C_process,DEPRESSURE_SECHEUR_missing
15,C_process,LEVEL_CUVE_PASSAGE_missing
15,C_process,TEMPERATURE_GAZ_SORTIE_SECHEUR_missing
15,C_process,FLOW_RATE_FIOUL_missing
15,C_process,TEMPERATURE_AIR_CHAUD_missing
15,C_process,FLOW_RATE_LIQUIDE_LAVAGE_missing
15,C_process,FLOW_RATE_VAPEUR_missing
15,C_process,FLOW_RATE_SLURRY_M3_HR_2_missing
15,C_process,TEMPERATURE_BRIQUE_missing
15,D_full,PRODUCTION_TSP_BALANCE
15,D_full,PRODUCTION_TSP_BALANCE_roll_mean_30
15,D_full,PRODUCTION_TSP_BALANCE_roll_std_10
15,D_full,PRODUCTION_TSP_BALANCE_diff_5
15,D_full,PRODUCTION_TSP_BALANCE_slope_10
15,D_full,FLOW_RATE_PHOSPHORIC_ACID_1
15,D_full,FLOW_RATE_PHOSPHORIC_ACID_1_lag_10
15,D_full,FLOW_RATE_PHOSPHORIC_ACID_1_roll_mean_10
15,D_full,FLOW_RATE_PHOSPHORIC_ACID_1_roll_mean_30
15,D_full,FLOW_RATE_PHOSPHORIC_ACID_1_roll_std_10
15,D_full,FLOW_RATE_PHOSPHORIC_ACID_1_diff_5
15,D_full,FLOW_RATE_PHOSPHORIC_ACID_1_slope_10
15,D_full,FLOW_RATE_PHOSPHORIC_ACID_2
15,D_full,FLOW_RATE_PHOSPHORIC_ACID_2_lag_10
15,D_full,FLOW_RATE_PHOSPHORIC_ACID_2_roll_mean_30
15,D_full,FLOW_RATE_PHOSPHORIC_ACID_2_roll_std_10
15,D_full,FLOW_RATE_PHOSPHORIC_ACID_2_diff_5
15,D_full,FLOW_RATE_PHOSPHORIC_ACID_2_slope_10
15,D_full,FLOW_RATE_GROUND_PHOSPHATE
15,D_full,FLOW_RATE_GROUND_PHOSPHATE_lag_10
15,D_full,FLOW_RATE_GROUND_PHOSPHATE_roll_mean_10
15,D_full,FLOW_RATE_GROUND_PHOSPHATE_roll_mean_30
15,D_full,FLOW_RATE_GROUND_PHOSPHATE_roll_std_10
15,D_full,FLOW_RATE_GROUND_PHOSPHATE_diff_5
15,D_full,FLOW_RATE_GROUND_PHOSPHATE_slope_10
15,D_full,FLOW_RATE_SLURRY_T_PER_HR
15,D_full,FLOW_RATE_SLURRY_T_PER_HR_lag_10
15,D_full,FLOW_RATE_SLURRY_T_PER_HR_roll_mean_30
15,D_full,FLOW_RATE_SLURRY_T_PER_HR_roll_std_10
15,D_full,FLOW_RATE_SLURRY_T_PER_HR_diff_5
15,D_full,FLOW_RATE_SLURRY_T_PER_HR_slope_10
15,D_full,FLOW_RATE_SLURRY_M3_HR
15,D_full,FLOW_RATE_SLURRY_M3_HR_lag_10
15,D_full,FLOW_RATE_SLURRY_M3_HR_roll_mean_10
15,D_full,FLOW_RATE_SLURRY_M3_HR_roll_mean_30
15,D_full,FLOW_RATE_SLURRY_M3_HR_roll_std_10
15,D_full,FLOW_RATE_SLURRY_M3_HR_diff_5
15,D_full,FLOW_RATE_SLURRY_M3_HR_slope_10
15,D_full,RECYCLAGE
15,D_full,RECYCLAGE_lag_10
15,D_full,RECYCLAGE_roll_mean_30
15,D_full,RECYCLAGE_roll_std_10
15,D_full,RECYCLAGE_diff_5
15,D_full,RECYCLAGE_slope_10
15,D_full,PRESSURE_VAPEUR
15,D_full,PRESSURE_VAPEUR_lag_5
15,D_full,PRESSURE_VAPEUR_lag_10
15,D_full,PRESSURE_VAPEUR_roll_mean_10
15,D_full,PRESSURE_VAPEUR_roll_mean_30
15,D_full,PRESSURE_VAPEUR_roll_std_10
15,D_full,PRESSURE_VAPEUR_diff_5
15,D_full,PRESSURE_VAPEUR_slope_10
15,D_full,TEMPERATURE_VAPEUR
15,D_full,TEMPERATURE_VAPEUR_lag_1
15,D_full,TEMPERATURE_VAPEUR_lag_5
15,D_full,TEMPERATURE_VAPEUR_lag_10
15,D_full,TEMPERATURE_VAPEUR_roll_mean_10
15,D_full,TEMPERATURE_VAPEUR_roll_mean_30
15,D_full,TEMPERATURE_VAPEUR_roll_std_10
15,D_full,TEMPERATURE_VAPEUR_diff_5
15,D_full,TEMPERATURE_VAPEUR_slope_10
15,D_full,TEMPERATURE_CUVE_ATTAQUE
15,D_full,TEMPERATURE_CUVE_ATTAQUE_lag_15
15,D_full,TEMPERATURE_CUVE_ATTAQUE_roll_mean_10
15,D_full,TEMPERATURE_CUVE_ATTAQUE_roll_mean_30
15,D_full,TEMPERATURE_CUVE_ATTAQUE_roll_std_10
15,D_full,TEMPERATURE_CUVE_ATTAQUE_diff_5
15,D_full,TEMPERATURE_CUVE_ATTAQUE_slope_10
15,D_full,TEMPERATURE_CUVE_DE_PASSAGE
15,D_full,TEMPERATURE_CUVE_DE_PASSAGE_roll_mean_30
15,D_full,TEMPERATURE_CUVE_DE_PASSAGE_roll_std_10
15,D_full,TEMPERATURE_CUVE_DE_PASSAGE_diff_5
15,D_full,TEMPERATURE_CUVE_DE_PASSAGE_slope_10
15,D_full,TEMPERATURE_SLURRY_PULVERISATEUR
15,D_full,TEMPERATURE_SLURRY_PULVERISATEUR_roll_mean_30
15,D_full,TEMPERATURE_SLURRY_PULVERISATEUR_roll_std_10
15,D_full,TEMPERATURE_SLURRY_PULVERISATEUR_diff_5
15,D_full,TEMPERATURE_SLURRY_PULVERISATEUR_slope_10
15,D_full,DEPRESSURE_SECHEUR
15,D_full,DEPRESSURE_SECHEUR_lag_1
15,D_full,DEPRESSURE_SECHEUR_lag_5
15,D_full,DEPRESSURE_SECHEUR_lag_10
15,D_full,DEPRESSURE_SECHEUR_roll_mean_10
15,D_full,DEPRESSURE_SECHEUR_roll_mean_30
15,D_full,DEPRESSURE_SECHEUR_roll_std_10
15,D_full,DEPRESSURE_SECHEUR_diff_5
15,D_full,DEPRESSURE_SECHEUR_slope_10
15,D_full,LEVEL_CUVE_PASSAGE
15,D_full,LEVEL_CUVE_PASSAGE_lag_5
15,D_full,LEVEL_CUVE_PASSAGE_lag_10
15,D_full,LEVEL_CUVE_PASSAGE_roll_mean_10
15,D_full,LEVEL_CUVE_PASSAGE_roll_mean_30
15,D_full,LEVEL_CUVE_PASSAGE_roll_std_10
15,D_full,LEVEL_CUVE_PASSAGE_diff_5
15,D_full,LEVEL_CUVE_PASSAGE_slope_10
15,D_full,TEMPERATURE_GAZ_SORTIE_SECHEUR
15,D_full,TEMPERATURE_GAZ_SORTIE_SECHEUR_lag_5
15,D_full,TEMPERATURE_GAZ_SORTIE_SECHEUR_lag_10
15,D_full,TEMPERATURE_GAZ_SORTIE_SECHEUR_roll_mean_10
15,D_full,TEMPERATURE_GAZ_SORTIE_SECHEUR_roll_mean_30
15,D_full,TEMPERATURE_GAZ_SORTIE_SECHEUR_roll_std_10
15,D_full,TEMPERATURE_GAZ_SORTIE_SECHEUR_diff_5
15,D_full,TEMPERATURE_GAZ_SORTIE_SECHEUR_slope_10
15,D_full,FLOW_RATE_FIOUL
15,D_full,FLOW_RATE_FIOUL_lag_10
15,D_full,FLOW_RATE_FIOUL_roll_mean_10
15,D_full,FLOW_RATE_FIOUL_roll_mean_30
15,D_full,FLOW_RATE_FIOUL_roll_std_10
15,D_full,FLOW_RATE_FIOUL_diff_5
15,D_full,FLOW_RATE_FIOUL_slope_10
15,D_full,TEMPERATURE_AIR_CHAUD
15,D_full,TEMPERATURE_AIR_CHAUD_lag_10
15,D_full,TEMPERATURE_AIR_CHAUD_roll_mean_30
15,D_full,TEMPERATURE_AIR_CHAUD_roll_std_10
15,D_full,TEMPERATURE_AIR_CHAUD_diff_5
15,D_full,TEMPERATURE_AIR_CHAUD_slope_10
15,D_full,FLOW_RATE_LIQUIDE_LAVAGE
15,D_full,FLOW_RATE_LIQUIDE_LAVAGE_lag_5
15,D_full,FLOW_RATE_LIQUIDE_LAVAGE_lag_10
15,D_full,FLOW_RATE_LIQUIDE_LAVAGE_roll_mean_30
15,D_full,FLOW_RATE_LIQUIDE_LAVAGE_roll_std_10
15,D_full,FLOW_RATE_LIQUIDE_LAVAGE_diff_5
15,D_full,FLOW_RATE_LIQUIDE_LAVAGE_slope_10
15,D_full,FLOW_RATE_VAPEUR
15,D_full,FLOW_RATE_VAPEUR_lag_10
15,D_full,FLOW_RATE_VAPEUR_roll_mean_30
15,D_full,FLOW_RATE_VAPEUR_roll_std_10
15,D_full,FLOW_RATE_VAPEUR_diff_5
15,D_full,FLOW_RATE_VAPEUR_slope_10
15,D_full,FLOW_RATE_SLURRY_M3_HR_2
15,D_full,FLOW_RATE_SLURRY_M3_HR_2_roll_mean_10
15,D_full,FLOW_RATE_SLURRY_M3_HR_2_roll_mean_30
15,D_full,FLOW_RATE_SLURRY_M3_HR_2_roll_std_10
15,D_full,FLOW_RATE_SLURRY_M3_HR_2_diff_5
15,D_full,FLOW_RATE_SLURRY_M3_HR_2_slope_10
15,D_full,TEMPERATURE_BRIQUE
15,D_full,TEMPERATURE_BRIQUE_roll_mean_10
15,D_full,TEMPERATURE_BRIQUE_roll_mean_30
15,D_full,TEMPERATURE_BRIQUE_roll_std_10
15,D_full,TEMPERATURE_BRIQUE_diff_5
15,D_full,TEMPERATURE_BRIQUE_slope_10
15,D_full,TOTAL_ACID_FLOW
15,D_full,ACID_FLOW_IMBALANCE
15,D_full,ACID_TO_PHOSPHATE_RATIO
15,D_full,TOTAL_SLURRY_M3_FLOW
15,D_full,SLURRY_DENSITY_PROXY
15,D_full,ATTACK_PASSAGE_TEMP_GRADIENT
15,D_full,HOT_AIR_DRYER_OUTLET_GRADIENT
15,D_full,STEAM_SLURRY_TEMP_GRADIENT
15,D_full,STEAM_ENERGY_PROXY
15,D_full,DRYING_INTENSITY_PROXY
15,D_full,RECYCLE_TO_PRODUCTION_RATIO
15,D_full,FLOW_RATE_PHOSPHORIC_ACID_1_CV_10
15,D_full,FLOW_RATE_PHOSPHORIC_ACID_2_CV_10
15,D_full,FLOW_RATE_GROUND_PHOSPHATE_CV_10
15,D_full,FLOW_RATE_FIOUL_CV_10
15,D_full,FLOW_RATE_VAPEUR_CV_10
15,D_full,PRODUCTION_TSP_BALANCE_missing
15,D_full,FLOW_RATE_PHOSPHORIC_ACID_1_missing
15,D_full,FLOW_RATE_PHOSPHORIC_ACID_2_missing
15,D_full,FLOW_RATE_GROUND_PHOSPHATE_missing
15,D_full,FLOW_RATE_SLURRY_T_PER_HR_missing
15,D_full,FLOW_RATE_SLURRY_M3_HR_missing
15,D_full,RECYCLAGE_missing
15,D_full,PRESSURE_VAPEUR_missing
15,D_full,TEMPERATURE_VAPEUR_missing
15,D_full,TEMPERATURE_CUVE_ATTAQUE_missing
15,D_full,TEMPERATURE_CUVE_DE_PASSAGE_missing
15,D_full,TEMPERATURE_SLURRY_PULVERISATEUR_missing
15,D_full,DEPRESSURE_SECHEUR_missing
15,D_full,LEVEL_CUVE_PASSAGE_missing
15,D_full,TEMPERATURE_GAZ_SORTIE_SECHEUR_missing
15,D_full,FLOW_RATE_FIOUL_missing
15,D_full,TEMPERATURE_AIR_CHAUD_missing
15,D_full,FLOW_RATE_LIQUIDE_LAVAGE_missing
15,D_full,FLOW_RATE_VAPEUR_missing
15,D_full,FLOW_RATE_SLURRY_M3_HR_2_missing
15,D_full,TEMPERATURE_BRIQUE_missing
