variable,primary_category,category_tags,controllability_status,physical_interpretation,role,measurement_type,interpretation_status,unit_validation_status,recommendation_allowed,supervisor_validation_required
PRODUCTION_TSP_BALANCE,production,production;observed_state,observed,Production/load indicator; exact balance definition needs confirmation.,observed_state,continuous_production,documented_provisional,units_not_provided_in_source_file,False,False
FLOW_RATE_PHOSPHORIC_ACID_1,flow,flow;raw_process;candidate_controllable,needs_supervisor_confirmation,Acid line 1 flow; likely set-point influenced.,candidate_actuator_not_confirmed,continuous_flow,documented_provisional,units_not_provided_in_source_file,False,True
FLOW_RATE_PHOSPHORIC_ACID_2,flow,flow;raw_process;candidate_controllable,needs_supervisor_confirmation,Acid line 2 flow; likely set-point influenced.,candidate_actuator_not_confirmed,continuous_flow,documented_provisional,units_not_provided_in_source_file,False,True
FLOW_RATE_GROUND_PHOSPHATE,flow,flow;production;candidate_controllable,needs_supervisor_confirmation,Ground phosphate feed.,candidate_actuator_not_confirmed,continuous_flow,documented_provisional,units_not_provided_in_source_file,False,True
FLOW_RATE_SLURRY_T_PER_HR,flow,flow;observed_state,observed,Slurry mass-flow measurement.,observed_state,continuous_flow,documented_provisional,units_not_provided_in_source_file,False,False
FLOW_RATE_SLURRY_M3_HR,flow,flow;observed_state,observed,Confirmed slurry volumetric-flow component measured in m3/h; add to FLOW_RATE_SLURRY_M3_HR_2.,observed_state,continuous_volumetric_flow,confirmed_additive_components,confirmed_m3_per_h,False,False
RECYCLAGE,production,production;flow;uncertain_meaning,uncertain,Recycle measurement; units and numerator meaning unknown.,uncertain_role,continuous_production,requires_process_confirmation,units_not_provided_in_source_file,False,True
PRESSURE_VAPEUR,pressure,pressure;candidate_controllable,needs_supervisor_confirmation,Steam pressure.,candidate_actuator_not_confirmed,continuous_pressure,documented_provisional,units_not_provided_in_source_file,False,True
TEMPERATURE_VAPEUR,thermal,thermal;observed_state,observed,Steam temperature.,observed_state,continuous_temperature,documented_provisional,units_not_provided_in_source_file,False,False
TEMPERATURE_CUVE_ATTAQUE,thermal,thermal;observed_state,observed,Attack-tank temperature.,observed_state,continuous_temperature,documented_provisional,units_not_provided_in_source_file,False,False
TEMPERATURE_CUVE_DE_PASSAGE,thermal,thermal;observed_state,observed,Passage-tank temperature.,observed_state,continuous_temperature,documented_provisional,units_not_provided_in_source_file,False,False
TEMPERATURE_SLURRY_PULVERISATEUR,thermal,thermal;observed_state,observed,Slurry temperature near atomizer/sprayer.,observed_state,continuous_temperature,documented_provisional,units_not_provided_in_source_file,False,False
DEPRESSURE_SECHEUR,pressure,pressure;observed_state,observed,Dryer depression/draft; sign convention needs confirmation.,observed_state,continuous_pressure,documented_provisional,units_not_provided_in_source_file,False,False
LEVEL_CUVE_PASSAGE,observed_state,observed_state,observed,Passage-tank level.,observed_state,continuous_state,documented_provisional,units_not_provided_in_source_file,False,False
TEMPERATURE_GAZ_SORTIE_SECHEUR,thermal,thermal;observed_state;possible_quality_indicator,observed,Dryer outlet-gas temperature.,observed_state,continuous_temperature,documented_provisional,units_not_provided_in_source_file,False,False
FLOW_RATE_FIOUL,flow,flow;thermal;candidate_controllable,needs_supervisor_confirmation,Fuel-oil flow.,candidate_actuator_not_confirmed,continuous_flow,documented_provisional,units_not_provided_in_source_file,False,True
TEMPERATURE_AIR_CHAUD,thermal,thermal;observed_state,observed,Hot-air temperature.,observed_state,continuous_temperature,documented_provisional,units_not_provided_in_source_file,False,False
FLOW_RATE_LIQUIDE_LAVAGE,flow,flow;candidate_controllable,needs_supervisor_confirmation,Wash-liquid flow.,candidate_actuator_not_confirmed,continuous_flow,documented_provisional,units_not_provided_in_source_file,False,True
FLOW_RATE_VAPEUR,flow,flow;thermal;candidate_controllable,needs_supervisor_confirmation,Steam flow.,candidate_actuator_not_confirmed,continuous_flow,documented_provisional,units_not_provided_in_source_file,False,True
FLOW_RATE_SLURRY_M3_HR_2,flow,flow;observed_state,observed,Confirmed second slurry volumetric-flow component measured in m3/h; add to FLOW_RATE_SLURRY_M3_HR.,observed_state,continuous_volumetric_flow,confirmed_additive_components,confirmed_m3_per_h,False,False
TEMPERATURE_BRIQUE,thermal,thermal;observed_state;uncertain_meaning,observed,Brick/refractory temperature; location needs confirmation.,observed_state,continuous_temperature,requires_process_confirmation,units_not_provided_in_source_file,False,False
SLURRY_FREE_ACID,possible_quality_indicator,possible_quality_indicator;target_related,target,Prediction target; forbidden from inputs.,target,laboratory_or_quality_measurement,documented_provisional,units_not_provided_in_source_file,False,False
