horizon_min,feature_set,model,preprocessing_variant,feature_count,selected_candidate_id,selected_hyperparameters,training_seconds,validation_inference_seconds,test_inference_seconds,validation_improvement_over_persistence_pct,test_improvement_over_persistence_pct,validation_mae,validation_rmse,validation_median_ae,validation_r2,validation_mean_bias_error,validation_p90_absolute_error,validation_p95_absolute_error,test_mae,test_rmse,test_median_ae,test_r2,test_mean_bias_error,test_p90_absolute_error,test_p95_absolute_error
1,A_raw,training_mean,none,0,,{},0.0,0.0,0.0,-105.47761579095692,-129.55373601614772,0.38505849099541595,0.46882036999819987,0.3513179516945595,-0.14461570395039858,0.16664195470434193,0.7439179516945608,0.8511179516945588,0.3547772600333356,0.4536331733023953,0.31068204830543955,-0.0003583710316807931,-0.008586050712903021,0.6766820483054392,0.7936820483054401
1,A_raw,persistence,none,0,,{},0.0,0.0,0.0,0.0,0.0,0.15086575678782296,0.22816128569213848,0.12100000000000044,0.7288992841427069,4.505721276260621e-05,0.3049999999999997,0.3650000000000002,0.138077284968912,0.19761524302548703,0.11099999999999888,0.8101603694749615,0.000359532248529017,0.27500000000000036,0.33399999999999963
1,B_temporal,training_mean,none,0,,{},0.0,0.0,0.0,-105.47761579095692,-129.55373601614772,0.38505849099541595,0.46882036999819987,0.3513179516945595,-0.14461570395039858,0.16664195470434193,0.7439179516945608,0.8511179516945588,0.3547772600333356,0.4536331733023953,0.31068204830543955,-0.0003583710316807931,-0.008586050712903021,0.6766820483054392,0.7936820483054401
1,B_temporal,persistence,none,0,,{},0.0,0.0,0.0,0.0,0.0,0.15086575678782296,0.22816128569213848,0.12100000000000044,0.7288992841427069,4.505721276260621e-05,0.3049999999999997,0.3650000000000002,0.138077284968912,0.19761524302548703,0.11099999999999888,0.8101603694749615,0.000359532248529017,0.27500000000000036,0.33399999999999963
1,C_process,training_mean,none,0,,{},0.0,0.0,0.0,-105.47761579095692,-129.55373601614772,0.38505849099541595,0.46882036999819987,0.3513179516945595,-0.14461570395039858,0.16664195470434193,0.7439179516945608,0.8511179516945588,0.3547772600333356,0.4536331733023953,0.31068204830543955,-0.0003583710316807931,-0.008586050712903021,0.6766820483054392,0.7936820483054401
1,C_process,persistence,none,0,,{},0.0,0.0,0.0,0.0,0.0,0.15086575678782296,0.22816128569213848,0.12100000000000044,0.7288992841427069,4.505721276260621e-05,0.3049999999999997,0.3650000000000002,0.138077284968912,0.19761524302548703,0.11099999999999888,0.8101603694749615,0.000359532248529017,0.27500000000000036,0.33399999999999963
1,D_full,training_mean,none,0,,{},0.0,0.0,0.0,-105.47761579095692,-129.55373601614772,0.38505849099541595,0.46882036999819987,0.3513179516945595,-0.14461570395039858,0.16664195470434193,0.7439179516945608,0.8511179516945588,0.3547772600333356,0.4536331733023953,0.31068204830543955,-0.0003583710316807931,-0.008586050712903021,0.6766820483054392,0.7936820483054401
1,D_full,persistence,none,0,,{},0.0,0.0,0.0,0.0,0.0,0.15086575678782296,0.22816128569213848,0.12100000000000044,0.7288992841427069,4.505721276260621e-05,0.3049999999999997,0.3650000000000002,0.138077284968912,0.19761524302548703,0.11099999999999888,0.8101603694749615,0.000359532248529017,0.27500000000000036,0.33399999999999963
5,A_raw,training_mean,none,0,,{},0.0,0.0,0.0,-68.36493689981688,-81.48741373218766,0.3851181846467356,0.4688766490305559,0.3513038893188867,-0.1444210773843808,0.16656393446561418,0.743903889318888,0.851103889318886,0.35473221909382724,0.4535949463282637,0.31069611068111236,-0.00035143170695772774,-0.008501829266515245,0.676696110681112,0.7936961106811129
5,A_raw,persistence,none,0,,{},0.0,0.0,0.0,0.0,0.0,0.19924790126250094,0.27848829908661693,0.1620000000000008,0.5962778810420097,-0.0005278582880817703,0.4039999999999999,0.4847999999999988,0.18189119638826184,0.24993190271453875,0.14499999999999957,0.6962896625042692,0.0007743046577072121,0.3680000000000003,0.4529999999999994
5,B_temporal,training_mean,none,0,,{},0.0,0.0,0.0,-68.36493689981688,-81.48741373218766,0.3851181846467356,0.4688766490305559,0.3513038893188867,-0.1444210773843808,0.16656393446561418,0.743903889318888,0.851103889318886,0.35473221909382724,0.4535949463282637,0.31069611068111236,-0.00035143170695772774,-0.008501829266515245,0.676696110681112,0.7936961106811129
5,B_temporal,persistence,none,0,,{},0.0,0.0,0.0,0.0,0.0,0.19924790126250094,0.27848829908661693,0.1620000000000008,0.5962778810420097,-0.0005278582880817703,0.4039999999999999,0.4847999999999988,0.18189119638826184,0.24993190271453875,0.14499999999999957,0.6962896625042692,0.0007743046577072121,0.3680000000000003,0.4529999999999994
5,C_process,training_mean,none,0,,{},0.0,0.0,0.0,-68.36493689981688,-81.48741373218766,0.3851181846467356,0.4688766490305559,0.3513038893188867,-0.1444210773843808,0.16656393446561418,0.743903889318888,0.851103889318886,0.35473221909382724,0.4535949463282637,0.31069611068111236,-0.00035143170695772774,-0.008501829266515245,0.676696110681112,0.7936961106811129
5,C_process,persistence,none,0,,{},0.0,0.0,0.0,0.0,0.0,0.19924790126250094,0.27848829908661693,0.1620000000000008,0.5962778810420097,-0.0005278582880817703,0.4039999999999999,0.4847999999999988,0.18189119638826184,0.24993190271453875,0.14499999999999957,0.6962896625042692,0.0007743046577072121,0.3680000000000003,0.4529999999999994
5,D_full,training_mean,none,0,,{},0.0,0.0,0.0,-68.36493689981688,-81.48741373218766,0.3851181846467356,0.4688766490305559,0.3513038893188867,-0.1444210773843808,0.16656393446561418,0.743903889318888,0.851103889318886,0.35473221909382724,0.4535949463282637,0.31069611068111236,-0.00035143170695772774,-0.008501829266515245,0.676696110681112,0.7936961106811129
5,D_full,persistence,none,0,,{},0.0,0.0,0.0,0.0,0.0,0.19924790126250094,0.27848829908661693,0.1620000000000008,0.5962778810420097,-0.0005278582880817703,0.4039999999999999,0.4847999999999988,0.18189119638826184,0.24993190271453875,0.14499999999999957,0.6962896625042692,0.0007743046577072121,0.3680000000000003,0.4529999999999994
10,A_raw,training_mean,none,0,,{},0.0,0.0,0.0,-54.32251051772186,-61.803751347578206,0.38520472829681845,0.46895493076148387,0.3514999999999997,-0.14420455355232065,0.16648256476470796,0.7439441541686815,0.8510941541686804,0.3546863571265671,0.453550811392536,0.3105000000000002,-0.0003479445944460924,-0.008458735656724928,0.676602338332527,0.7937558458313188
10,A_raw,persistence,none,0,,{},0.0,0.0,0.0,0.0,0.0,0.22194190950732248,0.3038797964005586,0.18299999999999983,0.5195534134345674,-0.001219995784409133,0.4510000000000005,0.5448499999999995,0.20516383026916574,0.280309206439993,0.16499999999999915,0.6179027504644333,0.0011037655265444823,0.41869999999999924,0.511000000000001
10,B_temporal,training_mean,none,0,,{},0.0,0.0,0.0,-54.32251051772186,-61.803751347578206,0.38520472829681845,0.46895493076148387,0.3514999999999997,-0.14420455355232065,0.16648256476470796,0.7439441541686815,0.8510941541686804,0.3546863571265671,0.453550811392536,0.3105000000000002,-0.0003479445944460924,-0.008458735656724928,0.676602338332527,0.7937558458313188
10,B_temporal,persistence,none,0,,{},0.0,0.0,0.0,0.0,0.0,0.22194190950732248,0.3038797964005586,0.18299999999999983,0.5195534134345674,-0.001219995784409133,0.4510000000000005,0.5448499999999995,0.20516383026916574,0.280309206439993,0.16499999999999915,0.6179027504644333,0.0011037655265444823,0.41869999999999924,0.511000000000001
10,C_process,training_mean,none,0,,{},0.0,0.0,0.0,-54.32251051772186,-61.803751347578206,0.38520472829681845,0.46895493076148387,0.3514999999999997,-0.14420455355232065,0.16648256476470796,0.7439441541686815,0.8510941541686804,0.3546863571265671,0.453550811392536,0.3105000000000002,-0.0003479445944460924,-0.008458735656724928,0.676602338332527,0.7937558458313188
10,C_process,persistence,none,0,,{},0.0,0.0,0.0,0.0,0.0,0.22194190950732248,0.3038797964005586,0.18299999999999983,0.5195534134345674,-0.001219995784409133,0.4510000000000005,0.5448499999999995,0.20516383026916574,0.280309206439993,0.16499999999999915,0.6179027504644333,0.0011037655265444823,0.41869999999999924,0.511000000000001
10,D_full,training_mean,none,0,,{},0.0,0.0,0.0,-54.32251051772186,-61.803751347578206,0.38520472829681845,0.46895493076148387,0.3514999999999997,-0.14420455355232065,0.16648256476470796,0.7439441541686815,0.8510941541686804,0.3546863571265671,0.453550811392536,0.3105000000000002,-0.0003479445944460924,-0.008458735656724928,0.676602338332527,0.7937558458313188
10,D_full,persistence,none,0,,{},0.0,0.0,0.0,0.0,0.0,0.22194190950732248,0.3038797964005586,0.18299999999999983,0.5195534134345674,-0.001219995784409133,0.4510000000000005,0.5448499999999995,0.20516383026916574,0.280309206439993,0.16499999999999915,0.6179027504644333,0.0011037655265444823,0.41869999999999924,0.511000000000001
15,A_raw,training_mean,none,0,,{},0.0,0.0,0.0,-53.34231126022135,-53.09465295157784,0.38523419223369226,0.4689628031511165,0.35183255378858824,-0.144107035825207,0.1664361501102527,0.7439674462114121,0.8510674462114108,0.35469259166854866,0.45355224848258124,0.3105000000000002,-0.0003542838724912567,-0.008535443613994593,0.6766330215154348,0.7938325537885884
15,A_raw,persistence,none,0,,{},0.0,0.0,0.0,0.0,0.0,0.22621463543568443,0.30582739968963185,0.1869999999999994,0.5134330047747188,-0.001960681795490927,0.4610000000000003,0.5508999999999998,0.21543793875791345,0.2962561002218901,0.16999999999999993,0.5731907814660371,0.0017216050943648054,0.43499999999999994,0.5289999999999999
15,B_temporal,training_mean,none,0,,{},0.0,0.0,0.0,-53.34231126022135,-53.09465295157784,0.38523419223369226,0.4689628031511165,0.35183255378858824,-0.144107035825207,0.1664361501102527,0.7439674462114121,0.8510674462114108,0.35469259166854866,0.45355224848258124,0.3105000000000002,-0.0003542838724912567,-0.008535443613994593,0.6766330215154348,0.7938325537885884
15,B_temporal,persistence,none,0,,{},0.0,0.0,0.0,0.0,0.0,0.22621463543568443,0.30582739968963185,0.1869999999999994,0.5134330047747188,-0.001960681795490927,0.4610000000000003,0.5508999999999998,0.21543793875791345,0.2962561002218901,0.16999999999999993,0.5731907814660371,0.0017216050943648054,0.43499999999999994,0.5289999999999999
15,C_process,training_mean,none,0,,{},0.0,0.0,0.0,-53.34231126022135,-53.09465295157784,0.38523419223369226,0.4689628031511165,0.35183255378858824,-0.144107035825207,0.1664361501102527,0.7439674462114121,0.8510674462114108,0.35469259166854866,0.45355224848258124,0.3105000000000002,-0.0003542838724912567,-0.008535443613994593,0.6766330215154348,0.7938325537885884
15,C_process,persistence,none,0,,{},0.0,0.0,0.0,0.0,0.0,0.22621463543568443,0.30582739968963185,0.1869999999999994,0.5134330047747188,-0.001960681795490927,0.4610000000000003,0.5508999999999998,0.21543793875791345,0.2962561002218901,0.16999999999999993,0.5731907814660371,0.0017216050943648054,0.43499999999999994,0.5289999999999999
15,D_full,training_mean,none,0,,{},0.0,0.0,0.0,-53.34231126022135,-53.09465295157784,0.38523419223369226,0.4689628031511165,0.35183255378858824,-0.144107035825207,0.1664361501102527,0.7439674462114121,0.8510674462114108,0.35469259166854866,0.45355224848258124,0.3105000000000002,-0.0003542838724912567,-0.008535443613994593,0.6766330215154348,0.7938325537885884
15,D_full,persistence,none,0,,{},0.0,0.0,0.0,0.0,0.0,0.22621463543568443,0.30582739968963185,0.1869999999999994,0.5134330047747188,-0.001960681795490927,0.4610000000000003,0.5508999999999998,0.21543793875791345,0.2962561002218901,0.16999999999999993,0.5731907814660371,0.0017216050943648054,0.43499999999999994,0.5289999999999999
1,A_raw,ridge,standard,21,1.0,"{""alpha"": 1.0}",0.03073150012642145,0.0036135998088866472,0.0038156998343765736,-64.55707037269799,-93.14777990210914,0.2970018288710245,0.3754555274596648,0.2584783652713192,0.2658855742324526,0.07086663593442086,0.590474848676255,0.699038618739739,0.3076290758621058,0.38168945465188575,0.27427674152006265,0.2917830426626278,0.029804553493211018,0.592710761550201,0.7003047387892893
1,A_raw,extra_trees,tree,21,1.0,"{""max_features"": 0.8, ""min_samples_leaf"": 2, ""n_estimators"": 30}",2.168620199896395,0.0473770999815315,0.03453239984810352,-69.15643593062347,-71.01793673009323,0.3072541644511329,0.385949499050309,0.2688666666666677,0.22427512762099033,0.10248582886046323,0.6243733333333328,0.7330466666666655,0.2711164734844686,0.3379575112863474,0.23489999999999878,0.4447734757783852,0.09098299653927172,0.543713888888889,0.6284319444444462
1,A_raw,hist_gradient_boosting,tree,21,1.0,"{""learning_rate"": 0.05, ""max_iter"": 50, ""max_leaf_nodes"": 15}",3.2716240000445396,0.18047240003943443,0.056495599914342165,-79.38543077809229,-109.04856696283795,0.33140878047132283,0.40928810520767644,0.29212971468606064,0.12762140689108625,0.1174216457267271,0.6524293835468926,0.7605320316332613,0.3391849581737031,0.4131118336449102,0.3116863894529054,0.1703760718722176,0.12608719932392212,0.6514472195351386,0.7406002798657636
1,B_temporal,ridge,standard,162,1.0,"{""alpha"": 1.0}",0.1553793998900801,0.008508499944582582,0.00393070001155138,-46.885229085913,-73.46318419577212,0.26097576664414973,0.33513522717426203,0.22557788614103735,0.41509287162315545,0.08212948866423717,0.5078282006383585,0.6000795341229721,0.2757121268281023,0.34278969300822326,0.24490602950187945,0.42878249419575887,0.005236588871105615,0.5199750168835706,0.603418320689753
1,B_temporal,extra_trees,tree,162,1.0,"{""max_features"": 0.8, ""min_samples_leaf"": 2, ""n_estimators"": 30}",9.268516199896112,0.04264139989390969,0.03595379996113479,-60.71441183894762,-85.30133352210287,0.29121444611654546,0.3666880683443013,0.24992777777777775,0.2997706489005013,0.11138219630465687,0.5890088888888901,0.6855044444444418,0.2991625388704986,0.36618368056917183,0.26674722222222336,0.348155554101771,0.09377855518774866,0.5810888888888881,0.6642402777777794
1,B_temporal,hist_gradient_boosting,tree,162,1.0,"{""learning_rate"": 0.05, ""max_iter"": 50, ""max_leaf_nodes"": 15}",1.9804847999475896,0.024325399892404675,0.023910399992018938,-77.86988331073019,-98.79076895796801,0.3314507060845264,0.40583021262086844,0.29971115252903857,0.1422998131974501,0.15367464323542104,0.6354343743609875,0.7483028248844004,0.3238052606403121,0.3928408611885229,0.2979634121920842,0.24979611776471033,0.11027704143170003,0.6095990907608835,0.699252198511839
1,C_process,ridge,standard,58,2.0,"{""alpha"": 10.0}",0.03963280003517866,0.003864699974656105,0.002411800203844905,-67.07872909328073,-86.34532289139463,0.2981312236134432,0.3812089764173143,0.25650663000393337,0.2432141721575719,0.06324529487658526,0.5868723529003128,0.6999962751671996,0.29906839695653153,0.368246762698458,0.2643649691996961,0.34078986834961367,0.03115999534416144,0.5848709147928064,0.6803228866925388
1,C_process,extra_trees,tree,58,1.0,"{""max_features"": 0.8, ""min_samples_leaf"": 2, ""n_estimators"": 30}",2.889829499879852,0.03962949989363551,0.033370899967849255,-51.78079128012697,-61.87272604154526,0.2739623957027004,0.3463050048184389,0.23820555555555778,0.375454203660346,0.09705977050413855,0.5475044444444436,0.6399866666666689,0.2554950881064633,0.3198851809589805,0.2211722222222221,0.502567403311768,0.022596425585983192,0.5091083333333346,0.6009208333333347
1,C_process,hist_gradient_boosting,tree,58,1.0,"{""learning_rate"": 0.05, ""max_iter"": 50, ""max_leaf_nodes"": 15}",0.7461214000359178,0.02605840004980564,0.025758199859410524,-60.481358542881715,-65.35382931284333,0.29614163093344387,0.36615633094764943,0.2660404902606164,0.3017999931799178,0.11733388333071365,0.5746454410435036,0.6670061459380914,0.26094443401493445,0.32676437164852434,0.22823256690131632,0.4809425919362307,0.02800856390821246,0.5086072087518474,0.5974361688708614
1,D_full,ridge,standard,178,2.0,"{""alpha"": 10.0}",0.12125879991799593,0.005561599973589182,0.0055581999476999044,-46.73523327167181,-67.88293350972903,0.2576359765898524,0.33479299479600494,0.22070283193512097,0.41628684906724733,0.07889304393018975,0.5014476274582753,0.5925192035601063,0.26930292268327866,0.3317622670535678,0.24160748478716254,0.46494308831034337,0.00876187335864721,0.5025242917025325,0.5864177464187419
1,D_full,extra_trees,tree,178,2.0,"{""max_features"": 0.7, ""min_samples_leaf"": 4, ""n_estimators"": 30}",7.411051800008863,0.04030300001613796,0.03600490000098944,-49.63888437630028,-56.33895381808167,0.2747981245416652,0.34141800248833926,0.24642650793650667,0.3929568151686992,0.09768853000226924,0.5318717619047636,0.6167739841269843,0.2485618759284735,0.308949603531106,0.21756035714285638,0.535996471823823,0.03165417752771695,0.48875571428571263,0.5655531547619028
1,D_full,hist_gradient_boosting,tree,178,2.0,"{""learning_rate"": 0.1, ""max_iter"": 50, ""max_leaf_nodes"": 15}",2.031874499982223,0.030228300020098686,0.024793399963527918,-52.08929209824812,-54.31178375881099,0.27645007846347236,0.3470088842514349,0.24071898950763426,0.3729127925192065,0.10899794684920638,0.5466594356512837,0.6379752580438239,0.2456484790704766,0.30494360649193836,0.22100403296385984,0.5479514682944704,0.010124356455089002,0.47252503232795195,0.5535413031505358
5,A_raw,ridge,standard,21,1.0,"{""alpha"": 1.0}",0.015076200012117624,0.0026406999677419662,0.0021047000773251057,-32.60662326667535,-52.7665630369892,0.2894597501531408,0.3692939296115622,0.24426545293408175,0.29007417239650124,0.07084835034025584,0.5836867232745537,0.7054979827303121,0.3110628829416378,0.38181237770995236,0.27776874877300095,0.2912122708489907,0.020006202638167533,0.5876550915281299,0.681735899564405
5,A_raw,extra_trees,tree,21,2.0,"{""max_features"": 0.7, ""min_samples_leaf"": 4, ""n_estimators"": 30}",0.8593148998916149,0.03476880001835525,0.029757000040262938,-35.3376248735089,-35.886165247861626,0.29730430109413647,0.37689944953446114,0.25644119047619185,0.2605315571558734,0.09340819069142497,0.6113545317460302,0.7237376507936492,0.2751589912330245,0.33962287832980287,0.24672181096681278,0.4391973461243338,0.07863368412320208,0.5361831005290999,0.6169557222222208
5,A_raw,hist_gradient_boosting,tree,21,1.0,"{""learning_rate"": 0.05, ""max_iter"": 50, ""max_leaf_nodes"": 15}",0.4390914000105113,0.026275499956682324,0.024530000053346157,-46.999393246023644,-62.716976381067155,0.3314912614252714,0.4093761099184985,0.2914422298831969,0.12760407495284576,0.13189172188642748,0.6525204360884667,0.7596835071513777,0.33170610449075205,0.40668163510876776,0.30044296653833946,0.19587177619755103,0.131029490523489,0.6354909013867339,0.7406197312224886
5,B_temporal,ridge,standard,162,1.0,"{""alpha"": 1.0}",0.12039149994961917,0.009728699922561646,0.0052859000861644745,-23.380188035544588,-39.02903461773374,0.2671577374597081,0.34359938707005777,0.2306921381268623,0.3854271088550706,0.08759726933903611,0.5252318284388455,0.6343014577297504,0.2815289209500386,0.3474779115457567,0.2515936996564445,0.4129560877647259,0.0031803091097798697,0.5311928950566929,0.6239523556959057
5,B_temporal,extra_trees,tree,162,1.0,"{""max_features"": 0.8, ""min_samples_leaf"": 2, ""n_estimators"": 30}",9.764895299915224,0.04789259983226657,0.05709009990096092,-37.06686157724593,-47.91436976634523,0.29955759384666825,0.38171517141787986,0.2522222222222208,0.24151415260955822,0.11131357746007861,0.6156666666666674,0.7392622222222215,0.3023793219630465,0.3696851987452451,0.27356111111111225,0.33552245495265376,0.08598466098152319,0.5831944444444472,0.6757477777777798
5,B_temporal,hist_gradient_boosting,tree,162,1.0,"{""learning_rate"": 0.05, ""max_iter"": 50, ""max_leaf_nodes"": 15}",2.1891008000820875,0.036525100003927946,0.026539399987086654,-43.2590300374718,-56.2540938705717,0.32082015314012574,0.39895963603934087,0.2800046194890786,0.17143505205604126,0.14557259629711247,0.6370018451679097,0.7542319873263937,0.3220471338112208,0.3905288298800813,0.296514363618229,0.25848082862639576,0.09447899454520428,0.6092491175137251,0.6913794946411369
5,C_process,ridge,standard,58,2.0,"{""alpha"": 10.0}",0.040903500048443675,0.0028395000845193863,0.004503099946305156,-34.635104081063794,-47.20627130703339,0.2900278011612499,0.37494301132885094,0.24204995819605735,0.26818860962512825,0.06603846431951113,0.5759142980729408,0.6949585526479328,0.30098104117564695,0.36791543479279465,0.26907581376525336,0.3418692256719441,0.020914341607363388,0.5738980977749323,0.6675860102846927
5,C_process,extra_trees,tree,58,2.0,"{""max_features"": 0.7, ""min_samples_leaf"": 4, ""n_estimators"": 30}",1.8890033001080155,0.043770499993115664,0.03577499999664724,-23.656770091309,-21.45088430799496,0.27279878780242134,0.3443696357327349,0.23983682539682505,0.382668637519761,0.10385768617849274,0.5461340952380948,0.6468553333333342,0.24219498486983848,0.303544506014605,0.21217357142857018,0.5520176154892682,0.013535695703134818,0.47089161111111155,0.5599569206349209
5,C_process,hist_gradient_boosting,tree,58,2.0,"{""learning_rate"": 0.1, ""max_iter"": 50, ""max_leaf_nodes"": 15}",0.7874274998903275,0.02519479999318719,0.025489000137895346,-27.47099022608627,-26.706220513932248,0.281602735244332,0.35499179250949536,0.24484096757218765,0.34399784952156776,0.10268789878323437,0.5689862737916801,0.6692287008121199,0.25570879129357205,0.3166792677881501,0.23013699120892817,0.5124092616572798,0.023028166187820054,0.4911286275920585,0.5776712815337814
5,D_full,ridge,standard,178,2.0,"{""alpha"": 10.0}",0.11886999988928437,0.007822599960491061,0.007335799979045987,-22.943225390987514,-35.14724551636688,0.2633138507580552,0.3423824972335869,0.22421724851982638,0.38977253676459267,0.08380225372934184,0.517680457789544,0.6203219859710757,0.2745132820021949,0.3377760821853449,0.24649006753476677,0.44527981182459153,0.006609255686131165,0.515556525589929,0.6054191665933729
5,D_full,extra_trees,tree,178,2.0,"{""max_features"": 0.7, ""min_samples_leaf"": 4, ""n_estimators"": 30}",7.3918964001350105,0.04481130000203848,0.03684450010769069,-23.45347477697548,-21.633031866647414,0.27391160294767514,0.34380348206972466,0.24138611111111175,0.3846967902848797,0.0907949010235647,0.5406575873015872,0.6384114920634917,0.2424645457140469,0.30399975087369313,0.21506333333333316,0.5506728729189299,0.022752719827534715,0.47180815873016013,0.5554168888888875
5,D_full,hist_gradient_boosting,tree,178,2.0,"{""learning_rate"": 0.1, ""max_iter"": 50, ""max_leaf_nodes"": 15}",2.0973614999093115,0.026507499860599637,0.0269529998768121,-26.48443410544432,-21.852834728159188,0.2798839543704821,0.3522443491495847,0.24250262004721357,0.35411275509549867,0.10053193389961954,0.5685062978948743,0.6643896311848478,0.24744789604504816,0.3045491083476905,0.22101932534855173,0.549047448897964,0.02835721691599992,0.47636953745471583,0.5535695610364577
10,A_raw,ridge,standard,21,1.0,"{""alpha"": 1.0}",0.01415079995058477,0.00223249988630414,0.002903199987486005,-25.672256128100077,-37.34849168910206,0.30094240102519093,0.38189259605405906,0.260912035755962,0.24120591669943148,0.070096179853561,0.6036280838844325,0.7133580616540568,0.3120300475469387,0.38500046711102176,0.2755736324521667,0.2791885104955242,0.027962336555350038,0.5964086262882364,0.696344438357385
10,A_raw,extra_trees,tree,21,1.0,"{""max_features"": 0.8, ""min_samples_leaf"": 2, ""n_estimators"": 30}",1.5038982999976724,0.03500419994816184,0.03178320010192692,-25.922850911411174,-24.37951340414954,0.30350898053381514,0.38265410297137525,0.26001666666666967,0.23817677681776417,0.10684353635694702,0.6105025000000013,0.7254516666666673,0.28137928573817644,0.3486472269970963,0.2510249999999994,0.40888549225962156,0.0873937019198609,0.5494194444444447,0.6395036111111128
10,A_raw,hist_gradient_boosting,tree,21,1.0,"{""learning_rate"": 0.05, ""max_iter"": 50, ""max_leaf_nodes"": 15}",0.4110979000106454,0.023217800073325634,0.025363299995660782,-35.82630906519657,-47.8721154225217,0.330470572706997,0.41274871144571285,0.28541502721371437,0.11363436274675709,0.14372316198351548,0.6570590266450091,0.7819882700055878,0.3391937870866827,0.4144991532869011,0.3096725093368642,0.16449994433892867,0.1275135909675659,0.6457635806580617,0.7383568161003567
10,B_temporal,ridge,standard,162,1.0,"{""alpha"": 1.0}",0.11113679991103709,0.006645000074058771,0.0054218999575823545,-12.541742982864422,-26.022930015425548,0.26697025546675635,0.3419916194419684,0.23093603333757073,0.3914834615047489,0.08786965962079411,0.5274544183409652,0.6360030417317548,0.28757819403743445,0.3532538750586671,0.25941717061900427,0.39316159685239804,0.002267066425106454,0.5354397917081097,0.6271921961001259
10,B_temporal,extra_trees,tree,162,2.0,"{""max_features"": 0.7, ""min_samples_leaf"": 4, ""n_estimators"": 30}",6.2651351999957114,0.05478559993207455,0.04035179992206395,-25.854845001811462,-26.154464132122804,0.30504284273673354,0.3824474467517433,0.2652173412698424,0.23899941529877977,0.13090674180308295,0.6139505158730179,0.723349940476191,0.2899161302356584,0.35362257729737906,0.2601286904761926,0.3918941829201754,0.08304050109658556,0.5540035476190484,0.6349030595238077
10,B_temporal,hist_gradient_boosting,tree,162,2.0,"{""learning_rate"": 0.1, ""max_iter"": 50, ""max_leaf_nodes"": 15}",2.0574117000214756,0.027724199928343296,0.02545199985615909,-30.84711094121388,-42.66350227245685,0.32133868394311804,0.3976179343241738,0.2842511301135646,0.17742901144020096,0.16079735760499608,0.6314695047737873,0.7453529873190028,0.3344201781357566,0.3998989310994252,0.3123951292231606,0.22232224879646723,0.11109050098123013,0.623530839229468,0.6952365887047678
10,C_process,ridge,standard,58,2.0,"{""alpha"": 10.0}",0.0408846999052912,0.003870400134474039,0.002815400017425418,-27.759305675696535,-33.012808463962905,0.3021189244457424,0.388234717970074,0.25674385990733395,0.21579393278642156,0.06242462674332814,0.5935520466527933,0.7111948314871568,0.30329901914405555,0.3728471478688823,0.2703284948494815,0.3239779865305362,0.030426244043656816,0.5806214303894268,0.6765942502460731
10,C_process,extra_trees,tree,58,2.0,"{""max_features"": 0.7, ""min_samples_leaf"": 4, ""n_estimators"": 30}",2.18689849996008,0.048308199970051646,0.03922110004350543,-18.775800811292598,-19.67430212623136,0.2879609609076537,0.360935661678489,0.2539621428571426,0.32220080827787256,0.11466588638412724,0.5655020277777769,0.6735185972222218,0.26646389126004605,0.3354580866026388,0.2323957738095226,0.4527626656972775,0.028326918011317818,0.5248430396825415,0.6262968313492076
10,C_process,hist_gradient_boosting,tree,58,1.0,"{""learning_rate"": 0.05, ""max_iter"": 50, ""max_leaf_nodes"": 15}",0.9851881000213325,0.028423800133168697,0.03177460003644228,-25.75524597031988,-25.39499860932424,0.3048840008666238,0.38214478541762975,0.26240365523326403,0.2402034202761012,0.15218993100856062,0.6034644165222349,0.7210077751198097,0.28016658322045884,0.35149372551723707,0.24622396766764343,0.39919388891549046,0.04208645219644601,0.550327720838745,0.6471756218912058
10,D_full,ridge,standard,178,2.0,"{""alpha"": 10.0}",0.12189189996570349,0.005735500017181039,0.006658400176092982,-11.843043870835698,-22.570643091149893,0.26220198509746784,0.339868414002883,0.22482049781483493,0.3990157806388184,0.0824083993187719,0.5146201785900096,0.6178098494627324,0.27985972320779884,0.3435767969771984,0.2529150455043574,0.4259538072268457,0.004531479947523954,0.5158485755080251,0.6135326306562823
10,D_full,extra_trees,tree,178,1.0,"{""max_features"": 0.8, ""min_samples_leaf"": 2, ""n_estimators"": 30}",11.361879999982193,0.05441970005631447,0.09223529999144375,-15.710338914965963,-12.242345842444015,0.2803678448391196,0.3516203423091949,0.24456111111111056,0.35673570896633167,0.11434633169442775,0.5545066666666674,0.6569527777777789,0.25247552762726605,0.3146256289205873,0.2245999999999988,0.5186207332395564,0.030743303063750047,0.48642277777777576,0.5719916666666661
10,D_full,hist_gradient_boosting,tree,178,2.0,"{""learning_rate"": 0.1, ""max_iter"": 50, ""max_leaf_nodes"": 15}",2.744482700014487,0.040491600055247545,0.0332154999487102,-19.025741284283054,-13.71912733368744,0.291572843513197,0.361695180278935,0.26111028469855757,0.3193452149000521,0.1370181795520577,0.564814749196407,0.6688963686409851,0.2573979126088217,0.31876518339954446,0.23082698876746477,0.5058703115097172,0.02903282943155509,0.4921626620129646,0.577348897387019
15,A_raw,ridge,standard,21,1.0,"{""alpha"": 1.0}",0.019224599935114384,0.003275299910455942,0.0026542998384684324,-29.299437429467805,-37.06297809030623,0.313658258277026,0.39543310730386394,0.2703366547613637,0.18654053419684413,0.09016208674247002,0.6379465272397198,0.7534396271712419,0.32807800915373225,0.40605743373832487,0.29053482477701476,0.19818510660230249,-0.0018393088578763338,0.6355735779478692,0.7425746473820841
15,A_raw,extra_trees,tree,21,2.0,"{""max_features"": 0.7, ""min_samples_leaf"": 4, ""n_estimators"": 30}",1.1442903999704868,0.04784090002067387,0.04107269993983209,-36.69675817344152,-22.225422971721862,0.3334268246058543,0.4180561409818605,0.28688190476190556,0.0908007329292897,0.1527105297679906,0.6763612460317454,0.7987749629629591,0.2904867441201657,0.3621002715757334,0.2545509722222219,0.36238740278240944,0.06451538943826766,0.5661174523809531,0.6599680694444406
15,A_raw,hist_gradient_boosting,tree,21,1.0,"{""learning_rate"": 0.05, ""max_iter"": 50, ""max_leaf_nodes"": 15}",0.6187032000161707,0.0370344000402838,0.03316710004583001,-42.031365337671495,-46.62098327097645,0.3491330745455012,0.43437083135588184,0.30880513648784813,0.018452840957857375,0.16226109396235322,0.6922347111156985,0.8214100812445917,0.3538796551500467,0.4343736071455847,0.32024594086106895,0.08245780271585157,0.11038430109331408,0.6835154496816491,0.7841837474583147
15,B_temporal,ridge,standard,162,1.0,"{""alpha"": 1.0}",0.13846089993603528,0.008614300051704049,0.009745199931785464,-24.885081545842997,-31.789170704631882,0.2997100888993561,0.38193279749192793,0.25696537305542577,0.2411363155612839,0.09421505480506485,0.5963721013774812,0.7180190705788069,0.3135271803410825,0.39043345764431203,0.27651075936969693,0.25870129511400175,-0.012101693324793664,0.6159516275013907,0.7128586875552582
15,B_temporal,extra_trees,tree,162,1.0,"{""max_features"": 0.8, ""min_samples_leaf"": 2, ""n_estimators"": 30}",10.433256499934942,0.045217900071293116,0.07471670000813901,-35.267262397396,-30.664352289010434,0.32950144847542095,0.41368435122130737,0.2808666666666664,0.10971706702911832,0.13975048421897723,0.6604733333333329,0.7853744444444429,0.31391213041006094,0.38710111447161427,0.27911388888888844,0.27130123914285154,0.06927142869088235,0.608407222222225,0.7168977777777773
15,B_temporal,hist_gradient_boosting,tree,162,1.0,"{""learning_rate"": 0.05, ""max_iter"": 50, ""max_leaf_nodes"": 15}",2.6179690998978913,0.03488350007683039,0.03264679992571473,-40.52672190708099,-43.845649100779355,0.3487823903991647,0.429769219477506,0.3094081024940927,0.03913919636181007,0.15286207747474,0.6754052121636676,0.7868927666233322,0.34857228238481475,0.42615151036483323,0.3125285273648233,0.1168646851454318,0.09124624677899242,0.6740218159439877,0.771503734452659
15,C_process,ridge,standard,58,2.0,"{""alpha"": 10.0}",0.04493460012599826,0.0026324999053031206,0.0033738999627530575,-30.53392384791763,-31.66147362111006,0.3132507340026526,0.3992085050169307,0.2686844161592976,0.17093337449508306,0.08193779387213378,0.6250229359810557,0.7427377860995337,0.31590302282596777,0.3900551472445732,0.27818860544683766,0.26013716151971433,-0.0014814076817107583,0.6124927673003777,0.7095044816392081
15,C_process,extra_trees,tree,58,2.0,"{""max_features"": 0.7, ""min_samples_leaf"": 4, ""n_estimators"": 30}",2.0876186001114547,0.03747149999253452,0.045703700045123696,-28.10730174953769,-17.147956241946318,0.3147944171321177,0.3917872297531614,0.2775230158730224,0.2014715118656515,0.14801795538157558,0.6148659153439118,0.7275500952380987,0.27729262435643387,0.3470579666520364,0.24275587301587187,0.4142622377594294,-0.004390777920905111,0.5472002817460324,0.6500565952380956
15,C_process,hist_gradient_boosting,tree,58,1.0,"{""learning_rate"": 0.05, ""max_iter"": 50, ""max_leaf_nodes"": 15}",0.8780857999809086,0.027354100020602345,0.041131499921903014,-27.197395469597836,-19.94558312252356,0.3121851269805397,0.38900448703760865,0.27558690557680343,0.21277462603319974,0.15624891260022053,0.6110589469245007,0.721829182599427,0.2830588788766333,0.3553461069471939,0.24769400678942333,0.38595201392331324,0.016342994989497824,0.5520548712721429,0.6528431840335648
15,D_full,ridge,standard,178,2.0,"{""alpha"": 10.0}",0.11952010006643832,0.007821699837222695,0.005499300081282854,-23.964583155269114,-27.545968579885688,0.29541066389172543,0.3791176611998509,0.25108504528398434,0.2522818972684183,0.08755003449361615,0.5824082333008374,0.7030434811172418,0.303674456118927,0.3778627125050066,0.2660611983851213,0.30566786868294726,-0.01160730650135318,0.5931470775708649,0.6938240073918792
15,D_full,extra_trees,tree,178,1.0,"{""max_features"": 0.8, ""min_samples_leaf"": 2, ""n_estimators"": 30}",10.978264699922875,0.04131569992750883,0.040687300032004714,-27.81707136484502,-20.535310689305,0.3136777267633432,0.39089962571454656,0.2783833333333341,0.2050855869598407,0.1379961003228125,0.6199188888888909,0.7293638888888888,0.2852418339019333,0.357093210838474,0.24935833333333157,0.37989908188397137,0.0286278145695365,0.564635000000001,0.6652050000000004
15,D_full,hist_gradient_boosting,tree,178,2.0,"{""learning_rate"": 0.1, ""max_iter"": 50, ""max_leaf_nodes"": 15}",2.1640677000395954,0.030215099919587374,0.031115700025111437,-27.903023560942607,-17.83774135674765,0.31303259637932823,0.39116249108084794,0.2751650559816845,0.20401612711911865,0.14246096498879335,0.6161396830200652,0.7332541789683102,0.27996056515342066,0.34910149713305794,0.24760618783293165,0.40734410265521814,0.016241876161320914,0.5459803762906519,0.6434599760735012
