horizon_min,feature_set,model,full_rmse,rmse_without_top_1pct_errors,rmse_reduction_pct
1,A_raw,extra_trees,0.3379575112863474,0.3211510173382224,4.972960619858825
1,A_raw,hist_gradient_boosting,0.4131118336449102,0.3951300295251414,4.35276907008794
1,A_raw,ridge,0.38168945465188575,0.35827661067523836,6.134003360926157
1,B_temporal,extra_trees,0.36618368056917183,0.3494063273651386,4.581676927261099
1,B_temporal,hist_gradient_boosting,0.3928408611885229,0.37417794882781913,4.750756401520949
1,B_temporal,ridge,0.34278969300822326,0.3165139118780488,7.6652774765734115
1,C_process,extra_trees,0.3198851809589805,0.30199000270931975,5.594250473251989
1,C_process,hist_gradient_boosting,0.32676437164852434,0.30476405255415046,6.73277780664471
1,C_process,ridge,0.368246762698458,0.34967445734190217,5.043440224826617
1,D_full,extra_trees,0.308949603531106,0.2908294928900612,5.865070041826549
1,D_full,hist_gradient_boosting,0.30494360649193836,0.28529433598278964,6.4435751695840775
1,D_full,ridge,0.3317622670535678,0.31021431705514624,6.4949972128513185
5,A_raw,extra_trees,0.33962287832980287,0.3221794115399308,5.136128306684032
5,A_raw,hist_gradient_boosting,0.40668163510876776,0.3873093863742479,4.763492388668775
5,A_raw,ridge,0.38181237770995236,0.35887025401049927,6.008742785411034
5,B_temporal,extra_trees,0.3696851987452451,0.3534561537746569,4.38996341364801
5,B_temporal,hist_gradient_boosting,0.3905288298800813,0.371963934441022,4.753783592560884
5,B_temporal,ridge,0.3474779115457567,0.3239494655570861,6.771206228333832
5,C_process,extra_trees,0.303544506014605,0.2845741830457721,6.249601818825255
5,C_process,hist_gradient_boosting,0.3166792677881501,0.29804260452349446,5.885027900570698
5,C_process,ridge,0.36791543479279465,0.34913656882890576,5.104125619101822
5,D_full,extra_trees,0.30399975087369313,0.2841346466357513,6.534579117532066
5,D_full,hist_gradient_boosting,0.3045491083476905,0.28709546184920853,5.730979346212991
5,D_full,ridge,0.3377760821853449,0.31613276018159975,6.407594600457526
10,A_raw,extra_trees,0.3486472269970963,0.3301119308032537,5.316346942864689
10,A_raw,hist_gradient_boosting,0.4144991532869011,0.394443707647281,4.838476865533787
10,A_raw,ridge,0.38500046711102176,0.3621247330722857,5.941741892001243
10,B_temporal,extra_trees,0.35362257729737906,0.33540796279750623,5.15086300175773
10,B_temporal,hist_gradient_boosting,0.3998989310994252,0.38308179022041133,4.205347794448766
10,B_temporal,ridge,0.3532538750586671,0.32930213390079355,6.780319438504604
10,C_process,extra_trees,0.3354580866026388,0.31482043227318174,6.152081334054428
10,C_process,hist_gradient_boosting,0.35149372551723707,0.3288102019290914,6.4534647253705515
10,C_process,ridge,0.3728471478688823,0.35230317058468374,5.510026669541044
10,D_full,extra_trees,0.3146256289205873,0.2941715782001751,6.501075831166606
10,D_full,hist_gradient_boosting,0.31876518339954446,0.298092433133073,6.485259790922641
10,D_full,ridge,0.3435767969771984,0.3200099174485039,6.859275636782463
15,A_raw,extra_trees,0.3621002715757334,0.3397185768493965,6.181076481644049
15,A_raw,hist_gradient_boosting,0.4343736071455847,0.4128848984986242,4.947056702678151
15,A_raw,ridge,0.40605743373832487,0.38181501564069814,5.97019438221866
15,B_temporal,extra_trees,0.38710111447161427,0.3663646817999865,5.356851710420059
15,B_temporal,hist_gradient_boosting,0.42615151036483323,0.4055508881911431,4.834107511681396
15,B_temporal,ridge,0.39043345764431203,0.36621195711711063,6.203746132143055
15,C_process,extra_trees,0.3470579666520364,0.32651771969550286,5.918390854034883
15,C_process,hist_gradient_boosting,0.3553461069471939,0.3314533548486859,6.723797343320429
15,C_process,ridge,0.3900551472445732,0.36846267680047695,5.535748110652999
15,D_full,extra_trees,0.357093210838474,0.3363434749525128,5.810733796153585
15,D_full,hist_gradient_boosting,0.34910149713305794,0.32814739918307256,6.002293923706333
15,D_full,ridge,0.3778627125050066,0.35460605547814095,6.154790154521397
