horizon_min,feature_set,model,selected,candidate_id,parameters,fit_seconds,valid_inference_seconds,mae,rmse,median_ae,r2,mean_bias_error,p90_absolute_error,p95_absolute_error
1,A_raw,ridge,True,1,"{""alpha"": 1.0}",0.03073150012642145,0.0036135998088866472,0.2970018288710245,0.3754555274596648,0.2584783652713192,0.2658855742324526,0.07086663593442086,0.590474848676255,0.699038618739739
1,A_raw,ridge,False,2,"{""alpha"": 10.0}",0.01738639990799129,0.00896980008110404,0.2971090220927556,0.37547922492328756,0.2582712876948321,0.26579290174457815,0.0710542684454521,0.5914471869520561,0.6983692085931404
1,A_raw,extra_trees,True,1,"{""max_features"": 0.8, ""min_samples_leaf"": 2, ""n_estimators"": 30}",2.168620199896395,0.0473770999815315,0.3072541644511329,0.385949499050309,0.2688666666666677,0.22427512762099033,0.10248582886046323,0.6243733333333328,0.7330466666666655
1,A_raw,extra_trees,False,2,"{""max_features"": 0.7, ""min_samples_leaf"": 4, ""n_estimators"": 30}",1.1521675998810679,0.04801589995622635,0.3097495931698516,0.3882529383377634,0.2738096825396834,0.21498807176359425,0.11699887158175265,0.6236690396825414,0.7334969206349198
1,A_raw,hist_gradient_boosting,True,1,"{""learning_rate"": 0.05, ""max_iter"": 50, ""max_leaf_nodes"": 15}",3.2716240000445396,0.18047240003943443,0.33140878047132283,0.40928810520767644,0.29212971468606064,0.12762140689108625,0.1174216457267271,0.6524293835468926,0.7605320316332613
1,A_raw,hist_gradient_boosting,False,2,"{""learning_rate"": 0.1, ""max_iter"": 50, ""max_leaf_nodes"": 15}",1.1359546999447048,0.045885999919846654,0.3388708261232426,0.4237475718662874,0.29082963169140363,0.06489323522735768,0.13772613740412318,0.6892421541333047,0.80851429779471
1,B_temporal,ridge,True,1,"{""alpha"": 1.0}",0.1553793998900801,0.008508499944582582,0.26097576664414973,0.33513522717426203,0.22557788614103735,0.41509287162315545,0.08212948866423717,0.5078282006383585,0.6000795341229721
1,B_temporal,ridge,False,2,"{""alpha"": 10.0}",0.13326400006189942,0.004434100119397044,0.2614409083729322,0.335460572298598,0.22579236263899105,0.4139566792100673,0.08233798642008697,0.5094577104723401,0.6005838783602773
1,B_temporal,extra_trees,True,1,"{""max_features"": 0.8, ""min_samples_leaf"": 2, ""n_estimators"": 30}",9.268516199896112,0.04264139989390969,0.29121444611654546,0.3666880683443013,0.24992777777777775,0.2997706489005013,0.11138219630465687,0.5890088888888901,0.6855044444444418
1,B_temporal,extra_trees,False,2,"{""max_features"": 0.7, ""min_samples_leaf"": 4, ""n_estimators"": 30}",6.093499899841845,0.04035870009101927,0.3011885060374789,0.37871766348277813,0.259578174603174,0.253073486325463,0.11986224385204307,0.6093076031746006,0.7112180634920658
1,B_temporal,hist_gradient_boosting,True,1,"{""learning_rate"": 0.05, ""max_iter"": 50, ""max_leaf_nodes"": 15}",1.9804847999475896,0.024325399892404675,0.3314507060845264,0.40583021262086844,0.29971115252903857,0.1422998131974501,0.15367464323542104,0.6354343743609875,0.7483028248844004
1,B_temporal,hist_gradient_boosting,False,2,"{""learning_rate"": 0.1, ""max_iter"": 50, ""max_leaf_nodes"": 15}",1.7474754999857396,0.02497329981997609,0.3371451851050255,0.41640114598145855,0.299846326613574,0.09703568870380896,0.16680948867623105,0.665467746636021,0.781587354818515
1,C_process,ridge,False,1,"{""alpha"": 1.0}",0.04743469995446503,0.004950899863615632,0.29861988295575803,0.38307210930088575,0.25650730739543093,0.23579861654176348,0.06329243014956354,0.5859613492087654,0.6991686889490967
1,C_process,ridge,True,2,"{""alpha"": 10.0}",0.03963280003517866,0.003864699974656105,0.2981312236134432,0.3812089764173143,0.25650663000393337,0.2432141721575719,0.06324529487658526,0.5868723529003128,0.6999962751671996
1,C_process,extra_trees,True,1,"{""max_features"": 0.8, ""min_samples_leaf"": 2, ""n_estimators"": 30}",2.889829499879852,0.03962949989363551,0.2739623957027004,0.3463050048184389,0.23820555555555778,0.375454203660346,0.09705977050413855,0.5475044444444436,0.6399866666666689
1,C_process,extra_trees,False,2,"{""max_features"": 0.7, ""min_samples_leaf"": 4, ""n_estimators"": 30}",1.8275828000623733,0.03397869993932545,0.2784021705794553,0.3492773217594638,0.24349904761904995,0.36468731036149316,0.09429732685430382,0.5497490634920646,0.641657603174606
1,C_process,hist_gradient_boosting,True,1,"{""learning_rate"": 0.05, ""max_iter"": 50, ""max_leaf_nodes"": 15}",0.7461214000359178,0.02605840004980564,0.29614163093344387,0.36615633094764943,0.2660404902606164,0.3017999931799178,0.11733388333071365,0.5746454410435036,0.6670061459380914
1,C_process,hist_gradient_boosting,False,2,"{""learning_rate"": 0.1, ""max_iter"": 50, ""max_leaf_nodes"": 15}",0.7669508999679238,0.023147400002926588,0.29372334813307466,0.3686813010252498,0.25500669791673936,0.2921373847972617,0.1118785106546534,0.589358670540378,0.6873513564162406
1,D_full,ridge,False,1,"{""alpha"": 1.0}",0.12916090013459325,0.00857420009560883,0.2575060209090285,0.336010463604951,0.22020295721527283,0.4120338049269777,0.0788432885424814,0.49980775148323664,0.5916129622907584
1,D_full,ridge,True,2,"{""alpha"": 10.0}",0.12125879991799593,0.005561599973589182,0.2576359765898524,0.33479299479600494,0.22070283193512097,0.41628684906724733,0.07889304393018975,0.5014476274582753,0.5925192035601063
1,D_full,extra_trees,False,1,"{""max_features"": 0.8, ""min_samples_leaf"": 2, ""n_estimators"": 30}",10.995119899976999,0.057908000191673636,0.27319892400300977,0.3438614975689857,0.24235000000000007,0.38423662486622345,0.11268541509907205,0.5327566666666659,0.622307777777777
1,D_full,extra_trees,True,2,"{""max_features"": 0.7, ""min_samples_leaf"": 4, ""n_estimators"": 30}",7.411051800008863,0.04030300001613796,0.2747981245416652,0.34141800248833926,0.24642650793650667,0.3929568151686992,0.09768853000226924,0.5318717619047636,0.6167739841269843
1,D_full,hist_gradient_boosting,False,1,"{""learning_rate"": 0.05, ""max_iter"": 50, ""max_leaf_nodes"": 15}",2.167375900084153,0.026552299968898296,0.28806404604133157,0.3553852573387141,0.2609911970863621,0.3422731533214757,0.11934751715697571,0.5498291402287209,0.6437334681835815
1,D_full,hist_gradient_boosting,True,2,"{""learning_rate"": 0.1, ""max_iter"": 50, ""max_leaf_nodes"": 15}",2.031874499982223,0.030228300020098686,0.27645007846347236,0.3470088842514349,0.24071898950763426,0.3729127925192065,0.10899794684920638,0.5466594356512837,0.6379752580438239
5,A_raw,ridge,True,1,"{""alpha"": 1.0}",0.015076200012117624,0.0026406999677419662,0.2894597501531408,0.3692939296115622,0.24426545293408175,0.29007417239650124,0.07084835034025584,0.5836867232745537,0.7054979827303121
5,A_raw,ridge,False,2,"{""alpha"": 10.0}",0.012792499968782067,0.0021998998709023,0.2896390762801865,0.3693919326291442,0.24462474295437175,0.2896973229567701,0.07111021910315274,0.5843688811235079,0.7047776042299905
5,A_raw,extra_trees,False,1,"{""max_features"": 0.8, ""min_samples_leaf"": 2, ""n_estimators"": 30}",1.4360125998500735,0.03158569987863302,0.30590925934286445,0.3891266506547678,0.2570333333333341,0.21177430051769564,0.10481693579132172,0.632681111111112,0.7418477777777762
5,A_raw,extra_trees,True,2,"{""max_features"": 0.7, ""min_samples_leaf"": 4, ""n_estimators"": 30}",0.8593148998916149,0.03476880001835525,0.29730430109413647,0.37689944953446114,0.25644119047619185,0.2605315571558734,0.09340819069142497,0.6113545317460302,0.7237376507936492
5,A_raw,hist_gradient_boosting,True,1,"{""learning_rate"": 0.05, ""max_iter"": 50, ""max_leaf_nodes"": 15}",0.4390914000105113,0.026275499956682324,0.3314912614252714,0.4093761099184985,0.2914422298831969,0.12760407495284576,0.13189172188642748,0.6525204360884667,0.7596835071513777
5,A_raw,hist_gradient_boosting,False,2,"{""learning_rate"": 0.1, ""max_iter"": 50, ""max_leaf_nodes"": 15}",0.48366449982859194,0.022271400084719062,0.33258689497762217,0.4143668881773578,0.28617403241727324,0.10620334192410363,0.11061481120805758,0.6723499115119124,0.786035544107619
5,B_temporal,ridge,True,1,"{""alpha"": 1.0}",0.12039149994961917,0.009728699922561646,0.2671577374597081,0.34359938707005777,0.2306921381268623,0.3854271088550706,0.08759726933903611,0.5252318284388455,0.6343014577297504
5,B_temporal,ridge,False,2,"{""alpha"": 10.0}",0.10278950002975762,0.004541200120002031,0.2675169609105959,0.34381311508616247,0.2307365699188555,0.3846623094882624,0.08779360754103839,0.5261622223077898,0.636695957279358
5,B_temporal,extra_trees,True,1,"{""max_features"": 0.8, ""min_samples_leaf"": 2, ""n_estimators"": 30}",9.764895299915224,0.04789259983226657,0.29955759384666825,0.38171517141787986,0.2522222222222208,0.24151415260955822,0.11131357746007861,0.6156666666666674,0.7392622222222215
5,B_temporal,extra_trees,False,2,"{""max_features"": 0.7, ""min_samples_leaf"": 4, ""n_estimators"": 30}",6.9176610999275,0.05792760010808706,0.30615558032653745,0.3840293886545701,0.2650152380952395,0.23228935847748944,0.11565355940138776,0.618003682539684,0.7250987301587285
5,B_temporal,hist_gradient_boosting,True,1,"{""learning_rate"": 0.05, ""max_iter"": 50, ""max_leaf_nodes"": 15}",2.1891008000820875,0.036525100003927946,0.32082015314012574,0.39895963603934087,0.2800046194890786,0.17143505205604126,0.14557259629711247,0.6370018451679097,0.7542319873263937
5,B_temporal,hist_gradient_boosting,False,2,"{""learning_rate"": 0.1, ""max_iter"": 50, ""max_leaf_nodes"": 15}",1.991545099997893,0.026662100106477737,0.32071228227603504,0.39959602937599387,0.28228328045992157,0.1687896026653789,0.13809996232075836,0.6486970575319941,0.7703514886147665
5,C_process,ridge,False,1,"{""alpha"": 1.0}",0.04394169989973307,0.003905300050973892,0.2904960014157384,0.3769463680092838,0.24157130916602476,0.26034743966218,0.06602582090531908,0.5744354755133444,0.6947082245265348
5,C_process,ridge,True,2,"{""alpha"": 10.0}",0.040903500048443675,0.0028395000845193863,0.2900278011612499,0.37494301132885094,0.24204995819605735,0.26818860962512825,0.06603846431951113,0.5759142980729408,0.6949585526479328
5,C_process,extra_trees,False,1,"{""max_features"": 0.8, ""min_samples_leaf"": 2, ""n_estimators"": 30}",3.18977260007523,0.04575509997084737,0.27671761307582976,0.34869729392795085,0.2420722222222178,0.3670552633522941,0.10071763982944561,0.5635711111111108,0.6511344444444466
5,C_process,extra_trees,True,2,"{""max_features"": 0.7, ""min_samples_leaf"": 4, ""n_estimators"": 30}",1.8890033001080155,0.043770499993115664,0.27279878780242134,0.3443696357327349,0.23983682539682505,0.382668637519761,0.10385768617849274,0.5461340952380948,0.6468553333333342
5,C_process,hist_gradient_boosting,False,1,"{""learning_rate"": 0.05, ""max_iter"": 50, ""max_leaf_nodes"": 15}",0.8094305000267923,0.02793550002388656,0.29029456160271183,0.3616710709478629,0.2554544100088716,0.3190798549203321,0.11427524514442573,0.5720222615207285,0.6670162243736272
5,C_process,hist_gradient_boosting,True,2,"{""learning_rate"": 0.1, ""max_iter"": 50, ""max_leaf_nodes"": 15}",0.7874274998903275,0.02519479999318719,0.281602735244332,0.35499179250949536,0.24484096757218765,0.34399784952156776,0.10268789878323437,0.5689862737916801,0.6692287008121199
5,D_full,ridge,False,1,"{""alpha"": 1.0}",0.1302255999762565,0.005627400008961558,0.2633414325366493,0.34366719642296834,0.2238091971577827,0.38518451294951683,0.0837540904001985,0.5171814672432633,0.6196899815791619
5,D_full,ridge,True,2,"{""alpha"": 10.0}",0.11886999988928437,0.007822599960491061,0.2633138507580552,0.3423824972335869,0.22421724851982638,0.38977253676459267,0.08380225372934184,0.517680457789544,0.6203219859710757
5,D_full,extra_trees,False,1,"{""max_features"": 0.8, ""min_samples_leaf"": 2, ""n_estimators"": 30}",10.643654299899936,0.052736599929630756,0.2792384808962462,0.35048425994893867,0.24487222222222194,0.3605513477768736,0.1000932555806372,0.5563377777777784,0.6519777777777804
5,D_full,extra_trees,True,2,"{""max_features"": 0.7, ""min_samples_leaf"": 4, ""n_estimators"": 30}",7.3918964001350105,0.04481130000203848,0.27391160294767514,0.34380348206972466,0.24138611111111175,0.3846967902848797,0.0907949010235647,0.5406575873015872,0.6384114920634917
5,D_full,hist_gradient_boosting,False,1,"{""learning_rate"": 0.05, ""max_iter"": 50, ""max_leaf_nodes"": 15}",2.197163000004366,0.022962599992752075,0.2893222154453061,0.3579756166216065,0.2601546238900454,0.33292367060314176,0.11973336316150339,0.5551930813477732,0.6568159064271223
5,D_full,hist_gradient_boosting,True,2,"{""learning_rate"": 0.1, ""max_iter"": 50, ""max_leaf_nodes"": 15}",2.0973614999093115,0.026507499860599637,0.2798839543704821,0.3522443491495847,0.24250262004721357,0.35411275509549867,0.10053193389961954,0.5685062978948743,0.6643896311848478
10,A_raw,ridge,True,1,"{""alpha"": 1.0}",0.01415079995058477,0.00223249988630414,0.30094240102519093,0.38189259605405906,0.260912035755962,0.24120591669943148,0.070096179853561,0.6036280838844325,0.7133580616540568
10,A_raw,ridge,False,2,"{""alpha"": 10.0}",0.015715799992904067,0.002436300041154027,0.3010834527470344,0.38194088927335984,0.2612024809856264,0.24101399401518886,0.07038648053700855,0.6047195702568905,0.7130573377411049
10,A_raw,extra_trees,True,1,"{""max_features"": 0.8, ""min_samples_leaf"": 2, ""n_estimators"": 30}",1.5038982999976724,0.03500419994816184,0.30350898053381514,0.38265410297137525,0.26001666666666967,0.23817677681776417,0.10684353635694702,0.6105025000000013,0.7254516666666673
10,A_raw,extra_trees,False,2,"{""max_features"": 0.7, ""min_samples_leaf"": 4, ""n_estimators"": 30}",0.9302066001109779,0.031987300142645836,0.3087574186619427,0.38956285149402436,0.264467698412699,0.210419287843287,0.11144368402191455,0.6323960703463198,0.7427907380952374
10,A_raw,hist_gradient_boosting,True,1,"{""learning_rate"": 0.05, ""max_iter"": 50, ""max_leaf_nodes"": 15}",0.4110979000106454,0.023217800073325634,0.330470572706997,0.41274871144571285,0.28541502721371437,0.11363436274675709,0.14372316198351548,0.6570590266450091,0.7819882700055878
10,A_raw,hist_gradient_boosting,False,2,"{""learning_rate"": 0.1, ""max_iter"": 50, ""max_leaf_nodes"": 15}",0.36905330000445247,0.022921700030565262,0.3337881151592507,0.41781700394739363,0.2889422467016667,0.09173269785485372,0.13865771455003428,0.678085439049737,0.7975246162137661
10,B_temporal,ridge,True,1,"{""alpha"": 1.0}",0.11113679991103709,0.006645000074058771,0.26697025546675635,0.3419916194419684,0.23093603333757073,0.3914834615047489,0.08786965962079411,0.5274544183409652,0.6360030417317548
10,B_temporal,ridge,False,2,"{""alpha"": 10.0}",0.09954730002209544,0.004205200122669339,0.2672412506933362,0.34222029911283874,0.23044156449249353,0.3906693954378395,0.0880516839380788,0.5286699634149415,0.6360337545815512
10,B_temporal,extra_trees,False,1,"{""max_features"": 0.8, ""min_samples_leaf"": 2, ""n_estimators"": 30}",10.34066620003432,0.0586066001560539,0.30616077998528335,0.38771572784513464,0.25915277777777934,0.21788917646996198,0.12805116061275007,0.6257883333333357,0.74628472222222
10,B_temporal,extra_trees,True,2,"{""max_features"": 0.7, ""min_samples_leaf"": 4, ""n_estimators"": 30}",6.2651351999957114,0.05478559993207455,0.30504284273673354,0.3824474467517433,0.2652173412698424,0.23899941529877977,0.13090674180308295,0.6139505158730179,0.723349940476191
10,B_temporal,hist_gradient_boosting,False,1,"{""learning_rate"": 0.05, ""max_iter"": 50, ""max_leaf_nodes"": 15}",2.273552400059998,0.031510100001469254,0.3284758905183581,0.40306701029774333,0.2934481362817616,0.154729004798706,0.15718284673479427,0.6330456961118213,0.7388799555140068
10,B_temporal,hist_gradient_boosting,True,2,"{""learning_rate"": 0.1, ""max_iter"": 50, ""max_leaf_nodes"": 15}",2.0574117000214756,0.027724199928343296,0.32133868394311804,0.3976179343241738,0.2842511301135646,0.17742901144020096,0.16079735760499608,0.6314695047737873,0.7453529873190028
10,C_process,ridge,False,1,"{""alpha"": 1.0}",0.04625139990821481,0.0038774998392909765,0.3025473350216153,0.39013636852858324,0.256316339046176,0.208092724504918,0.06229013308163258,0.59434483047696,0.7128934584499285
10,C_process,ridge,True,2,"{""alpha"": 10.0}",0.0408846999052912,0.003870400134474039,0.3021189244457424,0.388234717970074,0.25674385990733395,0.21579393278642156,0.06242462674332814,0.5935520466527933,0.7111948314871568
10,C_process,extra_trees,False,1,"{""max_features"": 0.8, ""min_samples_leaf"": 2, ""n_estimators"": 30}",3.027346999850124,0.04938340000808239,0.29494338793564784,0.37105257847505085,0.2569277777777774,0.2836712756568638,0.11436469705331465,0.5863761111111117,0.7018197222222231
10,C_process,extra_trees,True,2,"{""max_features"": 0.7, ""min_samples_leaf"": 4, ""n_estimators"": 30}",2.18689849996008,0.048308199970051646,0.2879609609076537,0.360935661678489,0.2539621428571426,0.32220080827787256,0.11466588638412724,0.5655020277777769,0.6735185972222218
10,C_process,hist_gradient_boosting,True,1,"{""learning_rate"": 0.05, ""max_iter"": 50, ""max_leaf_nodes"": 15}",0.9851881000213325,0.028423800133168697,0.3048840008666238,0.38214478541762975,0.26240365523326403,0.2402034202761012,0.15218993100856062,0.6034644165222349,0.7210077751198097
10,C_process,hist_gradient_boosting,False,2,"{""learning_rate"": 0.1, ""max_iter"": 50, ""max_leaf_nodes"": 15}",0.9990138998255134,0.02910350007005036,0.30467810390965205,0.3835301491785353,0.2631973795528628,0.23468455602516614,0.14891912616428454,0.6137763119251964,0.734319104483769
10,D_full,ridge,False,1,"{""alpha"": 1.0}",0.12919979984872043,0.006153299938887358,0.26220328661756515,0.3409148987183032,0.2238455457824129,0.39530911638274013,0.08227152754970914,0.5135333133483767,0.6149215403646013
10,D_full,ridge,True,2,"{""alpha"": 10.0}",0.12189189996570349,0.005735500017181039,0.26220198509746784,0.339868414002883,0.22482049781483493,0.3990157806388184,0.0824083993187719,0.5146201785900096,0.6178098494627324
10,D_full,extra_trees,True,1,"{""max_features"": 0.8, ""min_samples_leaf"": 2, ""n_estimators"": 30}",11.361879999982193,0.05441970005631447,0.2803678448391196,0.3516203423091949,0.24456111111111056,0.35673570896633167,0.11434633169442775,0.5545066666666674,0.6569527777777789
10,D_full,extra_trees,False,2,"{""max_features"": 0.7, ""min_samples_leaf"": 4, ""n_estimators"": 30}",7.6140331998467445,0.07578970002941787,0.28217131139326096,0.3530069388673208,0.2493521428571439,0.3516523470569919,0.11485149310632346,0.5577929285714284,0.6574373253968254
10,D_full,hist_gradient_boosting,False,1,"{""learning_rate"": 0.05, ""max_iter"": 50, ""max_leaf_nodes"": 15}",3.517295400146395,0.045632800087332726,0.29363010078444135,0.3642303540873366,0.26145003802534017,0.3097701600381625,0.13460177741381346,0.566472857367644,0.6631150854227373
10,D_full,hist_gradient_boosting,True,2,"{""learning_rate"": 0.1, ""max_iter"": 50, ""max_leaf_nodes"": 15}",2.744482700014487,0.040491600055247545,0.291572843513197,0.361695180278935,0.26111028469855757,0.3193452149000521,0.1370181795520577,0.564814749196407,0.6688963686409851
15,A_raw,ridge,True,1,"{""alpha"": 1.0}",0.019224599935114384,0.003275299910455942,0.313658258277026,0.39543310730386394,0.2703366547613637,0.18654053419684413,0.09016208674247002,0.6379465272397198,0.7534396271712419
15,A_raw,ridge,False,2,"{""alpha"": 10.0}",0.019069500034675002,0.003928599879145622,0.31377535839749204,0.3954833428379462,0.27100340282085433,0.18633383847174312,0.09031433490715196,0.6390926044725838,0.7532002266776817
15,A_raw,extra_trees,False,1,"{""max_features"": 0.8, ""min_samples_leaf"": 2, ""n_estimators"": 30}",1.467393800150603,0.050058200024068356,0.34107739475136734,0.42453910302505954,0.2983388888888907,0.06238346351982749,0.15696882532992118,0.6839233333333326,0.8036777777777747
15,A_raw,extra_trees,True,2,"{""max_features"": 0.7, ""min_samples_leaf"": 4, ""n_estimators"": 30}",1.1442903999704868,0.04784090002067387,0.3334268246058543,0.4180561409818605,0.28688190476190556,0.0908007329292897,0.1527105297679906,0.6763612460317454,0.7987749629629591
15,A_raw,hist_gradient_boosting,True,1,"{""learning_rate"": 0.05, ""max_iter"": 50, ""max_leaf_nodes"": 15}",0.6187032000161707,0.0370344000402838,0.3491330745455012,0.43437083135588184,0.30880513648784813,0.018452840957857375,0.16226109396235322,0.6922347111156985,0.8214100812445917
15,A_raw,hist_gradient_boosting,False,2,"{""learning_rate"": 0.1, ""max_iter"": 50, ""max_leaf_nodes"": 15}",0.5365993999876082,0.03387210005894303,0.3475282219130247,0.4354041747846428,0.30081238802561394,0.013777196623302235,0.15390734023852834,0.6928567087022132,0.8211767731158374
15,B_temporal,ridge,True,1,"{""alpha"": 1.0}",0.13846089993603528,0.008614300051704049,0.2997100888993561,0.38193279749192793,0.25696537305542577,0.2411363155612839,0.09421505480506485,0.5963721013774812,0.7180190705788069
15,B_temporal,ridge,False,2,"{""alpha"": 10.0}",0.12287540012039244,0.005622000200673938,0.2999295500117416,0.3820925414963246,0.25656960994228584,0.24050139090652867,0.09429300294665309,0.5966652768177827,0.7173146398569586
15,B_temporal,extra_trees,True,1,"{""max_features"": 0.8, ""min_samples_leaf"": 2, ""n_estimators"": 30}",10.433256499934942,0.045217900071293116,0.32950144847542095,0.41368435122130737,0.2808666666666664,0.10971706702911832,0.13975048421897723,0.6604733333333329,0.7853744444444429
15,B_temporal,extra_trees,False,2,"{""max_features"": 0.7, ""min_samples_leaf"": 4, ""n_estimators"": 30}",6.407282899832353,0.05676340009085834,0.3347933497248567,0.4167472523597249,0.29056269841269966,0.0964850299181117,0.15396493867515382,0.6687325555555547,0.787290674603174
15,B_temporal,hist_gradient_boosting,True,1,"{""learning_rate"": 0.05, ""max_iter"": 50, ""max_leaf_nodes"": 15}",2.6179690998978913,0.03488350007683039,0.3487823903991647,0.429769219477506,0.3094081024940927,0.03913919636181007,0.15286207747474,0.6754052121636676,0.7868927666233322
15,B_temporal,hist_gradient_boosting,False,2,"{""learning_rate"": 0.1, ""max_iter"": 50, ""max_leaf_nodes"": 15}",2.2538065998815,0.03397039999254048,0.34633230102611384,0.43114364163573554,0.30220939237615774,0.03298361315411136,0.15587041412508734,0.6917664783263362,0.8062809050525885
15,C_process,ridge,False,1,"{""alpha"": 1.0}",0.053787900134921074,0.003653199877589941,0.3135867431319487,0.40079189557428946,0.2683250302520914,0.16434363695763066,0.08192582400705305,0.6250213356464733,0.7430116727417744
15,C_process,ridge,True,2,"{""alpha"": 10.0}",0.04493460012599826,0.0026324999053031206,0.3132507340026526,0.3992085050169307,0.2686844161592976,0.17093337449508306,0.08193779387213378,0.6250229359810557,0.7427377860995337
15,C_process,extra_trees,False,1,"{""max_features"": 0.8, ""min_samples_leaf"": 2, ""n_estimators"": 30}",3.063281600130722,0.04867980000562966,0.3198110224630772,0.4005530320036575,0.2806222222222221,0.16533940750014697,0.15642922541689652,0.6305155555555558,0.7588927777777771
15,C_process,extra_trees,True,2,"{""max_features"": 0.7, ""min_samples_leaf"": 4, ""n_estimators"": 30}",2.0876186001114547,0.03747149999253452,0.3147944171321177,0.3917872297531614,0.2775230158730224,0.2014715118656515,0.14801795538157558,0.6148659153439118,0.7275500952380987
15,C_process,hist_gradient_boosting,True,1,"{""learning_rate"": 0.05, ""max_iter"": 50, ""max_leaf_nodes"": 15}",0.8780857999809086,0.027354100020602345,0.3121851269805397,0.38900448703760865,0.27558690557680343,0.21277462603319974,0.15624891260022053,0.6110589469245007,0.721829182599427
15,C_process,hist_gradient_boosting,False,2,"{""learning_rate"": 0.1, ""max_iter"": 50, ""max_leaf_nodes"": 15}",0.7701809999998659,0.02542859991081059,0.3189757694516353,0.40192695964193415,0.27730767552634816,0.1596036875938156,0.16012435069612985,0.631150185678192,0.7639488527779262
15,D_full,ridge,False,1,"{""alpha"": 1.0}",0.13463900005444884,0.009516499936580658,0.29552098401295457,0.3800202252342464,0.2509877098060862,0.24871747989069848,0.0874639028615784,0.5811470547272449,0.7022722068762517
15,D_full,ridge,True,2,"{""alpha"": 10.0}",0.11952010006643832,0.007821699837222695,0.29541066389172543,0.3791176611998509,0.25108504528398434,0.2522818972684183,0.08755003449361615,0.5824082333008374,0.7030434811172418
15,D_full,extra_trees,True,1,"{""max_features"": 0.8, ""min_samples_leaf"": 2, ""n_estimators"": 30}",10.978264699922875,0.04131569992750883,0.3136777267633432,0.39089962571454656,0.2783833333333341,0.2050855869598407,0.1379961003228125,0.6199188888888909,0.7293638888888888
15,D_full,extra_trees,False,2,"{""max_features"": 0.7, ""min_samples_leaf"": 4, ""n_estimators"": 30}",7.088003099896014,0.05157859995961189,0.3154670268859212,0.3932906713877611,0.2778278571428583,0.19533121755286764,0.14228660486393369,0.6190753333333309,0.7330736349206342
15,D_full,hist_gradient_boosting,False,1,"{""learning_rate"": 0.05, ""max_iter"": 50, ""max_leaf_nodes"": 15}",2.796535500092432,0.03397740004584193,0.31677795555601024,0.39380193576399153,0.27937706208535396,0.19323777412776733,0.1417320930440152,0.6150827260898283,0.7305766297012994
15,D_full,hist_gradient_boosting,True,2,"{""learning_rate"": 0.1, ""max_iter"": 50, ""max_leaf_nodes"": 15}",2.1640677000395954,0.030215099919587374,0.31303259637932823,0.39116249108084794,0.2751650559816845,0.20401612711911865,0.14246096498879335,0.6161396830200652,0.7332541789683102
