feature,mean_rank,rank_std,horizons_present
ACID_TO_PHOSPHATE_RATIO,1.0,0.0,4
TOTAL_ACID_FLOW,2.0,0.0,4
FLOW_RATE_PHOSPHORIC_ACID_2,3.25,0.5,4
TEMPERATURE_CUVE_ATTAQUE_roll_mean_10,6.0,2.449489742783178,4
TEMPERATURE_CUVE_ATTAQUE,7.0,2.160246899469287,4
RECYCLAGE_roll_mean_30,7.25,2.217355782608345,4
FLOW_RATE_SLURRY_M3_HR_2_roll_mean_10,7.25,2.8722813232690143,4
FLOW_RATE_SLURRY_M3_HR_2_roll_mean_30,9.75,3.593976442141304,4
FLOW_RATE_SLURRY_M3_HR_2,10.0,1.8257418583505538,4
FLOW_RATE_GROUND_PHOSPHATE_roll_mean_10,11.5,1.9148542155126762,4
RECYCLAGE,11.75,4.9916597106239795,4
FLOW_RATE_GROUND_PHOSPHATE,14.5,7.724420150837645,4
TEMPERATURE_CUVE_ATTAQUE_roll_mean_30,14.75,4.7871355387816905,4
PRODUCTION_TSP_BALANCE,15.75,8.65544144839919,4
TEMPERATURE_CUVE_DE_PASSAGE,16.25,1.707825127659933,4
RECYCLAGE_lag_10,17.75,1.707825127659933,4
FLOW_RATE_PHOSPHORIC_ACID_1,17.75,3.304037933599835,4
FLOW_RATE_VAPEUR,19.5,12.36931687685298,4
FLOW_RATE_PHOSPHORIC_ACID_1_roll_mean_10,22.0,5.228129047119374,4
TEMPERATURE_CUVE_ATTAQUE_lag_15,22.5,7.54983443527075,4
FLOW_RATE_PHOSPHORIC_ACID_2_roll_mean_30,23.0,9.899494936611665,4
FLOW_RATE_SLURRY_T_PER_HR,23.75,15.58578412100805,4
FLOW_RATE_PHOSPHORIC_ACID_2_lag_10,25.75,11.324751652906125,4
FLOW_RATE_PHOSPHORIC_ACID_1_lag_10,28.0,4.320493798938574,4
SLURRY_DENSITY_PROXY,28.5,3.415650255319866,4
FLOW_RATE_PHOSPHORIC_ACID_1_roll_mean_30,28.75,2.217355782608345,4
TEMPERATURE_CUVE_DE_PASSAGE_roll_mean_30,30.25,5.619905100029122,4
ACID_FLOW_IMBALANCE,31.25,5.795112883571237,4
FLOW_RATE_FIOUL_roll_mean_10,32.0,5.94418483337567,4
TOTAL_SLURRY_M3_FLOW,32.25,8.770214744615247,4
TEMPERATURE_BRIQUE_roll_mean_30,36.75,3.095695936834452,4
TEMPERATURE_BRIQUE_roll_mean_10,38.5,3.0,4
RECYCLE_TO_PRODUCTION_RATIO,38.5,11.704699910719626,4
TEMPERATURE_BRIQUE,43.25,7.762087348130012,4
TEMPERATURE_SLURRY_PULVERISATEUR,44.0,16.268579122549905,4
PRODUCTION_TSP_BALANCE_roll_mean_30,45.5,11.818065267490557,4
FLOW_RATE_SLURRY_M3_HR_roll_mean_30,46.25,12.553220038433698,4
STEAM_ENERGY_PROXY,46.25,39.5,4
LEVEL_CUVE_PASSAGE_roll_mean_30,46.5,5.196152422706632,4
FLOW_RATE_VAPEUR_lag_10,47.0,28.6705423736629,4
FLOW_RATE_GROUND_PHOSPHATE_roll_mean_30,47.25,4.9916597106239795,4
LEVEL_CUVE_PASSAGE,47.5,19.739976359323904,4
FLOW_RATE_VAPEUR_roll_mean_30,49.5,4.43471156521669,4
TEMPERATURE_SLURRY_PULVERISATEUR_roll_mean_30,49.5,8.850612031567836,4
PRESSURE_VAPEUR,50.0,7.438637868140466,4
FLOW_RATE_LIQUIDE_LAVAGE,51.25,28.276904592499747,4
LEVEL_CUVE_PASSAGE_roll_mean_10,52.0,7.023769168568493,4
TEMPERATURE_BRIQUE_roll_std_10,53.75,10.21028892833107,4
FLOW_RATE_FIOUL_roll_mean_30,55.5,4.203173404306164,4
LEVEL_CUVE_PASSAGE_lag_5,57.25,18.33712082089225,4
FLOW_RATE_GROUND_PHOSPHATE_lag_10,59.5,13.428824718989125,4
TEMPERATURE_VAPEUR_roll_mean_30,60.75,13.9134227756269,4
FLOW_RATE_LIQUIDE_LAVAGE_roll_mean_30,62.5,8.225975119502044,4
PRESSURE_VAPEUR_roll_mean_30,63.5,17.99073835801818,4
FLOW_RATE_SLURRY_T_PER_HR_roll_mean_30,63.75,9.287087810503355,4
FLOW_RATE_LIQUIDE_LAVAGE_diff_5,64.0,37.2111094522411,4
TEMPERATURE_GAZ_SORTIE_SECHEUR_roll_mean_30,64.75,10.04572877727976,4
FLOW_RATE_GROUND_PHOSPHATE_diff_5,65.5,50.07660797884244,4
LEVEL_CUVE_PASSAGE_lag_10,67.0,14.696938456699069,4
DEPRESSURE_SECHEUR_roll_mean_30,67.75,2.6299556396765835,4
TEMPERATURE_AIR_CHAUD_roll_mean_30,67.75,4.272001872658765,4
FLOW_RATE_FIOUL,69.5,15.198684153570664,4
LEVEL_CUVE_PASSAGE_diff_5,70.75,31.531730050855124,4
TEMPERATURE_AIR_CHAUD,72.75,34.548275403170756,4
FLOW_RATE_SLURRY_M3_HR_roll_mean_10,74.25,4.5,4
FLOW_RATE_GROUND_PHOSPHATE_slope_10,77.75,46.43543905251678,4
FLOW_RATE_LIQUIDE_LAVAGE_lag_5,78.5,24.020824298928627,4
PRODUCTION_TSP_BALANCE_diff_5,81.25,40.06973088670965,4
DEPRESSURE_SECHEUR_lag_10,81.5,21.946905628508695,4
DEPRESSURE_SECHEUR,82.75,20.155644370746373,4
TEMPERATURE_CUVE_ATTAQUE_diff_5,84.25,6.701989754294367,4
PRESSURE_VAPEUR_roll_mean_10,85.25,21.73131381210073,4
FLOW_RATE_SLURRY_T_PER_HR_lag_10,85.75,7.7190241179396075,4
FLOW_RATE_FIOUL_lag_10,86.0,9.41629792788369,4
TEMPERATURE_BRIQUE_slope_10,86.0,58.32666628567074,4
ATTACK_PASSAGE_TEMP_GRADIENT,86.25,9.742518497116988,4
DEPRESSURE_SECHEUR_lag_1,87.0,16.431676725154983,4
TEMPERATURE_CUVE_ATTAQUE_roll_std_10,87.5,31.649117944528353,4
DEPRESSURE_SECHEUR_roll_mean_10,88.25,4.112987559751022,4
TEMPERATURE_GAZ_SORTIE_SECHEUR_lag_5,88.75,33.76758800980609,4
FLOW_RATE_FIOUL_diff_5,91.5,41.39645717530266,4
TEMPERATURE_CUVE_DE_PASSAGE_slope_10,92.75,27.035470527931757,4
PRESSURE_VAPEUR_lag_5,93.0,15.0996688705415,4
TEMPERATURE_CUVE_ATTAQUE_slope_10,93.5,7.937253933193772,4
FLOW_RATE_SLURRY_M3_HR,94.5,27.380041392712805,4
FLOW_RATE_FIOUL_CV_10,94.75,60.41729884726725,4
TEMPERATURE_GAZ_SORTIE_SECHEUR_diff_5,95.25,59.87974059173381,4
TEMPERATURE_VAPEUR_roll_mean_10,95.75,2.9860788111948193,4
TEMPERATURE_VAPEUR_lag_10,95.75,36.12363030852058,4
DEPRESSURE_SECHEUR_lag_5,96.5,29.58039891549808,4
RECYCLAGE_slope_10,96.75,26.663020584072363,4
TEMPERATURE_GAZ_SORTIE_SECHEUR_slope_10,98.0,37.067505985701274,4
TEMPERATURE_GAZ_SORTIE_SECHEUR_roll_mean_10,98.75,3.2015621187164243,4
TEMPERATURE_GAZ_SORTIE_SECHEUR,99.0,31.144823004794873,4
LEVEL_CUVE_PASSAGE_slope_10,99.25,49.39213837579148,4
LEVEL_CUVE_PASSAGE_roll_std_10,99.5,38.518393874442204,4
TEMPERATURE_BRIQUE_diff_5,99.5,61.625211291050896,4
TEMPERATURE_CUVE_DE_PASSAGE_diff_5,100.75,8.770214744615247,4
FLOW_RATE_LIQUIDE_LAVAGE_lag_10,101.0,12.192894105447921,4
TEMPERATURE_CUVE_DE_PASSAGE_roll_std_10,101.0,22.464787260658994,4
TEMPERATURE_VAPEUR_slope_10,102.25,44.402514943788184,4
FLOW_RATE_VAPEUR_slope_10,102.75,31.447045436203805,4
FLOW_RATE_SLURRY_M3_HR_diff_5,102.75,49.23667332385485,4
DEPRESSURE_SECHEUR_slope_10,103.5,39.50105483823607,4
FLOW_RATE_SLURRY_M3_HR_lag_10,103.75,8.958236433584458,4
FLOW_RATE_SLURRY_M3_HR_2_missing,104.0,17.944358444926362,4
FLOW_RATE_LIQUIDE_LAVAGE_slope_10,104.5,16.68332500832293,4
TEMPERATURE_AIR_CHAUD_lag_10,104.75,24.78406746278746,4
TEMPERATURE_GAZ_SORTIE_SECHEUR_lag_10,105.0,36.138621999185304,4
PRODUCTION_TSP_BALANCE_slope_10,105.25,22.096379793984354,4
FLOW_RATE_SLURRY_M3_HR_slope_10,105.5,49.949974974968704,4
DRYING_INTENSITY_PROXY,105.5,68.5200700525036,4
TEMPERATURE_SLURRY_PULVERISATEUR_diff_5,106.75,38.921930407761984,4
FLOW_RATE_PHOSPHORIC_ACID_2_slope_10,107.0,49.48400414948922,4
FLOW_RATE_SLURRY_T_PER_HR_diff_5,107.5,57.04092098368211,4
RECYCLAGE_diff_5,108.25,49.513466181770525,4
RECYCLAGE_roll_std_10,108.75,24.851223980587623,4
PRODUCTION_TSP_BALANCE_roll_std_10,109.25,15.542951242712348,4
TEMPERATURE_AIR_CHAUD_slope_10,109.25,40.75434537158788,4
STEAM_SLURRY_TEMP_GRADIENT,109.75,14.453949863849212,4
FLOW_RATE_GROUND_PHOSPHATE_CV_10,109.75,20.434855843223687,4
FLOW_RATE_PHOSPHORIC_ACID_1_diff_5,110.25,21.328775554791388,4
FLOW_RATE_SLURRY_T_PER_HR_slope_10,111.5,47.93398237854504,4
PRESSURE_VAPEUR_slope_10,111.75,40.52468383590426,4
FLOW_RATE_PHOSPHORIC_ACID_1_roll_std_10,112.0,37.46109092556346,4
FLOW_RATE_VAPEUR_roll_std_10,112.25,33.62910445829129,4
HOT_AIR_DRYER_OUTLET_GRADIENT,113.25,7.22841614740048,4
TEMPERATURE_SLURRY_PULVERISATEUR_slope_10,118.75,12.093386622447824,4
FLOW_RATE_VAPEUR_CV_10,118.75,17.44276354251241,4
FLOW_RATE_FIOUL_slope_10,120.75,12.0381338531629,4
FLOW_RATE_SLURRY_T_PER_HR_roll_std_10,121.75,15.840349322747484,4
FLOW_RATE_GROUND_PHOSPHATE_roll_std_10,122.25,36.52738698565776,4
FLOW_RATE_PHOSPHORIC_ACID_2_roll_std_10,122.5,12.767145334803704,4
TEMPERATURE_VAPEUR_diff_5,122.5,49.453682033461035,4
TEMPERATURE_VAPEUR_lag_1,123.75,15.392097539538485,4
TEMPERATURE_VAPEUR_roll_std_10,124.25,31.857756773926607,4
PRESSURE_VAPEUR_lag_10,125.0,12.987173159185437,4
FLOW_RATE_VAPEUR_diff_5,125.5,19.226717521892983,4
PRESSURE_VAPEUR_roll_std_10,126.25,32.283896914715854,4
TEMPERATURE_VAPEUR_lag_5,126.5,11.846237095944574,4
TEMPERATURE_AIR_CHAUD_roll_std_10,126.5,53.79281240711129,4
TEMPERATURE_VAPEUR,128.25,14.221462653327892,4
FLOW_RATE_PHOSPHORIC_ACID_1_slope_10,128.25,35.59377286361572,4
DEPRESSURE_SECHEUR_diff_5,131.5,25.748786379167466,4
FLOW_RATE_PHOSPHORIC_ACID_2_CV_10,132.0,23.338094752285727,4
FLOW_RATE_PHOSPHORIC_ACID_1_CV_10,132.0,36.02776706930364,4
FLOW_RATE_SLURRY_M3_HR_roll_std_10,132.75,17.727097901235837,4
FLOW_RATE_LIQUIDE_LAVAGE_roll_std_10,134.0,41.44876355212541,4
FLOW_RATE_SLURRY_M3_HR_2_diff_5,134.5,45.77116996538323,4
FLOW_RATE_SLURRY_M3_HR_2_roll_std_10,135.25,12.311918344975057,4
FLOW_RATE_FIOUL_roll_std_10,135.25,13.073510112692254,4
TEMPERATURE_SLURRY_PULVERISATEUR_roll_std_10,135.25,16.276260831857748,4
FLOW_RATE_PHOSPHORIC_ACID_2_diff_5,135.5,19.330459556530638,4
TEMPERATURE_GAZ_SORTIE_SECHEUR_roll_std_10,135.75,19.259196937221102,4
FLOW_RATE_SLURRY_M3_HR_2_slope_10,138.25,29.57899029153407,4
DEPRESSURE_SECHEUR_roll_std_10,140.5,8.103497187428813,4
TEMPERATURE_AIR_CHAUD_diff_5,144.25,13.889444433333777,4
PRESSURE_VAPEUR_diff_5,147.0,14.094916341243982,4
FLOW_RATE_FIOUL_missing,147.25,18.945096111307187,4
LEVEL_CUVE_PASSAGE_missing,153.75,12.606215398233788,4
TEMPERATURE_CUVE_ATTAQUE_missing,155.25,12.84198842339716,4
TEMPERATURE_BRIQUE_missing,160.25,2.217355782608345,4
FLOW_RATE_GROUND_PHOSPHATE_missing,164.25,1.8929694486000912,4
TEMPERATURE_AIR_CHAUD_missing,164.75,1.2583057392117916,4
FLOW_RATE_PHOSPHORIC_ACID_1_missing,164.75,1.707825127659933,4
FLOW_RATE_PHOSPHORIC_ACID_2_missing,166.75,2.217355782608345,4
FLOW_RATE_SLURRY_M3_HR_missing,167.25,3.4034296427770228,4
TEMPERATURE_VAPEUR_missing,169.0,2.70801280154532,4
FLOW_RATE_LIQUIDE_LAVAGE_missing,169.0,2.943920288775949,4
TEMPERATURE_CUVE_DE_PASSAGE_missing,169.25,0.9574271077563381,4
RECYCLAGE_missing,169.25,2.6299556396765835,4
FLOW_RATE_VAPEUR_missing,172.75,2.362907813126304,4
PRODUCTION_TSP_BALANCE_missing,173.5,1.2909944487358056,4
DEPRESSURE_SECHEUR_missing,174.0,1.4142135623730951,4
PRESSURE_VAPEUR_missing,174.5,2.3804761428476167,4
TEMPERATURE_GAZ_SORTIE_SECHEUR_missing,175.5,1.7320508075688772,4
TEMPERATURE_SLURRY_PULVERISATEUR_missing,175.5,2.3804761428476167,4
FLOW_RATE_SLURRY_T_PER_HR_missing,178.0,0.0,4
