timestamp,horizon_min,feature_set,model,split,y_true,y_pred,candidate_regime,current_target,current_absolute_change,residual,absolute_error
2026-01-28 21:24:00+00:00,1,A_raw,ridge,test,8.687,12.709179517171343,abnormal_target_candidate,8.74,1.6519999999999992,4.0221795171713435,4.0221795171713435
2026-01-28 21:24:00+00:00,1,B_temporal,ridge,test,8.687,12.225163493082452,abnormal_target_candidate,8.74,1.6519999999999992,3.538163493082452,3.538163493082452
2026-01-28 21:24:00+00:00,1,C_process,ridge,test,8.687,11.743171320841526,abnormal_target_candidate,8.74,1.6519999999999992,3.0561713208415267,3.0561713208415267
2026-01-28 21:24:00+00:00,1,D_full,ridge,test,8.687,11.695638958736513,abnormal_target_candidate,8.74,1.6519999999999992,3.0086389587365137,3.0086389587365137
2026-01-29 07:03:00+00:00,1,B_temporal,hist_gradient_boosting,test,8.979,11.14312480356988,abnormal_target_candidate,10.15,0.10999999999999943,2.16412480356988,2.16412480356988
2026-01-29 07:03:00+00:00,1,B_temporal,extra_trees,test,8.979,11.12472777777778,abnormal_target_candidate,10.15,0.10999999999999943,2.145727777777781,2.145727777777781
2026-01-29 07:03:00+00:00,1,A_raw,hist_gradient_boosting,test,8.979,11.100920557729772,abnormal_target_candidate,10.15,0.10999999999999943,2.121920557729773,2.121920557729773
2026-01-29 07:03:00+00:00,1,A_raw,extra_trees,test,8.979,11.100427777777776,abnormal_target_candidate,10.15,0.10999999999999943,2.121427777777777,2.121427777777777
2026-01-28 22:01:00+00:00,1,D_full,ridge,test,8.697,10.783234299875277,startup_shutdown_candidate,10.466,0.005000000000000782,2.0862342998752776,2.0862342998752776
2026-01-28 22:02:00+00:00,1,D_full,ridge,test,8.692,10.750290006039457,abnormal_target_candidate,8.697,1.7690000000000001,2.0582900060394564,2.0582900060394564
2026-01-29 07:03:00+00:00,1,C_process,extra_trees,test,8.979,11.013994444444444,abnormal_target_candidate,10.15,0.10999999999999943,2.034994444444445,2.034994444444445
2026-01-29 07:03:00+00:00,1,A_raw,ridge,test,8.979,11.001106755959329,abnormal_target_candidate,10.15,0.10999999999999943,2.0221067559593298,2.0221067559593298
2026-01-29 07:03:00+00:00,1,C_process,ridge,test,8.979,10.992425145140613,abnormal_target_candidate,10.15,0.10999999999999943,2.013425145140614,2.013425145140614
2026-01-29 07:03:00+00:00,1,C_process,hist_gradient_boosting,test,8.979,10.976104262783618,abnormal_target_candidate,10.15,0.10999999999999943,1.997104262783619,1.997104262783619
2026-01-29 07:03:00+00:00,1,D_full,hist_gradient_boosting,test,8.979,10.963452773780196,abnormal_target_candidate,10.15,0.10999999999999943,1.9844527737801965,1.9844527737801965
2026-01-31 04:07:00+00:00,1,B_temporal,ridge,test,13.356,11.390070144364026,missing_sensor_candidate,11.699,0.03599999999999959,-1.9659298556359737,1.9659298556359737
2026-01-29 07:03:00+00:00,1,D_full,extra_trees,test,8.979,10.928251904761908,abnormal_target_candidate,10.15,0.10999999999999943,1.9492519047619083,1.9492519047619083
2026-01-28 21:24:00+00:00,1,B_temporal,hist_gradient_boosting,test,8.687,10.622514063518137,abnormal_target_candidate,8.74,1.6519999999999992,1.9355140635181378,1.9355140635181378
2026-01-28 22:02:00+00:00,1,B_temporal,ridge,test,8.692,10.615096378974254,abnormal_target_candidate,8.697,1.7690000000000001,1.923096378974254,1.923096378974254
2026-01-28 22:03:00+00:00,1,B_temporal,ridge,test,8.681,10.59798227610543,abnormal_target_candidate,8.692,0.004999999999999005,1.916982276105431,1.916982276105431
2026-01-28 22:01:00+00:00,1,C_process,ridge,test,8.697,10.608285157659413,startup_shutdown_candidate,10.466,0.005000000000000782,1.9112851576594139,1.9112851576594139
2026-01-28 22:07:00+00:00,1,B_temporal,ridge,test,8.693,10.585219370040306,abnormal_target_candidate,8.737,1.6739999999999995,1.8922193700403067,1.8922193700403067
2026-01-28 22:01:00+00:00,1,B_temporal,ridge,test,8.697,10.584787769423118,startup_shutdown_candidate,10.466,0.005000000000000782,1.8877877694231184,1.8877877694231184
2026-01-28 21:27:00+00:00,1,A_raw,ridge,test,8.679,10.564932136572239,startup_shutdown_candidate,10.426,0.028999999999999915,1.8859321365722383,1.8859321365722383
2026-01-28 21:24:00+00:00,1,C_process,hist_gradient_boosting,test,8.687,10.559662235091794,abnormal_target_candidate,8.74,1.6519999999999992,1.872662235091795,1.872662235091795
2026-01-28 22:06:00+00:00,1,B_temporal,ridge,test,8.737,10.607998661265981,transition_candidate,10.411,1.6790000000000003,1.8709986612659808,1.8709986612659808
2026-01-28 22:04:00+00:00,1,B_temporal,ridge,test,8.732,10.597320197051324,abnormal_target_candidate,8.681,0.011000000000001009,1.8653201970513251,1.8653201970513251
2026-01-29 07:03:00+00:00,1,B_temporal,ridge,test,8.979,10.841169698881567,abnormal_target_candidate,10.15,0.10999999999999943,1.8621696988815675,1.8621696988815675
2026-01-31 04:07:00+00:00,1,D_full,ridge,test,13.356,11.501169181220645,missing_sensor_candidate,11.699,0.03599999999999959,-1.8548308187793552,1.8548308187793552
2026-01-28 22:08:00+00:00,1,B_temporal,ridge,test,8.708,10.56244222018569,abnormal_target_candidate,8.693,0.04400000000000048,1.854442220185689,1.854442220185689
2026-01-29 07:03:00+00:00,1,D_full,ridge,test,8.979,10.831911242245711,abnormal_target_candidate,10.15,0.10999999999999943,1.8529112422457121,1.8529112422457121
2026-01-31 04:07:00+00:00,1,B_temporal,hist_gradient_boosting,test,13.356,11.521696064605935,missing_sensor_candidate,11.699,0.03599999999999959,-1.8343039353940647,1.8343039353940647
2026-01-28 22:02:00+00:00,1,C_process,ridge,test,8.692,10.524174996689382,abnormal_target_candidate,8.697,1.7690000000000001,1.8321749966893819,1.8321749966893819
2026-01-28 22:11:00+00:00,1,C_process,hist_gradient_boosting,test,8.647,10.473124853357472,startup_shutdown_candidate,10.288,0.004999999999999005,1.8261248533574719,1.8261248533574719
2026-01-28 22:03:00+00:00,1,B_temporal,hist_gradient_boosting,test,8.681,10.498889420621998,abnormal_target_candidate,8.692,0.004999999999999005,1.8178894206219987,1.8178894206219987
2026-01-28 21:23:00+00:00,1,A_raw,ridge,test,8.74,10.556520928723309,startup_shutdown_candidate,10.392,0.0009999999999994458,1.8165209287233086,1.8165209287233086
2026-01-28 21:27:00+00:00,1,C_process,hist_gradient_boosting,test,8.679,10.490652151893027,startup_shutdown_candidate,10.426,0.028999999999999915,1.8116521518930266,1.8116521518930266
2026-01-28 22:02:00+00:00,1,B_temporal,hist_gradient_boosting,test,8.692,10.498889420621998,abnormal_target_candidate,8.697,1.7690000000000001,1.8068894206219976,1.8068894206219976
2026-01-28 22:07:00+00:00,1,B_temporal,hist_gradient_boosting,test,8.693,10.498889420621998,abnormal_target_candidate,8.737,1.6739999999999995,1.8058894206219982,1.8058894206219982
2026-01-28 20:52:00+00:00,1,B_temporal,extra_trees,test,10.212,12.014638888888888,stable_candidate,10.325,0.10500000000000043,1.8026388888888878,1.8026388888888878
2026-01-28 22:01:00+00:00,1,B_temporal,hist_gradient_boosting,test,8.697,10.498889420621998,startup_shutdown_candidate,10.466,0.005000000000000782,1.8018894206219986,1.8018894206219986
2026-01-28 22:07:00+00:00,1,C_process,hist_gradient_boosting,test,8.693,10.490652151893027,abnormal_target_candidate,8.737,1.6739999999999995,1.7976521518930273,1.7976521518930273
2026-01-28 22:03:00+00:00,1,C_process,hist_gradient_boosting,test,8.681,10.473124853357472,abnormal_target_candidate,8.692,0.004999999999999005,1.792124853357473,1.792124853357473
2026-01-28 22:02:00+00:00,1,C_process,hist_gradient_boosting,test,8.692,10.473124853357472,abnormal_target_candidate,8.697,1.7690000000000001,1.781124853357472,1.781124853357472
2026-01-28 22:01:00+00:00,1,C_process,hist_gradient_boosting,test,8.697,10.473124853357472,startup_shutdown_candidate,10.466,0.005000000000000782,1.776124853357473,1.776124853357473
2026-01-31 04:07:00+00:00,1,B_temporal,extra_trees,test,13.356,11.581772222222224,missing_sensor_candidate,11.699,0.03599999999999959,-1.7742277777777762,1.7742277777777762
2026-01-28 21:24:00+00:00,1,D_full,hist_gradient_boosting,test,8.687,10.460123818556207,abnormal_target_candidate,8.74,1.6519999999999992,1.7731238185562077,1.7731238185562077
2026-01-28 21:27:00+00:00,1,A_raw,hist_gradient_boosting,test,8.679,10.447170629710424,startup_shutdown_candidate,10.426,0.028999999999999915,1.7681706297104238,1.7681706297104238
2026-01-28 22:04:00+00:00,1,B_temporal,hist_gradient_boosting,test,8.732,10.498889420621998,abnormal_target_candidate,8.681,0.011000000000001009,1.7668894206219985,1.7668894206219985
2026-01-28 22:03:00+00:00,1,A_raw,hist_gradient_boosting,test,8.681,10.447170629710424,abnormal_target_candidate,8.692,0.004999999999999005,1.766170629710425,1.766170629710425
2026-01-28 21:27:00+00:00,1,C_process,extra_trees,test,8.679,10.445005555555559,startup_shutdown_candidate,10.426,0.028999999999999915,1.7660055555555587,1.7660055555555587
2026-01-28 22:03:00+00:00,1,D_full,ridge,test,8.681,10.446769510810578,abnormal_target_candidate,8.692,0.004999999999999005,1.7657695108105784,1.7657695108105784
2026-01-28 22:08:00+00:00,1,B_temporal,hist_gradient_boosting,test,8.708,10.473464776755698,abnormal_target_candidate,8.693,0.04400000000000048,1.7654647767556977,1.7654647767556977
2026-01-28 22:04:00+00:00,1,C_process,hist_gradient_boosting,test,8.732,10.496066510657146,abnormal_target_candidate,8.681,0.011000000000001009,1.7640665106571465,1.7640665106571465
2026-01-28 22:06:00+00:00,1,B_temporal,hist_gradient_boosting,test,8.737,10.498889420621998,transition_candidate,10.411,1.6790000000000003,1.7618894206219977,1.7618894206219977
2026-01-28 22:02:00+00:00,1,A_raw,hist_gradient_boosting,test,8.692,10.447170629710424,abnormal_target_candidate,8.697,1.7690000000000001,1.755170629710424,1.755170629710424
2026-01-28 22:02:00+00:00,1,B_temporal,extra_trees,test,8.692,10.44587777777778,abnormal_target_candidate,8.697,1.7690000000000001,1.7538777777777792,1.7538777777777792
2026-01-28 22:01:00+00:00,1,A_raw,ridge,test,8.697,10.449568708127714,startup_shutdown_candidate,10.466,0.005000000000000782,1.7525687081277148,1.7525687081277148
2026-01-28 22:01:00+00:00,1,A_raw,hist_gradient_boosting,test,8.697,10.447170629710424,startup_shutdown_candidate,10.466,0.005000000000000782,1.750170629710425,1.750170629710425
2026-01-28 22:27:00+00:00,1,A_raw,ridge,test,9.294,7.5453008702442075,abnormal_target_candidate,8.659,0.0039999999999995595,-1.748699129755793,1.748699129755793
2026-01-28 22:01:00+00:00,1,D_full,extra_trees,test,8.697,10.44514984126984,startup_shutdown_candidate,10.466,0.005000000000000782,1.748149841269841,1.748149841269841
2026-01-28 22:01:00+00:00,1,B_temporal,extra_trees,test,8.697,10.444300000000002,startup_shutdown_candidate,10.466,0.005000000000000782,1.7473000000000027,1.7473000000000027
2026-01-31 04:07:00+00:00,1,D_full,extra_trees,test,13.356,11.60897468253968,missing_sensor_candidate,11.699,0.03599999999999959,-1.74702531746032,1.74702531746032
2026-01-28 22:02:00+00:00,1,D_full,hist_gradient_boosting,test,8.692,10.438221074132402,abnormal_target_candidate,8.697,1.7690000000000001,1.7462210741324018,1.7462210741324018
2026-01-28 22:03:00+00:00,1,A_raw,ridge,test,8.681,10.426854136213812,abnormal_target_candidate,8.692,0.004999999999999005,1.7458541362138131,1.7458541362138131
2026-01-28 22:02:00+00:00,1,D_full,extra_trees,test,8.692,10.437393968253968,abnormal_target_candidate,8.697,1.7690000000000001,1.7453939682539676,1.7453939682539676
2026-01-28 22:01:00+00:00,1,D_full,hist_gradient_boosting,test,8.697,10.438221074132402,startup_shutdown_candidate,10.466,0.005000000000000782,1.7412210741324028,1.7412210741324028
2026-01-28 22:02:00+00:00,1,A_raw,ridge,test,8.692,10.431606178812082,abnormal_target_candidate,8.697,1.7690000000000001,1.7396061788120818,1.7396061788120818
2026-01-28 22:07:00+00:00,1,A_raw,ridge,test,8.693,10.430739925691713,abnormal_target_candidate,8.737,1.6739999999999995,1.737739925691713,1.737739925691713
2026-01-28 22:06:00+00:00,1,C_process,hist_gradient_boosting,test,8.737,10.473124853357472,transition_candidate,10.411,1.6790000000000003,1.736124853357472,1.736124853357472
2026-01-28 22:11:00+00:00,1,A_raw,hist_gradient_boosting,test,8.647,10.379583029173522,startup_shutdown_candidate,10.288,0.004999999999999005,1.7325830291735222,1.7325830291735222
2026-01-31 18:31:00+00:00,1,A_raw,ridge,test,12.693,10.964116584977464,stable_candidate,10.806,0.02099999999999902,-1.7288834150225352,1.7288834150225352
2026-01-28 22:27:00+00:00,1,C_process,ridge,test,9.294,7.565374615646416,abnormal_target_candidate,8.659,0.0039999999999995595,-1.7286253843535846,1.7286253843535846
2026-01-31 04:07:00+00:00,1,C_process,extra_trees,test,13.356,11.63102777777778,missing_sensor_candidate,11.699,0.03599999999999959,-1.7249722222222204,1.7249722222222204
2026-01-31 18:31:00+00:00,1,C_process,ridge,test,12.693,10.975894353813963,stable_candidate,10.806,0.02099999999999902,-1.7171056461860363,1.7171056461860363
2026-01-31 04:07:00+00:00,1,A_raw,hist_gradient_boosting,test,13.356,11.643528460644077,missing_sensor_candidate,11.699,0.03599999999999959,-1.7124715393559224,1.7124715393559224
2026-01-28 22:03:00+00:00,1,D_full,extra_trees,test,8.681,10.392625873015874,abnormal_target_candidate,8.692,0.004999999999999005,1.7116258730158744,1.7116258730158744
2026-01-31 18:31:00+00:00,1,C_process,extra_trees,test,12.693,10.984061111111114,stable_candidate,10.806,0.02099999999999902,-1.708938888888886,1.708938888888886
2026-01-30 07:57:00+00:00,1,D_full,extra_trees,test,12.767,11.058445714285716,stable_candidate,11.495,0.014999999999998792,-1.7085542857142837,1.7085542857142837
2026-01-28 22:03:00+00:00,1,D_full,hist_gradient_boosting,test,8.681,10.378412640138762,abnormal_target_candidate,8.692,0.004999999999999005,1.6974126401387633,1.6974126401387633
2026-01-28 21:27:00+00:00,1,D_full,hist_gradient_boosting,test,8.679,10.366844059985842,startup_shutdown_candidate,10.426,0.028999999999999915,1.6878440599858422,1.6878440599858422
2026-01-28 22:07:00+00:00,1,A_raw,hist_gradient_boosting,test,8.693,10.379583029173522,abnormal_target_candidate,8.737,1.6739999999999995,1.6865830291735229,1.6865830291735229
2026-01-28 21:27:00+00:00,1,B_temporal,extra_trees,test,8.679,10.364044444444442,startup_shutdown_candidate,10.426,0.028999999999999915,1.6850444444444417,1.6850444444444417
2026-01-31 18:31:00+00:00,1,D_full,ridge,test,12.693,11.010395583621841,stable_candidate,10.806,0.02099999999999902,-1.6826044163781582,1.6826044163781582
2026-01-28 22:08:00+00:00,1,A_raw,hist_gradient_boosting,test,8.708,10.379583029173522,abnormal_target_candidate,8.693,0.04400000000000048,1.6715830291735223,1.6715830291735223
2026-01-30 07:57:00+00:00,1,D_full,ridge,test,12.767,11.102016268885407,stable_candidate,11.495,0.014999999999998792,-1.6649837311145923,1.6649837311145923
2026-01-30 07:57:00+00:00,1,D_full,hist_gradient_boosting,test,12.767,11.105623974386843,stable_candidate,11.495,0.014999999999998792,-1.6613760256131567,1.6613760256131567
2026-01-28 21:27:00+00:00,1,A_raw,extra_trees,test,8.679,10.338783333333332,startup_shutdown_candidate,10.426,0.028999999999999915,1.6597833333333316,1.6597833333333316
2026-01-28 22:07:00+00:00,1,D_full,hist_gradient_boosting,test,8.693,10.346546301925978,abnormal_target_candidate,8.737,1.6739999999999995,1.653546301925978,1.653546301925978
2026-01-28 22:04:00+00:00,1,D_full,extra_trees,test,8.732,10.384606269841269,abnormal_target_candidate,8.681,0.011000000000001009,1.6526062698412698,1.6526062698412698
2026-01-28 21:24:00+00:00,1,B_temporal,extra_trees,test,8.687,10.33532777777778,abnormal_target_candidate,8.74,1.6519999999999992,1.64832777777778,1.64832777777778
2026-01-28 22:04:00+00:00,1,A_raw,hist_gradient_boosting,test,8.732,10.379583029173522,abnormal_target_candidate,8.681,0.011000000000001009,1.6475830291735232,1.6475830291735232
2026-01-28 22:04:00+00:00,1,D_full,hist_gradient_boosting,test,8.732,10.378389263830112,abnormal_target_candidate,8.681,0.011000000000001009,1.6463892638301125,1.6463892638301125
2026-01-30 07:57:00+00:00,1,C_process,extra_trees,test,12.767,11.12441111111111,stable_candidate,11.495,0.014999999999998792,-1.6425888888888895,1.6425888888888895
2026-01-31 04:07:00+00:00,1,C_process,ridge,test,13.356,11.713419656418344,missing_sensor_candidate,11.699,0.03599999999999959,-1.6425803435816562,1.6425803435816562
2026-01-29 14:32:00+00:00,1,D_full,extra_trees,test,12.601,10.972620873015874,ordinary,11.167,0.1280000000000001,-1.628379126984127,1.628379126984127
2026-01-31 18:31:00+00:00,1,D_full,hist_gradient_boosting,test,12.693,11.068207618058283,stable_candidate,10.806,0.02099999999999902,-1.6247923819417167,1.6247923819417167
2026-01-31 04:07:00+00:00,1,A_raw,extra_trees,test,13.356,11.738027777777779,missing_sensor_candidate,11.699,0.03599999999999959,-1.617972222222221,1.617972222222221
2026-01-28 21:24:00+00:00,1,C_process,extra_trees,test,8.687,10.292027777777777,abnormal_target_candidate,8.74,1.6519999999999992,1.605027777777778,1.605027777777778
2026-01-28 21:27:00+00:00,1,D_full,extra_trees,test,8.679,10.276503888888888,startup_shutdown_candidate,10.426,0.028999999999999915,1.5975038888888875,1.5975038888888875
2026-01-28 21:23:00+00:00,1,B_temporal,extra_trees,test,8.74,10.322338888888888,startup_shutdown_candidate,10.392,0.0009999999999994458,1.5823388888888879,1.5823388888888879
2026-01-28 22:01:00+00:00,1,A_raw,extra_trees,test,8.697,10.273688888888888,startup_shutdown_candidate,10.466,0.005000000000000782,1.5766888888888886,1.5766888888888886
2026-01-28 22:02:00+00:00,1,A_raw,extra_trees,test,8.692,10.261905555555554,abnormal_target_candidate,8.697,1.7690000000000001,1.5699055555555539,1.5699055555555539
2026-01-28 22:03:00+00:00,1,C_process,extra_trees,test,8.681,10.24422222222222,abnormal_target_candidate,8.692,0.004999999999999005,1.5632222222222207,1.5632222222222207
2026-01-30 07:57:00+00:00,1,C_process,ridge,test,12.767,11.220759763252461,stable_candidate,11.495,0.014999999999998792,-1.546240236747538,1.546240236747538
2026-01-28 22:03:00+00:00,1,B_temporal,extra_trees,test,8.681,10.223794444444447,abnormal_target_candidate,8.692,0.004999999999999005,1.5427944444444481,1.5427944444444481
2026-01-28 22:03:00+00:00,1,C_process,ridge,test,8.681,10.21793524326003,abnormal_target_candidate,8.692,0.004999999999999005,1.5369352432600305,1.5369352432600305
2026-01-31 18:31:00+00:00,1,B_temporal,extra_trees,test,12.693,11.159394444444445,stable_candidate,10.806,0.02099999999999902,-1.533605555555555,1.533605555555555
2026-01-28 22:01:00+00:00,1,C_process,extra_trees,test,8.697,10.225761111111115,startup_shutdown_candidate,10.466,0.005000000000000782,1.5287611111111161,1.5287611111111161
2026-01-28 21:24:00+00:00,1,D_full,extra_trees,test,8.687,10.207672460317461,abnormal_target_candidate,8.74,1.6519999999999992,1.5206724603174617,1.5206724603174617
2026-01-31 18:31:00+00:00,1,A_raw,extra_trees,test,12.693,11.176249999999998,stable_candidate,10.806,0.02099999999999902,-1.5167500000000018,1.5167500000000018
2026-01-31 00:58:00+00:00,1,C_process,extra_trees,test,13.097,11.60067777777778,ordinary,11.796,0.15800000000000125,-1.4963222222222203,1.4963222222222203
2026-01-31 00:58:00+00:00,1,C_process,ridge,test,13.097,11.606191693650759,ordinary,11.796,0.15800000000000125,-1.4908083063492406,1.4908083063492406
2026-01-28 21:23:00+00:00,1,A_raw,extra_trees,test,8.74,10.230538888888894,startup_shutdown_candidate,10.392,0.0009999999999994458,1.490538888888894,1.490538888888894
2026-01-28 22:04:00+00:00,1,A_raw,extra_trees,test,8.732,10.210305555555557,abnormal_target_candidate,8.681,0.011000000000001009,1.4783055555555578,1.4783055555555578
2026-01-28 22:04:00+00:00,1,D_full,ridge,test,8.732,10.205061900248303,abnormal_target_candidate,8.681,0.011000000000001009,1.4730619002483039,1.4730619002483039
2026-01-28 21:23:00+00:00,1,C_process,extra_trees,test,8.74,10.210188888888888,startup_shutdown_candidate,10.392,0.0009999999999994458,1.470188888888888,1.470188888888888
2026-01-30 04:42:00+00:00,1,A_raw,extra_trees,test,10.036,11.50499444444444,missing_sensor_candidate,11.904,0.07499999999999929,1.4689944444444407,1.4689944444444407
2026-01-29 14:32:00+00:00,1,A_raw,extra_trees,test,12.601,11.158338888888887,ordinary,11.167,0.1280000000000001,-1.4426611111111143,1.4426611111111143
2026-01-30 04:42:00+00:00,1,D_full,ridge,test,10.036,11.46818062197768,missing_sensor_candidate,11.904,0.07499999999999929,1.4321806219776807,1.4321806219776807
2026-01-28 21:24:00+00:00,5,A_raw,ridge,test,10.425,12.905829009324135,abnormal_target_candidate,8.74,1.6519999999999992,2.4808290093241343,2.4808290093241343
2026-01-28 21:59:00+00:00,5,D_full,ridge,test,8.681,10.962762679043175,startup_shutdown_candidate,10.462,0.0039999999999995595,2.281762679043176,2.281762679043176
2026-01-29 06:59:00+00:00,5,A_raw,hist_gradient_boosting,test,8.979,11.253505986537338,stable_candidate,10.599,0.057000000000000384,2.2745059865373385,2.2745059865373385
2026-01-29 06:59:00+00:00,5,B_temporal,extra_trees,test,8.979,11.222727777777777,stable_candidate,10.599,0.057000000000000384,2.243727777777778,2.243727777777778
2026-01-29 06:59:00+00:00,5,B_temporal,hist_gradient_boosting,test,8.979,11.186740312645329,stable_candidate,10.599,0.057000000000000384,2.2077403126453294,2.2077403126453294
2026-01-28 22:00:00+00:00,5,D_full,ridge,test,8.732,10.929402293156604,startup_shutdown_candidate,10.471,0.009000000000000341,2.197402293156605,2.197402293156605
2026-01-28 21:58:00+00:00,5,D_full,ridge,test,8.692,10.862047281041132,startup_shutdown_candidate,10.458,0.004999999999999005,2.170047281041132,2.170047281041132
2026-01-28 21:57:00+00:00,5,D_full,ridge,test,8.697,10.840694325113061,startup_shutdown_candidate,10.463,0.027999999999998693,2.143694325113062,2.143694325113062
2026-01-28 21:59:00+00:00,5,C_process,ridge,test,8.681,10.734154452264073,startup_shutdown_candidate,10.462,0.0039999999999995595,2.0531544522640743,2.0531544522640743
2026-01-29 06:59:00+00:00,5,C_process,hist_gradient_boosting,test,8.979,11.010564062075245,stable_candidate,10.599,0.057000000000000384,2.0315640620752458,2.0315640620752458
2026-01-29 06:59:00+00:00,5,D_full,extra_trees,test,8.979,11.006695793650794,stable_candidate,10.599,0.057000000000000384,2.0276957936507944,2.0276957936507944
2026-01-29 06:59:00+00:00,5,A_raw,extra_trees,test,8.979,10.995779285714287,stable_candidate,10.599,0.057000000000000384,2.0167792857142874,2.0167792857142874
2026-01-28 22:02:00+00:00,5,D_full,ridge,test,8.737,10.750616612202593,abnormal_target_candidate,8.697,1.7690000000000001,2.0136166122025934,2.0136166122025934
2026-01-31 04:03:00+00:00,5,B_temporal,ridge,test,13.356,11.355488772625932,missing_sensor_candidate,11.829,0.09799999999999898,-2.0005112273740675,2.0005112273740675
2026-01-28 21:58:00+00:00,5,C_process,ridge,test,8.692,10.672054312919325,startup_shutdown_candidate,10.458,0.004999999999999005,1.980054312919325,1.980054312919325
2026-01-28 22:37:00+00:00,5,B_temporal,ridge,test,9.748,7.774524473923704,abnormal_target_candidate,9.494,0.13100000000000023,-1.973475526076295,1.973475526076295
2026-01-28 22:00:00+00:00,5,C_process,ridge,test,8.732,10.702283498287946,startup_shutdown_candidate,10.471,0.009000000000000341,1.9702834982879462,1.9702834982879462
2026-01-28 21:57:00+00:00,5,C_process,ridge,test,8.697,10.662892407223092,startup_shutdown_candidate,10.463,0.027999999999998693,1.9658924072230928,1.9658924072230928
2026-01-29 06:59:00+00:00,5,C_process,extra_trees,test,8.979,10.937796825396822,stable_candidate,10.599,0.057000000000000384,1.9587968253968224,1.9587968253968224
2026-01-29 06:59:00+00:00,5,D_full,hist_gradient_boosting,test,8.979,10.936430237423837,stable_candidate,10.599,0.057000000000000384,1.9574302374238375,1.9574302374238375
2026-01-28 21:19:00+00:00,5,A_raw,ridge,test,8.74,10.684207826548178,startup_shutdown_candidate,10.33,0.07099999999999973,1.944207826548178,1.944207826548178
2026-01-28 21:20:00+00:00,5,A_raw,ridge,test,8.687,10.628877402869408,startup_shutdown_candidate,10.321,0.009000000000000341,1.9418774028694088,1.9418774028694088
2026-01-28 21:23:00+00:00,5,A_raw,ridge,test,8.679,10.60727326948562,startup_shutdown_candidate,10.392,0.0009999999999994458,1.9282732694856204,1.9282732694856204
2026-01-29 06:59:00+00:00,5,C_process,ridge,test,8.979,10.906810516021883,stable_candidate,10.599,0.057000000000000384,1.927810516021884,1.927810516021884
2026-01-29 06:59:00+00:00,5,A_raw,ridge,test,8.979,10.906140637965251,stable_candidate,10.599,0.057000000000000384,1.9271406379652518,1.9271406379652518
2026-01-31 04:03:00+00:00,5,D_full,ridge,test,13.356,11.440096792282848,missing_sensor_candidate,11.829,0.09799999999999898,-1.915903207717152,1.915903207717152
2026-01-28 21:59:00+00:00,5,B_temporal,ridge,test,8.681,10.579437667235826,startup_shutdown_candidate,10.462,0.0039999999999995595,1.898437667235827,1.898437667235827
2026-01-28 22:07:00+00:00,5,B_temporal,ridge,test,8.647,10.537383972130945,abnormal_target_candidate,8.737,1.6739999999999995,1.8903839721309446,1.8903839721309446
2026-01-28 21:58:00+00:00,5,B_temporal,ridge,test,8.692,10.564208488085864,startup_shutdown_candidate,10.458,0.004999999999999005,1.8722084880858638,1.8722084880858638
2026-01-28 22:03:00+00:00,5,B_temporal,ridge,test,8.693,10.56082632352743,abnormal_target_candidate,8.692,0.004999999999999005,1.8678263235274297,1.8678263235274297
2026-01-28 22:04:00+00:00,5,B_temporal,ridge,test,8.708,10.574225616453408,abnormal_target_candidate,8.681,0.011000000000001009,1.8662256164534075,1.8662256164534075
2026-01-28 21:57:00+00:00,5,B_temporal,ridge,test,8.697,10.550424527582589,startup_shutdown_candidate,10.463,0.027999999999998693,1.8534245275825896,1.8534245275825896
2026-01-28 22:00:00+00:00,5,B_temporal,ridge,test,8.732,10.58134844732185,startup_shutdown_candidate,10.471,0.009000000000000341,1.8493484473218516,1.8493484473218516
2026-01-28 22:02:00+00:00,5,B_temporal,ridge,test,8.737,10.576624668684278,abnormal_target_candidate,8.697,1.7690000000000001,1.8396246686842783,1.8396246686842783
2026-01-29 06:59:00+00:00,5,D_full,ridge,test,8.979,10.806631630546239,stable_candidate,10.599,0.057000000000000384,1.8276316305462394,1.8276316305462394
2026-01-28 22:07:00+00:00,5,A_raw,hist_gradient_boosting,test,8.647,10.456991685232241,abnormal_target_candidate,8.737,1.6739999999999995,1.8099916852322409,1.8099916852322409
2026-01-28 22:07:00+00:00,5,B_temporal,hist_gradient_boosting,test,8.647,10.45310578044696,abnormal_target_candidate,8.737,1.6739999999999995,1.8061057804469591,1.8061057804469591
2026-01-28 21:57:00+00:00,5,D_full,extra_trees,test,8.697,10.47995880952381,startup_shutdown_candidate,10.463,0.027999999999998693,1.7829588095238105,1.7829588095238105
2026-01-28 22:02:00+00:00,5,C_process,ridge,test,8.737,10.513624983162856,abnormal_target_candidate,8.697,1.7690000000000001,1.776624983162856,1.776624983162856
2026-01-28 21:59:00+00:00,5,A_raw,hist_gradient_boosting,test,8.681,10.456991685232241,startup_shutdown_candidate,10.462,0.0039999999999995595,1.775991685232242,1.775991685232242
2026-01-28 21:59:00+00:00,5,B_temporal,hist_gradient_boosting,test,8.681,10.45310578044696,startup_shutdown_candidate,10.462,0.0039999999999995595,1.7721057804469602,1.7721057804469602
2026-01-31 04:03:00+00:00,5,B_temporal,hist_gradient_boosting,test,13.356,11.587568980866452,missing_sensor_candidate,11.829,0.09799999999999898,-1.7684310191335477,1.7684310191335477
2026-01-28 22:11:00+00:00,5,A_raw,hist_gradient_boosting,test,8.689,10.456991685232241,startup_shutdown_candidate,10.288,0.004999999999999005,1.767991685232241,1.767991685232241
2026-01-28 22:07:00+00:00,5,A_raw,ridge,test,8.647,10.41345531896907,abnormal_target_candidate,8.737,1.6739999999999995,1.7664553189690704,1.7664553189690704
2026-01-28 21:59:00+00:00,5,D_full,extra_trees,test,8.681,10.44634492063492,startup_shutdown_candidate,10.462,0.0039999999999995595,1.76534492063492,1.76534492063492
2026-01-28 21:58:00+00:00,5,A_raw,hist_gradient_boosting,test,8.692,10.456991685232241,startup_shutdown_candidate,10.458,0.004999999999999005,1.764991685232241,1.764991685232241
2026-01-28 22:03:00+00:00,5,A_raw,hist_gradient_boosting,test,8.693,10.456991685232241,abnormal_target_candidate,8.692,0.004999999999999005,1.7639916852322415,1.7639916852322415
2026-01-28 21:58:00+00:00,5,B_temporal,hist_gradient_boosting,test,8.692,10.45310578044696,startup_shutdown_candidate,10.458,0.004999999999999005,1.7611057804469592,1.7611057804469592
2026-01-28 22:08:00+00:00,5,A_raw,hist_gradient_boosting,test,8.696,10.456991685232241,abnormal_target_candidate,8.693,0.04400000000000048,1.7609916852322414,1.7609916852322414
2026-01-28 22:03:00+00:00,5,B_temporal,hist_gradient_boosting,test,8.693,10.45310578044696,abnormal_target_candidate,8.692,0.004999999999999005,1.7601057804469598,1.7601057804469598
2026-01-28 21:57:00+00:00,5,A_raw,hist_gradient_boosting,test,8.697,10.456991685232241,startup_shutdown_candidate,10.463,0.027999999999998693,1.759991685232242,1.759991685232242
2026-01-28 21:58:00+00:00,5,D_full,extra_trees,test,8.692,10.449656666666666,startup_shutdown_candidate,10.458,0.004999999999999005,1.7576566666666658,1.7576566666666658
2026-01-28 21:57:00+00:00,5,B_temporal,hist_gradient_boosting,test,8.697,10.45310578044696,startup_shutdown_candidate,10.463,0.027999999999998693,1.7561057804469602,1.7561057804469602
2026-01-28 22:04:00+00:00,5,A_raw,hist_gradient_boosting,test,8.708,10.456991685232241,abnormal_target_candidate,8.681,0.011000000000001009,1.748991685232241,1.748991685232241
2026-01-28 21:58:00+00:00,5,A_raw,ridge,test,8.692,10.440005550198498,startup_shutdown_candidate,10.458,0.004999999999999005,1.7480055501984975,1.7480055501984975
2026-01-28 22:04:00+00:00,5,B_temporal,hist_gradient_boosting,test,8.708,10.45310578044696,abnormal_target_candidate,8.681,0.011000000000001009,1.7451057804469592,1.7451057804469592
2026-01-28 22:00:00+00:00,5,D_full,extra_trees,test,8.732,10.474808253968254,startup_shutdown_candidate,10.471,0.009000000000000341,1.7428082539682546,1.7428082539682546
2026-01-28 21:57:00+00:00,5,A_raw,ridge,test,8.697,10.437904402368638,startup_shutdown_candidate,10.463,0.027999999999998693,1.7409044023686384,1.7409044023686384
2026-01-28 22:03:00+00:00,5,D_full,ridge,test,8.693,10.43376366961891,abnormal_target_candidate,8.692,0.004999999999999005,1.7407636696189108,1.7407636696189108
2026-01-31 18:27:00+00:00,5,D_full,ridge,test,12.693,10.952736473093301,ordinary,10.959,0.2029999999999994,-1.7402635269066984,1.7402635269066984
2026-01-28 21:23:00+00:00,5,B_temporal,extra_trees,test,8.679,10.414677777777776,startup_shutdown_candidate,10.392,0.0009999999999994458,1.7356777777777754,1.7356777777777754
2026-01-28 21:59:00+00:00,5,A_raw,ridge,test,8.681,10.415118548295972,startup_shutdown_candidate,10.462,0.0039999999999995595,1.7341185482959727,1.7341185482959727
2026-01-28 22:03:00+00:00,5,D_full,extra_trees,test,8.693,10.42278142857143,abnormal_target_candidate,8.692,0.004999999999999005,1.72978142857143,1.72978142857143
2026-01-28 21:57:00+00:00,5,B_temporal,extra_trees,test,8.697,10.422733333333335,startup_shutdown_candidate,10.463,0.027999999999998693,1.725733333333336,1.725733333333336
2026-01-28 22:00:00+00:00,5,A_raw,hist_gradient_boosting,test,8.732,10.456991685232241,startup_shutdown_candidate,10.471,0.009000000000000341,1.7249916852322418,1.7249916852322418
2026-01-28 22:08:00+00:00,5,B_temporal,hist_gradient_boosting,test,8.696,10.420165137966528,abnormal_target_candidate,8.693,0.04400000000000048,1.7241651379665281,1.7241651379665281
2026-01-28 22:00:00+00:00,5,B_temporal,hist_gradient_boosting,test,8.732,10.45310578044696,startup_shutdown_candidate,10.471,0.009000000000000341,1.72110578044696,1.72110578044696
2026-01-28 08:34:00+00:00,5,C_process,ridge,test,12.046,10.33062945899688,missing_sensor_candidate,11.237,0.21899999999999942,-1.7153705410031197,1.7153705410031197
2026-01-28 22:03:00+00:00,5,A_raw,ridge,test,8.693,10.404841076826584,abnormal_target_candidate,8.692,0.004999999999999005,1.711841076826584,1.711841076826584
2026-01-28 22:02:00+00:00,5,D_full,extra_trees,test,8.737,10.448515158730162,abnormal_target_candidate,8.697,1.7690000000000001,1.7115151587301618,1.7115151587301618
2026-01-28 21:59:00+00:00,5,B_temporal,extra_trees,test,8.681,10.3875,startup_shutdown_candidate,10.462,0.0039999999999995595,1.7065000000000001,1.7065000000000001
2026-01-31 04:03:00+00:00,5,A_raw,extra_trees,test,13.356,11.657503253968253,missing_sensor_candidate,11.829,0.09799999999999898,-1.698496746031747,1.698496746031747
2026-01-28 21:58:00+00:00,5,A_raw,extra_trees,test,8.692,10.390337894491129,startup_shutdown_candidate,10.458,0.004999999999999005,1.6983378944911287,1.6983378944911287
2026-01-28 21:57:00+00:00,5,A_raw,extra_trees,test,8.697,10.38794995798319,startup_shutdown_candidate,10.463,0.027999999999998693,1.6909499579831913,1.6909499579831913
2026-01-28 22:37:00+00:00,5,D_full,ridge,test,9.748,8.081191885242044,abnormal_target_candidate,9.494,0.13100000000000023,-1.6668081147579557,1.6668081147579557
2026-01-28 22:00:00+00:00,5,A_raw,extra_trees,test,8.732,10.393101783380018,startup_shutdown_candidate,10.471,0.009000000000000341,1.661101783380019,1.661101783380019
2026-01-28 21:59:00+00:00,5,A_raw,extra_trees,test,8.681,10.342020989729226,startup_shutdown_candidate,10.462,0.0039999999999995595,1.6610209897292272,1.6610209897292272
2026-01-28 21:58:00+00:00,5,C_process,extra_trees,test,8.692,10.346529126984121,startup_shutdown_candidate,10.458,0.004999999999999005,1.6545291269841211,1.6545291269841211
2026-01-29 14:28:00+00:00,5,B_temporal,extra_trees,test,12.601,10.949866666666663,stable_candidate,11.031,0.07500000000000107,-1.6511333333333376,1.6511333333333376
2026-01-28 21:59:00+00:00,5,C_process,extra_trees,test,8.681,10.329171507936506,startup_shutdown_candidate,10.462,0.0039999999999995595,1.6481715079365067,1.6481715079365067
2026-01-31 18:27:00+00:00,5,C_process,extra_trees,test,12.693,11.045253095238097,ordinary,10.959,0.2029999999999994,-1.6477469047619024,1.6477469047619024
2026-01-28 22:07:00+00:00,5,C_process,hist_gradient_boosting,test,8.647,10.282516823049814,abnormal_target_candidate,8.737,1.6739999999999995,1.635516823049814,1.635516823049814
2026-01-28 22:02:00+00:00,5,B_temporal,extra_trees,test,8.737,10.370616666666669,abnormal_target_candidate,8.697,1.7690000000000001,1.6336166666666685,1.6336166666666685
2026-01-30 07:53:00+00:00,5,D_full,extra_trees,test,12.767,11.134784444444444,ordinary,11.408,0.18400000000000105,-1.6322155555555558,1.6322155555555558
2026-01-28 21:57:00+00:00,5,C_process,extra_trees,test,8.697,10.329107619047617,startup_shutdown_candidate,10.463,0.027999999999998693,1.632107619047618,1.632107619047618
2026-01-28 21:23:00+00:00,5,D_full,extra_trees,test,8.679,10.303408174603172,startup_shutdown_candidate,10.392,0.0009999999999994458,1.6244081746031718,1.6244081746031718
2026-01-31 18:27:00+00:00,5,C_process,ridge,test,12.693,11.06871967537729,ordinary,10.959,0.2029999999999994,-1.6242803246227098,1.6242803246227098
2026-01-28 21:59:00+00:00,5,C_process,hist_gradient_boosting,test,8.681,10.299341412847012,startup_shutdown_candidate,10.462,0.0039999999999995595,1.6183414128470126,1.6183414128470126
2026-01-28 22:00:00+00:00,5,C_process,extra_trees,test,8.732,10.35011595238095,startup_shutdown_candidate,10.471,0.009000000000000341,1.6181159523809505,1.6181159523809505
2026-01-28 22:03:00+00:00,5,B_temporal,extra_trees,test,8.693,10.309622222222226,abnormal_target_candidate,8.692,0.004999999999999005,1.616622222222226,1.616622222222226
2026-01-31 18:27:00+00:00,5,A_raw,extra_trees,test,12.693,11.078181785714287,ordinary,10.959,0.2029999999999994,-1.6148182142857124,1.6148182142857124
2026-01-28 21:58:00+00:00,5,B_temporal,extra_trees,test,8.692,10.297138888888888,startup_shutdown_candidate,10.458,0.004999999999999005,1.605138888888888,1.605138888888888
2026-01-28 22:00:00+00:00,5,B_temporal,extra_trees,test,8.732,10.334611111111112,startup_shutdown_candidate,10.471,0.009000000000000341,1.6026111111111128,1.6026111111111128
2026-01-28 22:02:00+00:00,5,C_process,extra_trees,test,8.737,10.334568095238094,abnormal_target_candidate,8.697,1.7690000000000001,1.5975680952380937,1.5975680952380937
2026-01-29 14:28:00+00:00,5,C_process,extra_trees,test,12.601,11.00844507936508,stable_candidate,11.031,0.07500000000000107,-1.592554920634921,1.592554920634921
2026-01-29 14:28:00+00:00,5,D_full,hist_gradient_boosting,test,12.601,11.014560197854216,stable_candidate,11.031,0.07500000000000107,-1.5864398021457848,1.5864398021457848
2026-01-31 04:03:00+00:00,5,D_full,extra_trees,test,13.356,11.76988761904762,missing_sensor_candidate,11.829,0.09799999999999898,-1.5861123809523807,1.5861123809523807
2026-01-28 22:02:00+00:00,5,A_raw,extra_trees,test,8.737,10.32068662464986,abnormal_target_candidate,8.697,1.7690000000000001,1.583686624649859,1.583686624649859
2026-01-28 22:03:00+00:00,5,A_raw,extra_trees,test,8.693,10.272263688141923,abnormal_target_candidate,8.692,0.004999999999999005,1.579263688141923,1.579263688141923
2026-01-28 22:04:00+00:00,5,C_process,hist_gradient_boosting,test,8.708,10.282516823049814,abnormal_target_candidate,8.681,0.011000000000001009,1.574516823049814,1.574516823049814
2026-01-28 22:00:00+00:00,5,C_process,hist_gradient_boosting,test,8.732,10.299341412847012,startup_shutdown_candidate,10.471,0.009000000000000341,1.5673414128470124,1.5673414128470124
2026-01-30 07:53:00+00:00,5,D_full,hist_gradient_boosting,test,12.767,11.200571607073089,ordinary,11.408,0.18400000000000105,-1.5664283929269107,1.5664283929269107
2026-01-28 22:07:00+00:00,5,D_full,hist_gradient_boosting,test,8.647,10.212281516608593,abnormal_target_candidate,8.737,1.6739999999999995,1.565281516608593,1.565281516608593
2026-01-30 07:53:00+00:00,5,C_process,extra_trees,test,12.767,11.208906031746034,ordinary,11.408,0.18400000000000105,-1.5580939682539654,1.5580939682539654
2026-01-31 04:03:00+00:00,5,C_process,extra_trees,test,13.356,11.809823730158728,missing_sensor_candidate,11.829,0.09799999999999898,-1.546176269841272,1.546176269841272
2026-01-31 04:03:00+00:00,5,C_process,ridge,test,13.356,11.810074947834817,missing_sensor_candidate,11.829,0.09799999999999898,-1.5459250521651828,1.5459250521651828
2026-01-28 22:03:00+00:00,5,C_process,hist_gradient_boosting,test,8.693,10.237168856807786,abnormal_target_candidate,8.692,0.004999999999999005,1.5441688568077865,1.5441688568077865
2026-01-28 21:59:00+00:00,5,D_full,hist_gradient_boosting,test,8.681,10.222461896715803,startup_shutdown_candidate,10.462,0.0039999999999995595,1.5414618967158038,1.5414618967158038
2026-01-28 22:08:00+00:00,5,A_raw,extra_trees,test,8.696,10.232570052910052,abnormal_target_candidate,8.693,0.04400000000000048,1.5365700529100526,1.5365700529100526
2026-01-28 21:57:00+00:00,5,D_full,hist_gradient_boosting,test,8.697,10.23342840542185,startup_shutdown_candidate,10.463,0.027999999999998693,1.5364284054218516,1.5364284054218516
2026-01-31 04:03:00+00:00,5,D_full,hist_gradient_boosting,test,13.356,11.824863473165168,missing_sensor_candidate,11.829,0.09799999999999898,-1.5311365268348318,1.5311365268348318
2026-01-28 21:58:00+00:00,5,D_full,hist_gradient_boosting,test,8.692,10.222461896715803,startup_shutdown_candidate,10.458,0.004999999999999005,1.5304618967158028,1.5304618967158028
2026-01-31 04:03:00+00:00,5,B_temporal,extra_trees,test,13.356,11.829516666666668,missing_sensor_candidate,11.829,0.09799999999999898,-1.5264833333333314,1.5264833333333314
2026-01-28 21:58:00+00:00,5,C_process,hist_gradient_boosting,test,8.692,10.215031900085778,startup_shutdown_candidate,10.458,0.004999999999999005,1.523031900085778,1.523031900085778
2026-01-28 21:57:00+00:00,5,C_process,hist_gradient_boosting,test,8.697,10.215031900085778,startup_shutdown_candidate,10.463,0.027999999999998693,1.518031900085779,1.518031900085779
2026-01-28 21:24:00+00:00,5,C_process,ridge,test,10.425,11.92920678169867,abnormal_target_candidate,8.74,1.6519999999999992,1.5042067816986702,1.5042067816986702
2026-01-30 07:53:00+00:00,5,C_process,hist_gradient_boosting,test,12.767,11.272720946828123,ordinary,11.408,0.18400000000000105,-1.4942790531718764,1.4942790531718764
2026-01-28 22:11:00+00:00,5,C_process,hist_gradient_boosting,test,8.689,10.180550304636716,startup_shutdown_candidate,10.288,0.004999999999999005,1.491550304636716,1.491550304636716
2026-01-28 22:00:00+00:00,5,D_full,hist_gradient_boosting,test,8.732,10.222461896715803,startup_shutdown_candidate,10.471,0.009000000000000341,1.4904618967158036,1.4904618967158036
2026-01-28 22:08:00+00:00,5,D_full,hist_gradient_boosting,test,8.696,10.160600212398641,abnormal_target_candidate,8.693,0.04400000000000048,1.4646002123986417,1.4646002123986417
2026-01-29 06:54:00+00:00,10,A_raw,hist_gradient_boosting,test,8.979,11.430472687379662,stable_candidate,10.763,0.0600000000000005,2.4514726873796633,2.4514726873796633
2026-01-28 21:24:00+00:00,10,A_raw,ridge,test,10.431,12.763563101387104,abnormal_target_candidate,8.74,1.6519999999999992,2.3325631013871053,2.3325631013871053
2026-01-29 06:54:00+00:00,10,B_temporal,hist_gradient_boosting,test,8.979,11.213510097210126,stable_candidate,10.763,0.0600000000000005,2.2345100972101264,2.2345100972101264
2026-01-28 21:59:00+00:00,10,D_full,ridge,test,8.708,10.936089528564468,startup_shutdown_candidate,10.462,0.0039999999999995595,2.2280895285644675,2.2280895285644675
2026-01-28 21:52:00+00:00,10,D_full,ridge,test,8.697,10.918415665201765,startup_shutdown_candidate,10.471,0.012000000000000455,2.221415665201766,2.221415665201766
2026-01-29 06:54:00+00:00,10,C_process,hist_gradient_boosting,test,8.979,11.175584425175295,stable_candidate,10.763,0.0600000000000005,2.1965844251752955,2.1965844251752955
2026-01-28 21:54:00+00:00,10,D_full,ridge,test,8.681,10.861602381987487,startup_shutdown_candidate,10.449,0.02800000000000047,2.1806023819874873,2.1806023819874873
2026-01-29 06:54:00+00:00,10,B_temporal,extra_trees,test,8.979,11.150113333333334,stable_candidate,10.763,0.0600000000000005,2.1711133333333343,2.1711133333333343
2026-01-28 21:53:00+00:00,10,D_full,ridge,test,8.692,10.849228046715503,startup_shutdown_candidate,10.477,0.006000000000000227,2.1572280467155025,2.1572280467155025
2026-01-28 21:58:00+00:00,10,D_full,ridge,test,8.693,10.827363483083255,startup_shutdown_candidate,10.458,0.004999999999999005,2.1343634830832556,2.1343634830832556
2026-01-29 06:54:00+00:00,10,C_process,extra_trees,test,8.979,11.092543333333335,stable_candidate,10.763,0.0600000000000005,2.113543333333336,2.113543333333336
2026-01-28 22:02:00+00:00,10,D_full,ridge,test,8.647,10.756917591506673,abnormal_target_candidate,8.697,1.7690000000000001,2.1099175915066724,2.1099175915066724
2026-01-29 06:54:00+00:00,10,A_raw,extra_trees,test,8.979,11.082255555555555,stable_candidate,10.763,0.0600000000000005,2.103255555555556,2.103255555555556
2026-01-28 21:57:00+00:00,10,D_full,ridge,test,8.737,10.839543699960501,startup_shutdown_candidate,10.463,0.027999999999998693,2.102543699960501,2.102543699960501
2026-01-29 06:54:00+00:00,10,C_process,ridge,test,8.979,11.059242603494825,stable_candidate,10.763,0.0600000000000005,2.080242603494826,2.080242603494826
2026-01-31 03:58:00+00:00,10,B_temporal,ridge,test,13.356,11.289080500030567,missing_sensor_candidate,11.905,0.13399999999999856,-2.0669194999694334,2.0669194999694334
2026-01-29 06:54:00+00:00,10,A_raw,ridge,test,8.979,11.034364615042675,stable_candidate,10.763,0.0600000000000005,2.0553646150426754,2.0553646150426754
2026-01-28 21:55:00+00:00,10,D_full,ridge,test,8.732,10.770854031838173,startup_shutdown_candidate,10.455,0.006000000000000227,2.0388540318381736,2.0388540318381736
2026-01-29 06:54:00+00:00,10,D_full,hist_gradient_boosting,test,8.979,11.008566190272667,stable_candidate,10.763,0.0600000000000005,2.029566190272668,2.029566190272668
2026-01-31 03:58:00+00:00,10,D_full,ridge,test,13.356,11.342487738408527,missing_sensor_candidate,11.905,0.13399999999999856,-2.0135122615914725,2.0135122615914725
2026-01-31 03:58:00+00:00,10,D_full,extra_trees,test,13.356,11.35741111111111,missing_sensor_candidate,11.905,0.13399999999999856,-1.9985888888888894,1.9985888888888894
2026-01-28 21:54:00+00:00,10,C_process,ridge,test,8.681,10.676408550604178,startup_shutdown_candidate,10.449,0.02800000000000047,1.9954085506041785,1.9954085506041785
2026-01-29 06:54:00+00:00,10,D_full,extra_trees,test,8.979,10.964522222222223,stable_candidate,10.763,0.0600000000000005,1.9855222222222242,1.9855222222222242
2026-01-28 21:59:00+00:00,10,C_process,ridge,test,8.708,10.68668844466881,startup_shutdown_candidate,10.462,0.0039999999999995595,1.9786884446688102,1.9786884446688102
2026-01-28 21:52:00+00:00,10,B_temporal,ridge,test,8.697,10.674301213625618,startup_shutdown_candidate,10.471,0.012000000000000455,1.9773012136256192,1.9773012136256192
2026-01-28 21:58:00+00:00,10,C_process,ridge,test,8.693,10.643329143498462,startup_shutdown_candidate,10.458,0.004999999999999005,1.9503291434984629,1.9503291434984629
2026-01-31 03:58:00+00:00,10,A_raw,hist_gradient_boosting,test,13.356,11.412193104371038,missing_sensor_candidate,11.905,0.13399999999999856,-1.9438068956289616,1.9438068956289616
2026-01-28 21:53:00+00:00,10,B_temporal,ridge,test,8.692,10.633732302464761,startup_shutdown_candidate,10.477,0.006000000000000227,1.9417323024647608,1.9417323024647608
2026-01-31 03:58:00+00:00,10,D_full,hist_gradient_boosting,test,13.356,11.418142133825409,missing_sensor_candidate,11.905,0.13399999999999856,-1.9378578661745909,1.9378578661745909
2026-01-28 21:18:00+00:00,10,A_raw,ridge,test,8.679,10.596233880720037,startup_shutdown_candidate,10.259,0.011000000000001009,1.9172338807200369,1.9172338807200369
2026-01-29 06:54:00+00:00,10,B_temporal,ridge,test,8.979,10.888561657233502,stable_candidate,10.763,0.0600000000000005,1.9095616572335032,1.9095616572335032
2026-01-29 06:54:00+00:00,10,D_full,ridge,test,8.979,10.888174610766766,stable_candidate,10.763,0.0600000000000005,1.909174610766767,1.909174610766767
2026-01-28 21:57:00+00:00,10,C_process,ridge,test,8.737,10.644008250854014,startup_shutdown_candidate,10.463,0.027999999999998693,1.9070082508540143,1.9070082508540143
2026-01-31 03:58:00+00:00,10,C_process,extra_trees,test,13.356,11.45760285714286,missing_sensor_candidate,11.905,0.13399999999999856,-1.8983971428571405,1.8983971428571405
2026-01-28 21:52:00+00:00,10,C_process,ridge,test,8.697,10.584622817926814,startup_shutdown_candidate,10.471,0.012000000000000455,1.8876228179268146,1.8876228179268146
2026-01-31 03:58:00+00:00,10,C_process,hist_gradient_boosting,test,13.356,11.47303150787291,missing_sensor_candidate,11.905,0.13399999999999856,-1.8829684921270893,1.8829684921270893
2026-01-28 22:02:00+00:00,10,B_temporal,ridge,test,8.647,10.523482045672724,abnormal_target_candidate,8.697,1.7690000000000001,1.8764820456727236,1.8764820456727236
2026-01-31 03:58:00+00:00,10,A_raw,extra_trees,test,13.356,11.482766666666668,missing_sensor_candidate,11.905,0.13399999999999856,-1.8732333333333315,1.8732333333333315
2026-01-28 21:55:00+00:00,10,C_process,ridge,test,8.732,10.58782137483661,startup_shutdown_candidate,10.455,0.006000000000000227,1.8558213748366104,1.8558213748366104
2026-01-28 21:53:00+00:00,10,C_process,ridge,test,8.692,10.54083065460506,startup_shutdown_candidate,10.477,0.006000000000000227,1.8488306546050595,1.8488306546050595
2026-01-31 03:58:00+00:00,10,B_temporal,extra_trees,test,13.356,11.513955873015876,missing_sensor_candidate,11.905,0.13399999999999856,-1.8420441269841241,1.8420441269841241
2026-01-28 22:02:00+00:00,10,C_process,ridge,test,8.647,10.486833953021211,abnormal_target_candidate,8.697,1.7690000000000001,1.8398339530212109,1.8398339530212109
2026-01-28 21:15:00+00:00,10,A_raw,ridge,test,8.687,10.517664549029833,abnormal_target_candidate,10.203,0.03399999999999892,1.8306645490298337,1.8306645490298337
2026-01-31 03:58:00+00:00,10,B_temporal,hist_gradient_boosting,test,13.356,11.528153545736433,missing_sensor_candidate,11.905,0.13399999999999856,-1.8278464542635664,1.8278464542635664
2026-01-28 22:02:00+00:00,10,C_process,hist_gradient_boosting,test,8.647,10.471452466450422,abnormal_target_candidate,8.697,1.7690000000000001,1.8244524664504222,1.8244524664504222
2026-01-28 21:54:00+00:00,10,B_temporal,ridge,test,8.681,10.493483197984611,startup_shutdown_candidate,10.449,0.02800000000000047,1.812483197984612,1.812483197984612
2026-01-28 22:06:00+00:00,10,B_temporal,ridge,test,8.689,10.496155906518625,transition_candidate,10.411,1.6790000000000003,1.8071559065186253,1.8071559065186253
2026-01-28 21:59:00+00:00,10,B_temporal,ridge,test,8.708,10.51377979460424,startup_shutdown_candidate,10.462,0.0039999999999995595,1.8057797946042395,1.8057797946042395
2026-01-28 22:03:00+00:00,10,B_temporal,ridge,test,8.696,10.49084562032284,abnormal_target_candidate,8.692,0.004999999999999005,1.7948456203228407,1.7948456203228407
2026-01-28 21:54:00+00:00,10,C_process,hist_gradient_boosting,test,8.681,10.471452466450422,startup_shutdown_candidate,10.449,0.02800000000000047,1.7904524664504233,1.7904524664504233
2026-01-28 21:58:00+00:00,10,B_temporal,ridge,test,8.693,10.47928583425574,startup_shutdown_candidate,10.458,0.004999999999999005,1.7862858342557395,1.7862858342557395
2026-01-28 22:02:00+00:00,10,D_full,extra_trees,test,8.647,10.432905555555557,abnormal_target_candidate,8.697,1.7690000000000001,1.7859055555555567,1.7859055555555567
2026-01-31 03:58:00+00:00,10,C_process,ridge,test,13.356,11.576345423064758,missing_sensor_candidate,11.905,0.13399999999999856,-1.7796545769352416,1.7796545769352416
2026-01-28 21:53:00+00:00,10,C_process,hist_gradient_boosting,test,8.692,10.471452466450422,startup_shutdown_candidate,10.477,0.006000000000000227,1.7794524664504223,1.7794524664504223
2026-01-28 21:58:00+00:00,10,C_process,hist_gradient_boosting,test,8.693,10.471452466450422,startup_shutdown_candidate,10.458,0.004999999999999005,1.7784524664504229,1.7784524664504229
2026-01-28 22:03:00+00:00,10,C_process,hist_gradient_boosting,test,8.696,10.471452466450422,abnormal_target_candidate,8.692,0.004999999999999005,1.7754524664504228,1.7754524664504228
2026-01-28 21:52:00+00:00,10,C_process,hist_gradient_boosting,test,8.697,10.471452466450422,startup_shutdown_candidate,10.471,0.012000000000000455,1.7744524664504233,1.7744524664504233
2026-01-28 21:59:00+00:00,10,C_process,hist_gradient_boosting,test,8.708,10.477963133517202,startup_shutdown_candidate,10.462,0.0039999999999995595,1.7699631335172015,1.7699631335172015
2026-01-28 21:53:00+00:00,10,D_full,hist_gradient_boosting,test,8.692,10.45157027776259,startup_shutdown_candidate,10.477,0.006000000000000227,1.75957027776259,1.75957027776259
2026-01-28 21:52:00+00:00,10,D_full,hist_gradient_boosting,test,8.697,10.45157027776259,startup_shutdown_candidate,10.471,0.012000000000000455,1.754570277762591,1.754570277762591
2026-01-28 22:02:00+00:00,10,C_process,extra_trees,test,8.647,10.400316507936507,abnormal_target_candidate,8.697,1.7690000000000001,1.753316507936507,1.753316507936507
2026-01-28 22:02:00+00:00,10,A_raw,hist_gradient_boosting,test,8.647,10.398107195434923,abnormal_target_candidate,8.697,1.7690000000000001,1.7511071954349227,1.7511071954349227
2026-01-28 21:53:00+00:00,10,C_process,extra_trees,test,8.692,10.442493333333333,startup_shutdown_candidate,10.477,0.006000000000000227,1.750493333333333,1.750493333333333
2026-01-28 21:57:00+00:00,10,D_full,extra_trees,test,8.737,10.484822222222222,startup_shutdown_candidate,10.463,0.027999999999998693,1.7478222222222222,1.7478222222222222
2026-01-28 21:54:00+00:00,10,B_temporal,extra_trees,test,8.681,10.427875,startup_shutdown_candidate,10.449,0.02800000000000047,1.746875000000001,1.746875000000001
2026-01-28 21:54:00+00:00,10,A_raw,ridge,test,8.681,10.42660503675237,startup_shutdown_candidate,10.449,0.02800000000000047,1.7456050367523712,1.7456050367523712
2026-01-28 21:14:00+00:00,10,A_raw,ridge,test,8.74,10.485461046944879,abnormal_target_candidate,10.169,0.04600000000000115,1.7454610469448788,1.7454610469448788
2026-01-28 21:54:00+00:00,10,D_full,hist_gradient_boosting,test,8.681,10.426145224123232,startup_shutdown_candidate,10.449,0.02800000000000047,1.7451452241232328,1.7451452241232328
2026-01-28 21:54:00+00:00,10,D_full,extra_trees,test,8.681,10.425238888888888,startup_shutdown_candidate,10.449,0.02800000000000047,1.744238888888889,1.744238888888889
2026-01-28 21:55:00+00:00,10,C_process,hist_gradient_boosting,test,8.732,10.471452466450422,startup_shutdown_candidate,10.455,0.006000000000000227,1.7394524664504232,1.7394524664504232
2026-01-28 22:02:00+00:00,10,A_raw,ridge,test,8.647,10.38626695932782,abnormal_target_candidate,8.697,1.7690000000000001,1.7392669593278196,1.7392669593278196
2026-01-28 21:15:00+00:00,10,D_full,hist_gradient_boosting,test,8.687,10.425478272565721,abnormal_target_candidate,10.203,0.03399999999999892,1.7384782725657217,1.7384782725657217
2026-01-28 21:58:00+00:00,10,D_full,extra_trees,test,8.693,10.431355555555557,startup_shutdown_candidate,10.458,0.004999999999999005,1.7383555555555574,1.7383555555555574
2026-01-28 21:58:00+00:00,10,D_full,hist_gradient_boosting,test,8.693,10.426145224123232,startup_shutdown_candidate,10.458,0.004999999999999005,1.7331452241232324,1.7331452241232324
2026-01-28 21:52:00+00:00,10,C_process,extra_trees,test,8.697,10.426645793650794,startup_shutdown_candidate,10.471,0.012000000000000455,1.7296457936507945,1.7296457936507945
2026-01-28 21:53:00+00:00,10,B_temporal,hist_gradient_boosting,test,8.692,10.421174952918644,startup_shutdown_candidate,10.477,0.006000000000000227,1.729174952918644,1.729174952918644
2026-01-28 21:54:00+00:00,10,C_process,extra_trees,test,8.681,10.408511587301586,startup_shutdown_candidate,10.449,0.02800000000000047,1.7275115873015867,1.7275115873015867
2026-01-28 21:55:00+00:00,10,C_process,extra_trees,test,8.732,10.458481190476192,startup_shutdown_candidate,10.455,0.006000000000000227,1.7264811904761928,1.7264811904761928
2026-01-28 21:59:00+00:00,10,D_full,extra_trees,test,8.708,10.434355555555555,startup_shutdown_candidate,10.462,0.0039999999999995595,1.7263555555555552,1.7263555555555552
2026-01-28 21:58:00+00:00,10,A_raw,ridge,test,8.693,10.41825943020699,startup_shutdown_candidate,10.458,0.004999999999999005,1.7252594302069912,1.7252594302069912
2026-01-28 21:52:00+00:00,10,B_temporal,hist_gradient_boosting,test,8.697,10.421174952918644,startup_shutdown_candidate,10.471,0.012000000000000455,1.724174952918645,1.724174952918645
2026-01-28 21:52:00+00:00,10,A_raw,ridge,test,8.697,10.419213742263333,startup_shutdown_candidate,10.471,0.012000000000000455,1.7222137422633335,1.7222137422633335
2026-01-28 22:11:00+00:00,10,A_raw,hist_gradient_boosting,test,8.678,10.398107195434923,startup_shutdown_candidate,10.288,0.004999999999999005,1.720107195434922,1.720107195434922
2026-01-28 21:59:00+00:00,10,D_full,hist_gradient_boosting,test,8.708,10.426145224123232,startup_shutdown_candidate,10.462,0.0039999999999995595,1.7181452241232318,1.7181452241232318
2026-01-28 22:09:00+00:00,10,A_raw,hist_gradient_boosting,test,8.68,10.398107195434923,abnormal_target_candidate,8.708,0.015000000000000568,1.7181071954349232,1.7181071954349232
2026-01-28 21:54:00+00:00,10,A_raw,hist_gradient_boosting,test,8.681,10.398107195434923,startup_shutdown_candidate,10.449,0.02800000000000047,1.7171071954349237,1.7171071954349237
2026-01-28 22:06:00+00:00,10,A_raw,hist_gradient_boosting,test,8.689,10.398107195434923,transition_candidate,10.411,1.6790000000000003,1.7091071954349228,1.7091071954349228
2026-01-28 21:53:00+00:00,10,D_full,extra_trees,test,8.692,10.398966666666668,startup_shutdown_candidate,10.477,0.006000000000000227,1.706966666666668,1.706966666666668
2026-01-28 21:53:00+00:00,10,A_raw,hist_gradient_boosting,test,8.692,10.398107195434923,startup_shutdown_candidate,10.477,0.006000000000000227,1.7061071954349227,1.7061071954349227
2026-01-28 21:58:00+00:00,10,A_raw,hist_gradient_boosting,test,8.693,10.398107195434923,startup_shutdown_candidate,10.458,0.004999999999999005,1.7051071954349233,1.7051071954349233
2026-01-28 22:03:00+00:00,10,D_full,extra_trees,test,8.696,10.400505555555554,abnormal_target_candidate,8.692,0.004999999999999005,1.7045055555555546,1.7045055555555546
2026-01-28 22:03:00+00:00,10,A_raw,hist_gradient_boosting,test,8.696,10.398107195434923,abnormal_target_candidate,8.692,0.004999999999999005,1.7021071954349232,1.7021071954349232
2026-01-31 03:58:00+00:00,10,A_raw,ridge,test,13.356,11.655047520543768,missing_sensor_candidate,11.905,0.13399999999999856,-1.700952479456232,1.700952479456232
2026-01-28 22:02:00+00:00,10,D_full,hist_gradient_boosting,test,8.647,10.347750657591748,abnormal_target_candidate,8.697,1.7690000000000001,1.7007506575917475,1.7007506575917475
2026-01-28 21:54:00+00:00,10,B_temporal,hist_gradient_boosting,test,8.681,10.375858704287968,startup_shutdown_candidate,10.449,0.02800000000000047,1.6948587042879684,1.6948587042879684
2026-01-28 21:55:00+00:00,10,D_full,extra_trees,test,8.732,10.426644444444443,startup_shutdown_candidate,10.455,0.006000000000000227,1.6946444444444442,1.6946444444444442
2026-01-28 21:55:00+00:00,10,D_full,hist_gradient_boosting,test,8.732,10.426145224123232,startup_shutdown_candidate,10.455,0.006000000000000227,1.6941452241232327,1.6941452241232327
2026-01-28 21:58:00+00:00,10,B_temporal,extra_trees,test,8.693,10.384370238095237,startup_shutdown_candidate,10.458,0.004999999999999005,1.691370238095237,1.691370238095237
2026-01-28 22:03:00+00:00,10,C_process,extra_trees,test,8.696,10.38176507936508,abnormal_target_candidate,8.692,0.004999999999999005,1.6857650793650798,1.6857650793650798
2026-01-28 21:18:00+00:00,10,B_temporal,extra_trees,test,8.679,10.363183571428573,startup_shutdown_candidate,10.259,0.011000000000001009,1.684183571428573,1.684183571428573
2026-01-28 21:58:00+00:00,10,B_temporal,hist_gradient_boosting,test,8.693,10.375858704287968,startup_shutdown_candidate,10.458,0.004999999999999005,1.682858704287968,1.682858704287968
2026-01-28 21:57:00+00:00,10,B_temporal,extra_trees,test,8.737,10.410031904761903,startup_shutdown_candidate,10.463,0.027999999999998693,1.6730319047619027,1.6730319047619027
2026-01-29 14:23:00+00:00,10,B_temporal,extra_trees,test,12.601,10.92836,stable_candidate,10.772,0.04300000000000104,-1.6726400000000012,1.6726400000000012
2026-01-28 21:55:00+00:00,10,B_temporal,extra_trees,test,8.732,10.403012063492062,startup_shutdown_candidate,10.455,0.006000000000000227,1.6710120634920624,1.6710120634920624
2026-01-28 21:52:00+00:00,10,B_temporal,extra_trees,test,8.697,10.365720873015874,startup_shutdown_candidate,10.471,0.012000000000000455,1.6687208730158751,1.6687208730158751
2026-01-28 21:53:00+00:00,10,B_temporal,extra_trees,test,8.692,10.360669682539681,startup_shutdown_candidate,10.477,0.006000000000000227,1.6686696825396812,1.6686696825396812
2026-01-28 21:59:00+00:00,10,B_temporal,hist_gradient_boosting,test,8.708,10.375858704287968,startup_shutdown_candidate,10.462,0.0039999999999995595,1.6678587042879673,1.6678587042879673
2026-01-28 21:58:00+00:00,10,C_process,extra_trees,test,8.693,10.34355365079365,startup_shutdown_candidate,10.458,0.004999999999999005,1.6505536507936505,1.6505536507936505
2026-01-28 21:55:00+00:00,10,B_temporal,hist_gradient_boosting,test,8.732,10.375858704287968,startup_shutdown_candidate,10.455,0.006000000000000227,1.6438587042879682,1.6438587042879682
2026-01-28 21:59:00+00:00,10,C_process,extra_trees,test,8.708,10.347936190476192,startup_shutdown_candidate,10.462,0.0039999999999995595,1.6399361904761918,1.6399361904761918
2026-01-28 21:57:00+00:00,10,B_temporal,hist_gradient_boosting,test,8.737,10.375858704287968,startup_shutdown_candidate,10.463,0.027999999999998693,1.6388587042879674,1.6388587042879674
2026-01-29 14:23:00+00:00,10,B_temporal,hist_gradient_boosting,test,12.601,10.966264543408831,stable_candidate,10.772,0.04300000000000104,-1.6347354565911694,1.6347354565911694
2026-01-29 14:23:00+00:00,10,A_raw,extra_trees,test,12.601,11.031005555555558,stable_candidate,10.772,0.04300000000000104,-1.5699944444444434,1.5699944444444434
2026-01-28 21:18:00+00:00,10,A_raw,extra_trees,test,8.679,10.228833333333334,startup_shutdown_candidate,10.259,0.011000000000001009,1.5498333333333338,1.5498333333333338
2026-01-28 21:54:00+00:00,10,A_raw,extra_trees,test,8.681,10.214272222222222,startup_shutdown_candidate,10.449,0.02800000000000047,1.533272222222223,1.533272222222223
2026-01-31 18:22:00+00:00,10,A_raw,extra_trees,test,12.693,11.168022222222223,ordinary,10.851,0.14300000000000068,-1.5249777777777762,1.5249777777777762
2026-01-28 21:14:00+00:00,10,A_raw,extra_trees,test,8.74,10.250872222222226,abnormal_target_candidate,10.169,0.04600000000000115,1.5108722222222255,1.5108722222222255
2026-01-28 21:15:00+00:00,10,A_raw,extra_trees,test,8.687,10.192344444444448,abnormal_target_candidate,10.203,0.03399999999999892,1.5053444444444484,1.5053444444444484
2026-01-28 21:57:00+00:00,10,A_raw,extra_trees,test,8.737,10.232850000000001,startup_shutdown_candidate,10.463,0.027999999999998693,1.4958500000000008,1.4958500000000008
2026-01-28 21:53:00+00:00,10,A_raw,extra_trees,test,8.692,10.167538888888888,startup_shutdown_candidate,10.477,0.006000000000000227,1.475538888888888,1.475538888888888
2026-01-28 22:37:00+00:00,15,B_temporal,ridge,test,11.198,8.6741968421182,abnormal_target_candidate,9.494,0.13100000000000023,-2.523803157881801,2.523803157881801
2026-01-29 06:49:00+00:00,15,B_temporal,hist_gradient_boosting,test,8.979,11.383523638986706,stable_candidate,10.569,0.06599999999999895,2.4045236389867064,2.4045236389867064
2026-01-28 21:48:00+00:00,15,D_full,hist_gradient_boosting,test,8.692,11.060871663627378,startup_shutdown_candidate,10.441,0.0470000000000006,2.3688716636273774,2.3688716636273774
2026-01-28 21:47:00+00:00,15,D_full,hist_gradient_boosting,test,8.697,11.060871663627378,startup_shutdown_candidate,10.394,0.026999999999999247,2.3638716636273784,2.3638716636273784
2026-01-29 06:49:00+00:00,15,A_raw,hist_gradient_boosting,test,8.979,11.291582614504874,stable_candidate,10.569,0.06599999999999895,2.3125826145048745,2.3125826145048745
2026-01-29 06:49:00+00:00,15,A_raw,extra_trees,test,8.979,11.24182202380952,stable_candidate,10.569,0.06599999999999895,2.2628220238095214,2.2628220238095214
2026-01-29 06:49:00+00:00,15,C_process,hist_gradient_boosting,test,8.979,11.161366673318811,stable_candidate,10.569,0.06599999999999895,2.1823666733188123,2.1823666733188123
2026-01-28 22:37:00+00:00,15,D_full,ridge,test,11.198,9.026938272439354,abnormal_target_candidate,9.494,0.13100000000000023,-2.1710617275606463,2.1710617275606463
2026-01-29 06:49:00+00:00,15,C_process,ridge,test,8.979,11.147423314125042,stable_candidate,10.569,0.06599999999999895,2.168423314125043,2.168423314125043
2026-01-29 06:49:00+00:00,15,D_full,hist_gradient_boosting,test,8.979,11.135293980701503,stable_candidate,10.569,0.06599999999999895,2.156293980701504,2.156293980701504
2026-01-28 21:52:00+00:00,15,D_full,ridge,test,8.737,10.866703523820288,startup_shutdown_candidate,10.471,0.012000000000000455,2.1297035238202877,2.1297035238202877
2026-01-29 06:49:00+00:00,15,A_raw,ridge,test,8.979,11.105759070953928,stable_candidate,10.569,0.06599999999999895,2.126759070953929,2.126759070953929
2026-01-28 21:50:00+00:00,15,D_full,ridge,test,8.732,10.841528935094088,startup_shutdown_candidate,10.466,0.03399999999999892,2.1095289350940885,2.1095289350940885
2026-01-28 21:57:00+00:00,15,D_full,ridge,test,8.647,10.748276071916587,startup_shutdown_candidate,10.463,0.027999999999998693,2.101276071916587,2.101276071916587
2026-01-28 21:24:00+00:00,15,A_raw,ridge,test,10.437,12.533421688685038,abnormal_target_candidate,8.74,1.6519999999999992,2.096421688685039,2.096421688685039
2026-01-28 21:53:00+00:00,15,D_full,ridge,test,8.693,10.762137549676552,startup_shutdown_candidate,10.477,0.006000000000000227,2.0691375496765527,2.0691375496765527
2026-01-28 21:47:00+00:00,15,D_full,ridge,test,8.697,10.764137438562143,startup_shutdown_candidate,10.394,0.026999999999999247,2.0671374385621437,2.0671374385621437
2026-01-29 06:49:00+00:00,15,B_temporal,extra_trees,test,8.979,11.045438888888889,stable_candidate,10.569,0.06599999999999895,2.0664388888888894,2.0664388888888894
2026-01-28 21:54:00+00:00,15,D_full,ridge,test,8.708,10.774029820778056,startup_shutdown_candidate,10.449,0.02800000000000047,2.0660298207780556,2.0660298207780556
2026-01-29 06:49:00+00:00,15,C_process,extra_trees,test,8.979,11.043064444444445,stable_candidate,10.569,0.06599999999999895,2.064064444444446,2.064064444444446
2026-01-28 22:01:00+00:00,15,D_full,ridge,test,8.689,10.722972237613945,startup_shutdown_candidate,10.466,0.005000000000000782,2.033972237613945,2.033972237613945
2026-01-28 21:58:00+00:00,15,D_full,ridge,test,8.696,10.727582354427499,startup_shutdown_candidate,10.458,0.004999999999999005,2.031582354427499,2.031582354427499
2026-01-29 06:49:00+00:00,15,D_full,extra_trees,test,8.979,11.00360555555556,stable_candidate,10.569,0.06599999999999895,2.02460555555556,2.02460555555556
2026-01-28 21:49:00+00:00,15,D_full,ridge,test,8.681,10.699716058854774,startup_shutdown_candidate,10.432,0.009000000000000341,2.018716058854775,2.018716058854775
2026-01-28 21:48:00+00:00,15,B_temporal,ridge,test,8.692,10.686604363637805,startup_shutdown_candidate,10.441,0.0470000000000006,1.994604363637805,1.994604363637805
2026-01-28 21:49:00+00:00,15,B_temporal,ridge,test,8.681,10.66067363417768,startup_shutdown_candidate,10.432,0.009000000000000341,1.979673634177681,1.979673634177681
2026-01-28 21:47:00+00:00,15,B_temporal,ridge,test,8.697,10.67116500663727,startup_shutdown_candidate,10.394,0.026999999999999247,1.9741650066372713,1.9741650066372713
2026-01-28 21:52:00+00:00,15,B_temporal,ridge,test,8.737,10.704408070469352,startup_shutdown_candidate,10.471,0.012000000000000455,1.967408070469352,1.967408070469352
2026-01-28 21:53:00+00:00,15,B_temporal,ridge,test,8.693,10.659138907340871,startup_shutdown_candidate,10.477,0.006000000000000227,1.9661389073408717,1.9661389073408717
2026-01-29 06:49:00+00:00,15,B_temporal,ridge,test,8.979,10.91767640394979,stable_candidate,10.569,0.06599999999999895,1.9386764039497901,1.9386764039497901
2026-01-28 21:50:00+00:00,15,B_temporal,ridge,test,8.732,10.67063825335341,startup_shutdown_candidate,10.466,0.03399999999999892,1.9386382533534103,1.9386382533534103
2026-01-31 03:53:00+00:00,15,C_process,extra_trees,test,13.356,11.420593253968253,missing_sensor_candidate,11.774,0.0519999999999996,-1.935406746031747,1.935406746031747
2026-01-28 21:57:00+00:00,15,C_process,ridge,test,8.647,10.576821209677979,startup_shutdown_candidate,10.463,0.027999999999998693,1.9298212096779785,1.9298212096779785
2026-01-31 03:53:00+00:00,15,B_temporal,ridge,test,13.356,11.429502960355647,missing_sensor_candidate,11.774,0.0519999999999996,-1.926497039644353,1.926497039644353
2026-01-28 21:54:00+00:00,15,C_process,ridge,test,8.708,10.596071001899944,startup_shutdown_candidate,10.449,0.02800000000000047,1.8880710018999434,1.8880710018999434
2026-01-28 21:57:00+00:00,15,C_process,hist_gradient_boosting,test,8.647,10.528708149835897,startup_shutdown_candidate,10.463,0.027999999999998693,1.8817081498358963,1.8817081498358963
2026-01-28 21:58:00+00:00,15,C_process,ridge,test,8.696,10.575170414807653,startup_shutdown_candidate,10.458,0.004999999999999005,1.8791704148076533,1.8791704148076533
2026-01-31 03:53:00+00:00,15,C_process,ridge,test,13.356,11.497384067307665,missing_sensor_candidate,11.774,0.0519999999999996,-1.8586159326923344,1.8586159326923344
2026-01-28 21:57:00+00:00,15,D_full,extra_trees,test,8.647,10.5046,startup_shutdown_candidate,10.463,0.027999999999998693,1.8575999999999997,1.8575999999999997
2026-01-28 22:39:00+00:00,15,A_raw,ridge,test,11.818,9.96627601751108,abnormal_target_candidate,9.466,0.09499999999999886,-1.8517239824889202,1.8517239824889202
2026-01-28 21:49:00+00:00,15,C_process,hist_gradient_boosting,test,8.681,10.528708149835897,startup_shutdown_candidate,10.432,0.009000000000000341,1.8477081498358974,1.8477081498358974
2026-01-28 22:01:00+00:00,15,C_process,hist_gradient_boosting,test,8.689,10.528708149835897,startup_shutdown_candidate,10.466,0.005000000000000782,1.8397081498358965,1.8397081498358965
2026-01-28 21:48:00+00:00,15,C_process,hist_gradient_boosting,test,8.692,10.528708149835897,startup_shutdown_candidate,10.441,0.0470000000000006,1.8367081498358964,1.8367081498358964
2026-01-28 21:53:00+00:00,15,C_process,hist_gradient_boosting,test,8.693,10.528708149835897,startup_shutdown_candidate,10.477,0.006000000000000227,1.835708149835897,1.835708149835897
2026-01-28 21:58:00+00:00,15,C_process,hist_gradient_boosting,test,8.696,10.528708149835897,startup_shutdown_candidate,10.458,0.004999999999999005,1.8327081498358968,1.8327081498358968
2026-01-28 21:47:00+00:00,15,C_process,hist_gradient_boosting,test,8.697,10.528708149835897,startup_shutdown_candidate,10.394,0.026999999999999247,1.8317081498358974,1.8317081498358974
2026-01-28 22:01:00+00:00,15,C_process,ridge,test,8.689,10.519052844410457,startup_shutdown_candidate,10.466,0.005000000000000782,1.8300528444104565,1.8300528444104565
2026-01-28 21:49:00+00:00,15,B_temporal,hist_gradient_boosting,test,8.681,10.505989620182293,startup_shutdown_candidate,10.432,0.009000000000000341,1.8249896201822935,1.8249896201822935
2026-01-28 21:54:00+00:00,15,C_process,hist_gradient_boosting,test,8.708,10.528708149835897,startup_shutdown_candidate,10.449,0.02800000000000047,1.8207081498358964,1.8207081498358964
2026-01-28 21:57:00+00:00,15,B_temporal,ridge,test,8.647,10.463952440498401,startup_shutdown_candidate,10.463,0.027999999999998693,1.816952440498401,1.816952440498401
2026-01-28 21:48:00+00:00,15,B_temporal,hist_gradient_boosting,test,8.692,10.505989620182293,startup_shutdown_candidate,10.441,0.0470000000000006,1.8139896201822925,1.8139896201822925
2026-01-28 21:58:00+00:00,15,D_full,extra_trees,test,8.696,10.508661111111111,startup_shutdown_candidate,10.458,0.004999999999999005,1.8126611111111117,1.8126611111111117
2026-01-28 21:13:00+00:00,15,A_raw,hist_gradient_boosting,test,8.679,10.489365512143388,abnormal_target_candidate,10.123,0.03599999999999959,1.8103655121433881,1.8103655121433881
2026-01-28 21:47:00+00:00,15,B_temporal,hist_gradient_boosting,test,8.697,10.505989620182293,startup_shutdown_candidate,10.394,0.026999999999999247,1.8089896201822935,1.8089896201822935
2026-01-28 22:01:00+00:00,15,D_full,extra_trees,test,8.689,10.496711111111113,startup_shutdown_candidate,10.466,0.005000000000000782,1.8077111111111126,1.8077111111111126
2026-01-28 21:10:00+00:00,15,A_raw,hist_gradient_boosting,test,8.687,10.489365512143388,abnormal_target_candidate,10.02,0.03599999999999959,1.802365512143389,1.802365512143389
2026-01-31 03:53:00+00:00,15,A_raw,ridge,test,13.356,11.558340437970568,missing_sensor_candidate,11.774,0.0519999999999996,-1.7976595620294322,1.7976595620294322
2026-01-28 21:50:00+00:00,15,C_process,hist_gradient_boosting,test,8.732,10.528708149835897,startup_shutdown_candidate,10.466,0.03399999999999892,1.7967081498358972,1.7967081498358972
2026-01-28 21:49:00+00:00,15,D_full,extra_trees,test,8.681,10.4772,startup_shutdown_candidate,10.432,0.009000000000000341,1.7962000000000007,1.7962000000000007
2026-01-28 21:48:00+00:00,15,D_full,extra_trees,test,8.692,10.4879,startup_shutdown_candidate,10.441,0.0470000000000006,1.7958999999999996,1.7958999999999996
2026-01-28 21:53:00+00:00,15,B_temporal,hist_gradient_boosting,test,8.693,10.48789234603017,startup_shutdown_candidate,10.477,0.006000000000000227,1.7948923460301707,1.7948923460301707
2026-01-28 21:57:00+00:00,15,A_raw,ridge,test,8.647,10.440225715453268,startup_shutdown_candidate,10.463,0.027999999999998693,1.7932257154532678,1.7932257154532678
2026-01-28 21:54:00+00:00,15,D_full,extra_trees,test,8.708,10.499466666666665,startup_shutdown_candidate,10.449,0.02800000000000047,1.7914666666666648,1.7914666666666648
2026-01-28 21:57:00+00:00,15,B_temporal,extra_trees,test,8.647,10.426938888888888,startup_shutdown_candidate,10.463,0.027999999999998693,1.7799388888888874,1.7799388888888874
2026-01-28 21:57:00+00:00,15,B_temporal,hist_gradient_boosting,test,8.647,10.42614491206945,startup_shutdown_candidate,10.463,0.027999999999998693,1.7791449120694498,1.7791449120694498
2026-01-28 21:50:00+00:00,15,B_temporal,hist_gradient_boosting,test,8.732,10.505989620182293,startup_shutdown_candidate,10.466,0.03399999999999892,1.7739896201822933,1.7739896201822933
2026-01-28 21:13:00+00:00,15,B_temporal,hist_gradient_boosting,test,8.679,10.452563461922695,abnormal_target_candidate,10.123,0.03599999999999959,1.773563461922695,1.773563461922695
2026-01-28 22:07:00+00:00,15,A_raw,ridge,test,8.661,10.43230025705714,abnormal_target_candidate,8.737,1.6739999999999995,1.7713002570571401,1.7713002570571401
2026-01-28 21:10:00+00:00,15,B_temporal,hist_gradient_boosting,test,8.687,10.452563461922695,abnormal_target_candidate,10.02,0.03599999999999959,1.7655634619226959,1.7655634619226959
2026-01-28 21:57:00+00:00,15,A_raw,hist_gradient_boosting,test,8.647,10.404468963324412,startup_shutdown_candidate,10.463,0.027999999999998693,1.7574689633244116,1.7574689633244116
2026-01-28 21:13:00+00:00,15,D_full,extra_trees,test,8.679,10.436044444444441,abnormal_target_candidate,10.123,0.03599999999999959,1.7570444444444409,1.7570444444444409
2026-01-28 21:52:00+00:00,15,C_process,ridge,test,8.737,10.493900680965424,startup_shutdown_candidate,10.471,0.012000000000000455,1.7569006809654244,1.7569006809654244
2026-01-28 22:50:00+00:00,15,B_temporal,extra_trees,test,10.98,12.732944444444444,ordinary,10.563,0.15399999999999991,1.7529444444444433,1.7529444444444433
2026-01-28 22:01:00+00:00,15,B_temporal,extra_trees,test,8.689,10.441522222222222,startup_shutdown_candidate,10.466,0.005000000000000782,1.7525222222222219,1.7525222222222219
2026-01-28 21:52:00+00:00,15,B_temporal,hist_gradient_boosting,test,8.737,10.48789234603017,startup_shutdown_candidate,10.471,0.012000000000000455,1.7508923460301702,1.7508923460301702
2026-01-28 21:47:00+00:00,15,D_full,extra_trees,test,8.697,10.447822222222223,startup_shutdown_candidate,10.394,0.026999999999999247,1.750822222222224,1.750822222222224
2026-01-28 21:09:00+00:00,15,A_raw,hist_gradient_boosting,test,8.74,10.489365512143388,abnormal_target_candidate,9.984,0.005000000000000782,1.7493655121433882,1.7493655121433882
2026-01-28 22:01:00+00:00,15,A_raw,ridge,test,8.689,10.437981103908651,startup_shutdown_candidate,10.466,0.005000000000000782,1.7489811039086511,1.7489811039086511
2026-01-28 21:58:00+00:00,15,A_raw,ridge,test,8.696,10.443469358326878,startup_shutdown_candidate,10.458,0.004999999999999005,1.747469358326878,1.747469358326878
2026-01-28 22:12:00+00:00,15,A_raw,hist_gradient_boosting,test,8.659,10.404468963324412,abnormal_target_candidate,8.647,1.641,1.7454689633244111,1.7454689633244111
2026-01-28 22:07:00+00:00,15,A_raw,hist_gradient_boosting,test,8.661,10.404468963324412,abnormal_target_candidate,8.737,1.6739999999999995,1.7434689633244123,1.7434689633244123
2026-01-31 03:53:00+00:00,15,B_temporal,extra_trees,test,13.356,11.613538888888888,missing_sensor_candidate,11.774,0.0519999999999996,-1.742461111111112,1.742461111111112
2026-01-28 21:48:00+00:00,15,A_raw,extra_trees,test,8.692,10.433528055555554,startup_shutdown_candidate,10.441,0.0470000000000006,1.7415280555555537,1.7415280555555537
2026-01-28 22:11:00+00:00,15,A_raw,hist_gradient_boosting,test,8.663,10.404468963324412,startup_shutdown_candidate,10.288,0.004999999999999005,1.7414689633244116,1.7414689633244116
2026-01-28 21:57:00+00:00,15,A_raw,extra_trees,test,8.647,10.387113174603176,startup_shutdown_candidate,10.463,0.027999999999998693,1.7401131746031755,1.7401131746031755
2026-01-28 22:09:00+00:00,15,A_raw,hist_gradient_boosting,test,8.669,10.404468963324412,abnormal_target_candidate,8.708,0.015000000000000568,1.7354689633244114,1.7354689633244114
2026-01-28 22:10:00+00:00,15,A_raw,hist_gradient_boosting,test,8.671,10.404468963324412,transition_candidate,10.293,1.584999999999999,1.7334689633244125,1.7334689633244125
2026-01-28 21:54:00+00:00,15,A_raw,ridge,test,8.708,10.441334705519584,startup_shutdown_candidate,10.449,0.02800000000000047,1.7333347055195834,1.7333347055195834
2026-01-28 21:50:00+00:00,15,C_process,ridge,test,8.732,10.463867834010687,startup_shutdown_candidate,10.466,0.03399999999999892,1.7318678340106874,1.7318678340106874
2026-01-28 21:53:00+00:00,15,B_temporal,extra_trees,test,8.693,10.419266666666665,startup_shutdown_candidate,10.477,0.006000000000000227,1.7262666666666657,1.7262666666666657
2026-01-28 22:06:00+00:00,15,A_raw,ridge,test,8.678,10.40221280597373,transition_candidate,10.411,1.6790000000000003,1.72421280597373,1.72421280597373
2026-01-31 03:53:00+00:00,15,A_raw,extra_trees,test,13.356,11.63497873015873,missing_sensor_candidate,11.774,0.0519999999999996,-1.7210212698412697,1.7210212698412697
2026-01-28 21:13:00+00:00,15,C_process,extra_trees,test,8.679,10.399447936507935,abnormal_target_candidate,10.123,0.03599999999999959,1.7204479365079344,1.7204479365079344
2026-01-28 21:52:00+00:00,15,D_full,extra_trees,test,8.737,10.4556,startup_shutdown_candidate,10.471,0.012000000000000455,1.7186000000000003,1.7186000000000003
2026-01-28 21:52:00+00:00,15,B_temporal,extra_trees,test,8.737,10.449094444444443,startup_shutdown_candidate,10.471,0.012000000000000455,1.7120944444444426,1.7120944444444426
2026-01-28 21:53:00+00:00,15,C_process,ridge,test,8.693,10.404176836247556,startup_shutdown_candidate,10.477,0.006000000000000227,1.7111768362475566,1.7111768362475566
2026-01-28 21:49:00+00:00,15,D_full,hist_gradient_boosting,test,8.681,10.386714238141378,startup_shutdown_candidate,10.432,0.009000000000000341,1.705714238141379,1.705714238141379
2026-01-28 21:58:00+00:00,15,B_temporal,extra_trees,test,8.696,10.394066666666667,startup_shutdown_candidate,10.458,0.004999999999999005,1.6980666666666675,1.6980666666666675
2026-01-28 21:54:00+00:00,15,B_temporal,extra_trees,test,8.708,10.404716666666667,startup_shutdown_candidate,10.449,0.02800000000000047,1.696716666666667,1.696716666666667
2026-01-28 21:53:00+00:00,15,D_full,hist_gradient_boosting,test,8.693,10.386714238141378,startup_shutdown_candidate,10.477,0.006000000000000227,1.6937142381413786,1.6937142381413786
2026-01-28 21:49:00+00:00,15,A_raw,extra_trees,test,8.681,10.37243873015873,startup_shutdown_candidate,10.432,0.009000000000000341,1.6914387301587315,1.6914387301587315
2026-01-28 21:09:00+00:00,15,C_process,ridge,test,8.74,10.420483941866177,abnormal_target_candidate,9.984,0.005000000000000782,1.6804839418661768,1.6804839418661768
2026-01-28 21:50:00+00:00,15,B_temporal,extra_trees,test,8.732,10.402855555555554,startup_shutdown_candidate,10.466,0.03399999999999892,1.6708555555555549,1.6708555555555549
2026-01-28 22:01:00+00:00,15,A_raw,extra_trees,test,8.689,10.357614404761904,startup_shutdown_candidate,10.466,0.005000000000000782,1.6686144047619038,1.6686144047619038
2026-01-31 03:53:00+00:00,15,D_full,hist_gradient_boosting,test,13.356,11.698473160859729,missing_sensor_candidate,11.774,0.0519999999999996,-1.6575268391402709,1.6575268391402709
2026-01-28 21:50:00+00:00,15,D_full,hist_gradient_boosting,test,8.732,10.386714238141378,startup_shutdown_candidate,10.466,0.03399999999999892,1.6547142381413789,1.6547142381413789
2026-01-28 21:54:00+00:00,15,A_raw,extra_trees,test,8.708,10.358568095238097,startup_shutdown_candidate,10.449,0.02800000000000047,1.6505680952380963,1.6505680952380963
2026-01-28 21:53:00+00:00,15,A_raw,extra_trees,test,8.693,10.336913015873018,startup_shutdown_candidate,10.477,0.006000000000000227,1.643913015873018,1.643913015873018
2026-01-28 21:58:00+00:00,15,A_raw,extra_trees,test,8.696,10.338794603174602,startup_shutdown_candidate,10.458,0.004999999999999005,1.6427946031746021,1.6427946031746021
2026-01-28 21:52:00+00:00,15,A_raw,extra_trees,test,8.737,10.379288174603177,startup_shutdown_candidate,10.471,0.012000000000000455,1.642288174603177,1.642288174603177
2026-01-28 21:13:00+00:00,15,D_full,hist_gradient_boosting,test,8.679,10.319758212615383,abnormal_target_candidate,10.123,0.03599999999999959,1.640758212615383,1.640758212615383
2026-01-28 21:52:00+00:00,15,D_full,hist_gradient_boosting,test,8.737,10.372600662535609,startup_shutdown_candidate,10.471,0.012000000000000455,1.6356006625356088,1.6356006625356088
2026-01-28 22:01:00+00:00,15,C_process,extra_trees,test,8.689,10.31288642857143,startup_shutdown_candidate,10.466,0.005000000000000782,1.6238864285714296,1.6238864285714296
2026-01-29 14:18:00+00:00,15,D_full,hist_gradient_boosting,test,12.601,10.993924704628979,missing_sensor_candidate,10.829,0.09399999999999942,-1.607075295371022,1.607075295371022
2026-01-28 21:57:00+00:00,15,C_process,extra_trees,test,8.647,10.226013095238095,startup_shutdown_candidate,10.463,0.027999999999998693,1.5790130952380945,1.5790130952380945
2026-01-28 21:48:00+00:00,15,C_process,extra_trees,test,8.692,10.252327698412698,startup_shutdown_candidate,10.441,0.0470000000000006,1.5603276984126975,1.5603276984126975
2026-01-28 21:49:00+00:00,15,C_process,extra_trees,test,8.681,10.231299841269841,startup_shutdown_candidate,10.432,0.009000000000000341,1.550299841269842,1.550299841269842
2026-01-31 18:17:00+00:00,15,C_process,extra_trees,test,12.693,11.147303492063493,stable_candidate,10.803,0.019999999999999574,-1.5456965079365066,1.5456965079365066
2026-01-28 21:10:00+00:00,15,C_process,extra_trees,test,8.687,10.208886507936507,abnormal_target_candidate,10.02,0.03599999999999959,1.5218865079365074,1.5218865079365074
2026-01-28 21:58:00+00:00,15,C_process,extra_trees,test,8.696,10.21573222222222,startup_shutdown_candidate,10.458,0.004999999999999005,1.5197322222222205,1.5197322222222205
