feature,formula,involved_variables,expected_interpretation,assumptions,validation_status,permutation_importance_mean,permutation_importance_std
ACID_TO_PHOSPHATE_RATIO,(acid_1 + acid_2) / (ground_phosphate + epsilon),FLOW_RATE_PHOSPHORIC_ACID_1; FLOW_RATE_PHOSPHORIC_ACID_2; FLOW_RATE_GROUND_PHOSPHATE,Feed-ratio proxy related to acidulation conditions.,Flow units/bases are compatible; not a stoichiometric ratio without composition data.,provisional,0.03860809885912836,0.0011942745776766794
TOTAL_ACID_FLOW,acid_1 + acid_2,FLOW_RATE_PHOSPHORIC_ACID_1; FLOW_RATE_PHOSPHORIC_ACID_2,Combined phosphoric-acid feed across both lines.,The two acid lines are confirmed additive; their engineering unit still requires confirmation.,aggregation_confirmed_units_pending,0.011840941747111755,0.00045121870222342153
ACID_FLOW_IMBALANCE,|acid_1 - acid_2|,FLOW_RATE_PHOSPHORIC_ACID_1; FLOW_RATE_PHOSPHORIC_ACID_2,Magnitude of line imbalance.,The lines are comparable and imbalance is operationally meaningful.,provisional,0.0010694524464011923,8.983481630511769e-05
HOT_AIR_DRYER_OUTLET_GRADIENT,T_hot_air - T_dryer_outlet_gas,TEMPERATURE_AIR_CHAUD; TEMPERATURE_GAZ_SORTIE_SECHEUR,Dryer thermal-driving-force proxy.,Temperatures correspond to the same dryer train.,provisional,0.00027823610797472753,5.683973809400555e-06
STEAM_SLURRY_TEMP_GRADIENT,T_steam - T_slurry,TEMPERATURE_VAPEUR; TEMPERATURE_SLURRY_PULVERISATEUR,Available temperature-gap proxy.,Steam/slurry tags belong to the relevant heat-transfer path.,provisional,0.00013337632295393198,1.2448636412532021e-06
FLOW_RATE_PHOSPHORIC_ACID_1_CV_10,rolling_std_10(FLOW_RATE_PHOSPHORIC_ACID_1) / (|rolling_mean_10(FLOW_RATE_PHOSPHORIC_ACID_1)| + epsilon),FLOW_RATE_PHOSPHORIC_ACID_1,Scale-normalized ten-minute flow instability.,Mean magnitude away from zero; extreme proxy values are clipped below.,provisional,3.053930618693301e-05,1.2574118990776872e-05
STEAM_ENERGY_PROXY,steam_pressure * steam_temperature,PRESSURE_VAPEUR; TEMPERATURE_VAPEUR,"Steam-condition proxy, not energy or enthalpy.",Tags refer to the same steam supply; units remain unconverted.,provisional,2.727177415062787e-05,9.02561522636014e-05
FLOW_RATE_GROUND_PHOSPHATE_CV_10,rolling_std_10(FLOW_RATE_GROUND_PHOSPHATE) / (|rolling_mean_10(FLOW_RATE_GROUND_PHOSPHATE)| + epsilon),FLOW_RATE_GROUND_PHOSPHATE,Scale-normalized ten-minute flow instability.,Mean magnitude away from zero; extreme proxy values are clipped below.,provisional,-2.323962995220974e-05,2.5621859629954002e-05
FLOW_RATE_FIOUL_CV_10,rolling_std_10(FLOW_RATE_FIOUL) / (|rolling_mean_10(FLOW_RATE_FIOUL)| + epsilon),FLOW_RATE_FIOUL,Scale-normalized ten-minute flow instability.,Mean magnitude away from zero; extreme proxy values are clipped below.,provisional,-5.1032466252293185e-05,2.6150255679119327e-05
FLOW_RATE_VAPEUR_CV_10,rolling_std_10(FLOW_RATE_VAPEUR) / (|rolling_mean_10(FLOW_RATE_VAPEUR)| + epsilon),FLOW_RATE_VAPEUR,Scale-normalized ten-minute flow instability.,Mean magnitude away from zero; extreme proxy values are clipped below.,provisional,-6.813285975898475e-05,2.975931018689426e-05
FLOW_RATE_PHOSPHORIC_ACID_2_CV_10,rolling_std_10(FLOW_RATE_PHOSPHORIC_ACID_2) / (|rolling_mean_10(FLOW_RATE_PHOSPHORIC_ACID_2)| + epsilon),FLOW_RATE_PHOSPHORIC_ACID_2,Scale-normalized ten-minute flow instability.,Mean magnitude away from zero; extreme proxy values are clipped below.,provisional,-0.0001320166327325456,6.947128690987237e-05
ATTACK_PASSAGE_TEMP_GRADIENT,T_attack - T_passage,TEMPERATURE_CUVE_ATTAQUE; TEMPERATURE_CUVE_DE_PASSAGE,Thermal change between reaction vessels.,Sensors are comparable and process direction is attack to passage.,provisional,-0.00030695428608670805,7.923836090203973e-05
SLURRY_DENSITY_PROXY,slurry_t_per_h / (slurry_m3_1 + slurry_m3_2 + epsilon),FLOW_RATE_SLURRY_T_PER_HR; FLOW_RATE_SLURRY_M3_HR; FLOW_RATE_SLURRY_M3_HR_2,Apparent slurry mass-per-volume proxy using total volumetric flow.,The two volumetric tags are confirmed additive in m3/h; confirm that the t/h tag represents the same combined stream.,requires_mass_stream_validation,-0.00031422204262768205,0.0003243223531327055
TOTAL_SLURRY_M3_FLOW,slurry_m3_1 + slurry_m3_2,FLOW_RATE_SLURRY_M3_HR; FLOW_RATE_SLURRY_M3_HR_2,Confirmed total slurry volumetric flow in m3/h.,Both tags are confirmed additive components with the same m3/h unit.,confirmed_m3_per_h_aggregation,-0.0003272900031852377,0.00015871622089622117
RECYCLE_TO_PRODUCTION_RATIO,recycle / (production + epsilon),RECYCLAGE; PRODUCTION_TSP_BALANCE,Recycle-intensity proxy.,Recycle and production tags use compatible mass/time bases.,requires_unit_validation,-0.0006984467267198424,2.027085359121439e-05
DRYING_INTENSITY_PROXY,fuel_flow * (T_hot_air - T_outlet) / (|dryer_depression| + epsilon),FLOW_RATE_FIOUL; TEMPERATURE_AIR_CHAUD; TEMPERATURE_GAZ_SORTIE_SECHEUR; DEPRESSURE_SECHEUR,Composite burner/load/draft indicator.,Signs and units are not thermodynamically normalized; engineering review required.,requires_engineering_validation,-0.0013185952965669712,0.00030784071669925916
