timestamp,split,feature_set,model,actual,prediction,drift_score,outside_training_envelope,lower_90,upper_90,covered_90,absolute_error,target_range
2026-01-28 21:24:00+00:00,test,D_full,ridge,8.74,11.67511666196878,3.9430710947809056,True,11.167623449506815,12.182609874430744,False,2.935116661968779,"(3.391, 10.725]"
2026-01-28 22:02:00+00:00,test,D_full,ridge,8.697,10.750991736738113,3.4021384445535614,False,10.243498524276148,11.258484949200078,False,2.053991736738114,"(3.391, 10.725]"
2026-01-29 07:04:00+00:00,test,D_full,ridge,8.979,10.861625179033334,0.6079607090062916,False,10.35413196657137,11.369118391495299,False,1.8826251790333348,"(3.391, 10.725]"
2026-01-31 04:08:00+00:00,test,D_full,ridge,13.356,11.631484797368707,1.2502581250017226,False,11.123991584906742,12.138978009830671,False,1.7245152026312933,"(11.888, 52.671]"
2026-01-28 22:03:00+00:00,test,D_full,ridge,8.692,10.41543481603852,3.7093221513096872,True,9.907941603576555,10.922928028500484,False,1.7234348160385196,"(3.391, 10.725]"
2026-01-31 18:32:00+00:00,test,D_full,ridge,12.693,11.00239077253427,0.7296428281881095,False,10.494897560072305,11.509883984996234,False,1.69060922746573,"(11.888, 52.671]"
2026-01-30 07:58:00+00:00,test,D_full,ridge,12.767,11.164907811651995,0.8404768632223429,False,10.65741459919003,11.67240102411396,False,1.6020921883480046,"(11.888, 52.671]"
2026-01-28 22:04:00+00:00,test,D_full,ridge,8.681,10.280205569796596,3.6330116906847447,False,9.772712357334632,10.78769878225856,False,1.599205569796597,"(3.391, 10.725]"
2026-01-30 04:43:00+00:00,test,D_full,ridge,10.036,11.481789479569104,1.0570142906428899,False,10.974296267107139,11.989282692031068,False,1.445789479569104,"(3.391, 10.725]"
2026-01-29 14:33:00+00:00,test,D_full,ridge,12.601,11.18742005488856,0.6623478366548787,False,10.679926842426596,11.694913267350525,False,1.4135799451114401,"(11.888, 52.671]"
2026-01-28 01:52:00+00:00,test,D_full,ridge,10.911,12.193531890487835,1.157532638681981,False,11.68603867802587,12.7010251029498,False,1.2825318904878351,"(10.725, 11.023]"
2026-01-28 01:51:00+00:00,test,D_full,ridge,11.065,12.32083380134227,1.155574028205694,False,11.813340588880305,12.828327013804234,False,1.2558338013422699,"(11.023, 11.335]"
2026-01-31 00:59:00+00:00,test,D_full,ridge,13.097,11.856009693513435,1.0408522690569322,False,11.34851648105147,12.3635029059754,False,1.2409903064865642,"(11.888, 52.671]"
2026-01-28 01:45:00+00:00,test,D_full,ridge,11.072,12.303542185449585,1.173710679935388,False,11.79604897298762,12.81103539791155,False,1.2315421854495856,"(11.023, 11.335]"
2026-01-28 02:00:00+00:00,test,D_full,ridge,11.315,12.543032434927806,1.1619848499273056,False,12.035539222465841,13.05052564738977,False,1.2280324349278064,"(11.023, 11.335]"
2026-01-28 02:01:00+00:00,test,D_full,ridge,11.243,12.44264959672404,1.1510104531015308,False,11.935156384262076,12.950142809186005,False,1.19964959672404,"(11.023, 11.335]"
2026-01-28 22:22:00+00:00,test,D_full,ridge,8.661,9.850222943773252,3.9642356042109026,True,9.342729731311287,10.357716156235217,False,1.1892229437732524,"(3.391, 10.725]"
2026-01-28 01:48:00+00:00,test,D_full,ridge,11.217,12.377743692893569,1.1606239816151311,False,11.870250480431604,12.885236905355534,False,1.1607436928935684,"(11.023, 11.335]"
2026-01-28 02:12:00+00:00,test,D_full,ridge,11.143,12.288623313639613,1.4346847433273457,False,11.781130101177649,12.796116526101578,False,1.1456233136396126,"(11.023, 11.335]"
2026-01-28 01:49:00+00:00,test,D_full,ridge,11.283,12.422088573733815,1.162949883655542,False,11.91459536127185,12.92958178619578,False,1.1390885737338152,"(11.023, 11.335]"
2026-01-28 01:53:00+00:00,test,D_full,ridge,11.09,12.228339998279571,1.1427319688171247,False,11.720846785817606,12.735833210741536,False,1.1383399982795712,"(11.023, 11.335]"
2026-01-28 22:25:00+00:00,test,D_full,ridge,8.671,9.773591777257689,4.146777938372003,True,9.266098564795724,10.281084989719654,False,1.1025917772576896,"(3.391, 10.725]"
2026-01-28 01:46:00+00:00,test,D_full,ridge,11.325,12.417651226731811,1.1572750630386537,False,11.910158014269847,12.925144439193776,False,1.092651226731812,"(11.023, 11.335]"
2026-01-28 02:07:00+00:00,test,D_full,ridge,11.04,12.127843191711525,1.1546531998014917,False,11.62034997924956,12.63533640417349,False,1.087843191711526,"(11.023, 11.335]"
2026-01-28 01:32:00+00:00,test,D_full,ridge,11.124,12.20925815444609,1.1827178387695723,False,11.701764941984125,12.716751366908055,False,1.0852581544460893,"(11.023, 11.335]"
2026-01-28 01:55:00+00:00,test,D_full,ridge,11.311,12.39270361976411,1.1420520712028868,False,11.885210407302145,12.900196832226074,False,1.0817036197641094,"(11.023, 11.335]"
2026-01-28 01:50:00+00:00,test,D_full,ridge,11.25,12.326806061381134,1.1685289213627492,False,11.81931284891917,12.834299273843099,False,1.0768060613811343,"(11.023, 11.335]"
2026-01-28 02:13:00+00:00,test,D_full,ridge,11.229,12.301835100025148,1.155796205637677,False,11.794341887563183,12.809328312487112,False,1.0728351000251486,"(11.023, 11.335]"
2026-01-28 01:56:00+00:00,test,D_full,ridge,11.196,12.267347202094692,1.169467639044889,False,11.759853989632727,12.774840414556657,False,1.0713472020946924,"(11.023, 11.335]"
2026-01-31 04:48:00+00:00,test,D_full,ridge,11.755,10.689101188718778,1.542884516164225,False,10.181607976256814,11.196594401180743,False,1.0658988112812224,"(11.634, 11.888]"
