model,candidate,parameters
ridge,1,"{""alpha"": 1.0}"
ridge,2,"{""alpha"": 10.0}"
pls,1,"{""n_components"": 5}"
pls,2,"{""n_components"": 10}"
knn_local,1,"{""n_neighbors"": 25, ""weights"": ""distance""}"
knn_local,2,"{""n_neighbors"": 75, ""weights"": ""distance""}"
extra_trees,1,"{""n_estimators"": 60, ""min_samples_leaf"": 2, ""max_features"": 0.8}"
extra_trees,2,"{""n_estimators"": 60, ""min_samples_leaf"": 5, ""max_features"": 0.7}"
hist_gradient,1,"{""max_iter"": 80, ""learning_rate"": 0.05, ""max_leaf_nodes"": 15}"
hist_gradient,2,"{""max_iter"": 80, ""learning_rate"": 0.08, ""max_leaf_nodes"": 31}"
xgboost,1,"{""n_estimators"": 150, ""max_depth"": 4, ""learning_rate"": 0.05, ""subsample"": 0.8, ""colsample_bytree"": 0.8}"
xgboost,2,"{""n_estimators"": 150, ""max_depth"": 6, ""learning_rate"": 0.05, ""subsample"": 0.8, ""colsample_bytree"": 0.8}"
lightgbm,1,"{""n_estimators"": 150, ""num_leaves"": 15, ""learning_rate"": 0.05, ""min_child_samples"": 40}"
lightgbm,2,"{""n_estimators"": 150, ""num_leaves"": 31, ""learning_rate"": 0.05, ""min_child_samples"": 40}"
