candidate,space,components,neighbours,weighting,local_weight,mean_rmse,std_rmse,worst_rmse,mean_mae,mean_r2,mean_bias,total_seconds
global_blend,global,0,0,none,0.0,0.31905604323874126,0.0761867990240099,0.42360383881876607,0.25314692788267446,0.3799197916470378,0.06301719136223369,13.16663819923997
pls10_k500_uniform_w0.25,pls,10,500,uniform,0.25,0.32537724822902886,0.07986218526301664,0.43526564247655025,0.26077208281729825,0.3568794572767569,0.07187903626925837,22.436110499314964
pls10_k500_inverse_distance_w0.25,pls,10,500,inverse_distance,0.25,0.3254486920713219,0.07978105645652327,0.4351953808400092,0.260786941966372,0.356531105309417,0.07156196745335874,22.01288419868797
pls10_k250_uniform_w0.25,pls,10,250,uniform,0.25,0.3257613521493523,0.07967882821840129,0.43522814330973286,0.2608955367416524,0.35505750654517415,0.07056353122376202,21.384536900557578
pls10_k250_inverse_distance_w0.25,pls,10,250,inverse_distance,0.25,0.32582552658180824,0.07958311238903121,0.4351385721968629,0.260913663566696,0.35474284007038337,0.07027630542573401,20.960655199363828
pls10_k100_uniform_w0.25,pls,10,100,uniform,0.25,0.326221017497752,0.07912859811453381,0.4348379916090023,0.2610125550713049,0.35287179496731785,0.06879886398364876,20.220763199962676
pls10_k100_inverse_distance_w0.25,pls,10,100,inverse_distance,0.25,0.3262902490020302,0.07903627281788558,0.434754669279113,0.26104919807211363,0.3525403748079945,0.06855699483429017,20.603734300471842
pca20_k500_inverse_distance_w0.25,pca,20,500,inverse_distance,0.25,0.3263629693685775,0.08028562787870404,0.4391056034725612,0.26401562648977484,0.35357867388731234,0.0742010442488084,24.13137519918382
pca20_k500_uniform_w0.25,pca,20,500,uniform,0.25,0.32637198707866144,0.08030150106362352,0.43910953341382924,0.2640557227428476,0.35356712032466026,0.07428916502701041,24.166854898445308
pca20_k250_uniform_w0.25,pca,20,250,uniform,0.25,0.32639021185909123,0.08029649029137555,0.43931766665887056,0.2639437179802839,0.3534105657986657,0.07412895029064737,22.5119521971792
pca20_k250_inverse_distance_w0.25,pca,20,250,inverse_distance,0.25,0.32639893306562623,0.08027678292721568,0.4393230107889948,0.2639160436858903,0.35334617233511934,0.07404664019209768,22.501964198425412
pca20_k100_uniform_w0.25,pca,20,100,uniform,0.25,0.3266100728832299,0.08018839302704533,0.4396220883318381,0.2639111377687748,0.35234179185781334,0.07391263034343393,21.48024519905448
pca20_k100_inverse_distance_w0.25,pca,20,100,inverse_distance,0.25,0.3266393439552841,0.08018226605906167,0.43966341716719143,0.26390079849216797,0.35219396468058284,0.07384870673851228,21.149385198950768
pls5_k500_uniform_w0.25,pls,5,500,uniform,0.25,0.32733422085632147,0.07970801932384436,0.43594011822209044,0.2637211327546805,0.3494640968819702,0.06631561181141182,16.337442100048065
pls5_k500_inverse_distance_w0.25,pls,5,500,inverse_distance,0.25,0.32735845322940343,0.07940250485553026,0.43549512526526774,0.263709287783101,0.34926664168100896,0.06570829033527222,16.163394799456
pls5_k250_inverse_distance_w0.25,pls,5,250,inverse_distance,0.25,0.3277181845486276,0.07842286165115493,0.4343574623964339,0.2639046731481629,0.3474747797518137,0.06383676247758006,15.846920599229634
pls5_k250_uniform_w0.25,pls,5,250,uniform,0.25,0.32771941469804167,0.07870195751720263,0.4347889469901161,0.2639251379146447,0.347575687162223,0.0643438453386864,15.934806100092828
pls5_k100_inverse_distance_w0.25,pls,5,100,inverse_distance,0.25,0.3282029962209513,0.0770992685516828,0.4327979854463125,0.2642024617683248,0.345024323517458,0.061583676230654444,15.567363700829446
pls5_k100_uniform_w0.25,pls,5,100,uniform,0.25,0.32826018516350053,0.0772994240390421,0.4331727035986263,0.2642691686357349,0.34490087370006894,0.06193767520492974,15.547399300150573
pca10_k500_uniform_w0.25,pca,10,500,uniform,0.25,0.32851115542424886,0.07984643098933833,0.4417198659318623,0.26583268847198327,0.3450664666809333,0.07919836650814299,20.377746098674834
pca10_k500_inverse_distance_w0.25,pca,10,500,inverse_distance,0.25,0.3286728574051527,0.07976146980509524,0.44185118112309285,0.265955803082219,0.3443571749978328,0.07915988346262973,20.55103359837085
pca10_k250_uniform_w0.25,pca,10,250,uniform,0.25,0.32924899234688854,0.07949939829343794,0.4423902736668382,0.2663793855829939,0.3418446550230899,0.0794101279677453,20.11564529966563
pca10_k250_inverse_distance_w0.25,pca,10,250,inverse_distance,0.25,0.32941650151190455,0.07942619421767219,0.44251645964375413,0.2664994401348475,0.34111297825275755,0.07931416537841068,19.258663698099554
pca10_k100_uniform_w0.25,pca,10,100,uniform,0.25,0.3305358580080969,0.07909824957499859,0.44353439196282907,0.26732511547839594,0.33628614312787664,0.07917100111147798,19.29690649919212
pca10_k100_inverse_distance_w0.25,pca,10,100,inverse_distance,0.25,0.3306821286401508,0.07902296329524973,0.4436140357684111,0.26743039240478295,0.33564665480220185,0.07903158640367014,19.697296898812056
pls10_k500_uniform_w0.50,pls,10,500,uniform,0.5,0.33508951344551374,0.08307273086620078,0.4490172499289378,0.27091454640553814,0.3189037500136718,0.08074088117628304,22.436110499314964
pls10_k500_inverse_distance_w0.50,pls,10,500,inverse_distance,0.5,0.33516708146535146,0.08292158273495422,0.44884500698341634,0.27090512040465264,0.318505209205223,0.08010674354448374,22.01288419868797
pls10_k250_uniform_w0.50,pls,10,250,uniform,0.5,0.33571184663983,0.082685818857748,0.4488480669467454,0.27105333793285225,0.315954686572287,0.07810987108529036,21.384536900557578
pls10_k250_inverse_distance_w0.50,pls,10,250,inverse_distance,0.5,0.335818398077356,0.08248509793813738,0.4486524371173393,0.2710807647768189,0.31543193700516164,0.07753541948923431,20.960655199363828
pls10_k100_uniform_w0.50,pls,10,100,uniform,0.5,0.33674812053101644,0.08142443184664235,0.4480616168131169,0.27132280697632727,0.3111566681970497,0.07458053660506381,20.220763199962676
pls10_k100_inverse_distance_w0.50,pls,10,100,inverse_distance,0.5,0.3369052908933431,0.08121804794748469,0.44789894950833564,0.27142481909557037,0.3104147022817919,0.07409679830634663,20.603734300471842
pls5_k500_inverse_distance_w0.50,pls,5,500,inverse_distance,0.5,0.34231409386211326,0.08283050892635214,0.4526618649376762,0.2786640032474166,0.2891829884283886,0.0683993893083107,16.163394799456
pls5_k500_uniform_w0.50,pls,5,500,uniform,0.5,0.3423806406954515,0.08339242836254569,0.4535765474152351,0.27883005582496134,0.28903689258530235,0.06961403226058996,16.337442100048065
pls5_k250_inverse_distance_w0.50,pls,5,250,inverse_distance,0.5,0.342883011807074,0.08087715284216858,0.45037318708527396,0.278794991496721,0.28628555768508906,0.06465633359292638,15.846920599229634
pls5_k250_uniform_w0.50,pls,5,250,uniform,0.5,0.3429376493576992,0.08143207350492843,0.4512438708933862,0.2789081504151722,0.2862194580818763,0.06567049931513912,15.934806100092828
pls5_k100_inverse_distance_w0.50,pls,5,100,inverse_distance,0.5,0.3439326061108212,0.07811183564047883,0.44737250833468084,0.27932290311784497,0.2810094916843615,0.060150161099075165,15.567363700829446
pls5_k100_uniform_w0.50,pls,5,100,uniform,0.5,0.34404093185157286,0.07854037893042093,0.4481154588800616,0.2794640326285635,0.2807450860678766,0.060858159047625766,15.547399300150573
pca20_k250_inverse_distance_w0.50,pca,20,250,inverse_distance,0.5,0.3447008300503719,0.0829011567606955,0.4630766497392418,0.2819109799791016,0.2794520496405072,0.08507608902196166,22.501964198425412
pca20_k250_uniform_w0.50,pca,20,250,uniform,0.5,0.3447397505807152,0.08289870011450028,0.46305623639927235,0.28198287943517164,0.2793201165059621,0.08524070921906103,22.5119521971792
pca20_k500_inverse_distance_w0.50,pca,20,500,inverse_distance,0.5,0.344760752615361,0.08272611521176455,0.4625163161359829,0.28219651995318107,0.27928212509604944,0.08538489713538311,24.13137519918382
pca20_k500_uniform_w0.50,pca,20,500,uniform,0.5,0.3448500862867172,0.08270667982981757,0.46251915257033155,0.28232328703979376,0.2789262162791368,0.08556113869178714,24.166854898445308
pca20_k100_uniform_w0.50,pca,20,100,uniform,0.5,0.34510918969362236,0.08293643534036263,0.463930235315602,0.2819799953208605,0.2775526509032157,0.08480806932463412,21.48024519905448
pca20_k100_inverse_distance_w0.50,pca,20,100,inverse_distance,0.5,0.34514735493010434,0.0829453698148876,0.46403436902362055,0.2819490118066321,0.2773480967596065,0.08468022211479084,21.149385198950768
pls10_k500_uniform_w0.75,pls,10,500,uniform,0.75,0.3479608748381946,0.08558965738238261,0.4646731602983558,0.28328795653433136,0.26599266985778286,0.0896027260833077,22.436110499314964
pls10_k500_inverse_distance_w0.75,pls,10,500,inverse_distance,0.75,0.3479781732709706,0.08541133180786882,0.46437126809308776,0.2831957338519866,0.2658421033344557,0.08865151963560877,22.01288419868797
pca10_k500_uniform_w0.50,pca,10,500,uniform,0.5,0.3482234919857849,0.08231572703562301,0.4674118336586189,0.28537526593127227,0.26451596759696383,0.09537954165405234,20.377746098674834
pca10_k500_inverse_distance_w0.50,pca,10,500,inverse_distance,0.5,0.3484376304585693,0.08222069970218282,0.46766596475655003,0.2855308564684722,0.26350939568050225,0.09530257556302572,20.55103359837085
pls10_k250_uniform_w0.75,pls,10,250,uniform,0.75,0.3486577281081614,0.08510652202606023,0.4642880180243437,0.2833096350417346,0.26261133172837614,0.08565621094681868,21.384536900557578
pls10_k250_inverse_distance_w0.75,pls,10,250,inverse_distance,0.75,0.34878149490362165,0.08481301829042893,0.4639725306690107,0.2833259016513543,0.2619870824513726,0.08479453355273465,20.960655199363828
pca10_k250_uniform_w0.50,pca,10,250,uniform,0.5,0.3494531645856538,0.08189597458483387,0.4688256512259825,0.2862555970097129,0.258820207404574,0.09580306457325688,20.11564529966563
pca10_k250_inverse_distance_w0.50,pca,10,250,inverse_distance,0.5,0.34972515529622117,0.08179802087914292,0.46908004949237025,0.2864161704845571,0.25755809409373553,0.09561113939458764,19.258663698099554
pls10_k100_uniform_w0.75,pls,10,100,uniform,0.75,0.35033996666756123,0.08309655350121935,0.463104321730964,0.28382123356484523,0.2547744113362329,0.08036220922647885,20.220763199962676
pls10_k100_inverse_distance_w0.75,pls,10,100,inverse_distance,0.75,0.350597394517582,0.08276698024316675,0.46286688344926374,0.2839834784993881,0.2535427740684301,0.07963660177840311,20.603734300471842
pca10_k100_uniform_w0.50,pca,10,100,uniform,0.5,0.3520675254943191,0.08125898635777193,0.47131199629208576,0.28800245552713283,0.24686212853693063,0.09532481086072227,19.29690649919212
pca10_k100_inverse_distance_w0.50,pca,10,100,inverse_distance,0.5,0.35234592250636576,0.08113588185350426,0.4714890545679238,0.2881863498344723,0.24556803810880218,0.09504598144510659,19.697296898812056
pls5_k500_inverse_distance_w0.75,pls,5,500,inverse_distance,0.75,0.3631700230249921,0.08606249629392944,0.4745318659259107,0.29699415864364453,0.1996688318891766,0.0710904882813492,16.163394799456
pls5_k500_uniform_w0.75,pls,5,500,uniform,0.75,0.363437687982436,0.08676135542807101,0.4759242642804624,0.2972928434790359,0.19863817875703416,0.0729124527097681,16.337442100048065
pls10_k500_inverse_distance_w1.00,pls,10,500,inverse_distance,1.0,0.3635768481592053,0.08718554330369745,0.4815926935843178,0.2973168152318276,0.19854178769711528,0.09719629572673383,22.01288419868797
pls10_k500_uniform_w1.00,pls,10,500,uniform,1.0,0.36368023282616896,0.08733867389051966,0.4820478659057314,0.2975182754705733,0.1981462168090897,0.09846457099033239,22.436110499314964
pls5_k250_inverse_distance_w0.75,pls,5,250,inverse_distance,0.75,0.36376703066442884,0.08336234716935641,0.47111465672342256,0.29719095597906464,0.19635212544686353,0.06547590470827272,15.846920599229634
pls5_k250_uniform_w0.75,pls,5,250,uniform,0.75,0.3639279422765659,0.084133605046851,0.4724182681101717,0.29739825900324635,0.1958511044059977,0.06699715329159182,15.934806100092828
pls10_k250_uniform_w1.00,pls,10,250,uniform,1.0,0.36429189826777275,0.08692222662572739,0.48137289720783744,0.297280639568996,0.19502744201344155,0.09320255080834701,21.384536900557578
pls10_k250_inverse_distance_w1.00,pls,10,250,inverse_distance,1.0,0.3644075022856708,0.08655966370097994,0.48092626946940437,0.2972747044276058,0.19440827640901628,0.09205364761623498,20.960655199363828
pls5_k100_inverse_distance_w0.75,pls,5,100,inverse_distance,0.75,0.3653869453558223,0.07927476545940333,0.46682374327344145,0.2980475995231341,0.18787529614774806,0.0587166459674959,15.567363700829446
pls5_k100_uniform_w0.75,pls,5,100,uniform,0.75,0.36554437876488705,0.07992292862369711,0.4679175486076896,0.2982307015190731,0.1874524287504608,0.05977864289032179,15.547399300150573
pls10_k100_uniform_w1.00,pls,10,100,uniform,1.0,0.36665112673630773,0.08420977354467529,0.4797950395540643,0.2981502464654865,0.18372502438486804,0.08614388184789393,20.220763199962676
pls10_k100_inverse_distance_w1.00,pls,10,100,inverse_distance,1.0,0.3670155301878602,0.08375801956504346,0.47948771718374794,0.29842278652048093,0.1819245901679091,0.08517640525045957,20.603734300471842
pca20_k250_inverse_distance_w0.75,pca,20,250,inverse_distance,0.75,0.37239107945632693,0.08394998455255853,0.4937064304189633,0.3054502962360102,0.15823742356320136,0.09610553785182566,22.501964198425412
pca20_k250_uniform_w0.75,pca,20,250,uniform,0.75,0.3725242791713837,0.0838730818976071,0.49366325541910433,0.3056310327723817,0.15764844376892714,0.0963524681474747,22.5119521971792
pca20_k500_inverse_distance_w0.75,pca,20,500,inverse_distance,0.75,0.3726574539835053,0.08337210960654916,0.4927099018032717,0.30604147118425334,0.15703014527324927,0.09656875002195782,24.13137519918382
pca20_k500_uniform_w0.75,pca,20,500,uniform,0.75,0.3728829899267367,0.08326042342034441,0.4927073824699558,0.30629657920059894,0.15599707951046712,0.09683311235656387,24.166854898445308
pca20_k100_uniform_w0.75,pca,20,100,uniform,0.75,0.3729574350181203,0.08438078218566551,0.4953092572668367,0.3055256465968661,0.155552368783245,0.0957035083058343,21.48024519905448
pca20_k100_inverse_distance_w0.75,pca,20,100,inverse_distance,0.75,0.3729840545070874,0.08443888258736124,0.4954918142432313,0.3055028850854774,0.15538218788410862,0.09551173749106943,21.149385198950768
pca10_k500_uniform_w0.75,pca,10,500,uniform,0.75,0.37661562098950396,0.0835206701445458,0.499512121091916,0.30958742033663994,0.13826829439512928,0.11156071679996163,20.377746098674834
pca10_k500_inverse_distance_w0.75,pca,10,500,inverse_distance,0.75,0.37677900269070097,0.08352851112808979,0.4998771621682697,0.3096658207811207,0.13737645369504592,0.11144526766342176,20.55103359837085
pca10_k250_uniform_w0.75,pca,10,250,uniform,0.75,0.3780655005016287,0.08346412305995415,0.5017023253876097,0.31058826636629855,0.13084644879149024,0.11219600117876846,20.11564529966563
pca10_k250_inverse_distance_w0.75,pca,10,250,inverse_distance,0.75,0.37837564788516204,0.08342420245390243,0.5020817060901163,0.3108117283994608,0.12925513916997158,0.11190811341076462,19.258663698099554
pca10_k100_uniform_w0.75,pca,10,100,uniform,0.75,0.38191066029231713,0.08299957251028535,0.5056450684491828,0.31340668912360115,0.11164774787419976,0.11147862060996652,19.29690649919212
pca10_k100_inverse_distance_w0.75,pca,10,100,inverse_distance,0.75,0.3822955330435861,0.08288584887084448,0.505930587928668,0.3136561974342598,0.10968394156683892,0.11106037648654303,19.697296898812056
pls5_k500_inverse_distance_w1.00,pls,5,500,inverse_distance,1.0,0.3890008854906262,0.08898840191680865,0.5004889484899998,0.3183274696719908,0.08072417206337301,0.07378158725438774,16.163394799456
pls5_k250_inverse_distance_w1.00,pls,5,250,inverse_distance,1.0,0.38945768038382395,0.08583695357698348,0.4959893562792581,0.31833856891008505,0.07767448303713753,0.06629547582361911,15.846920599229634
pls5_k500_uniform_w1.00,pls,5,500,uniform,1.0,0.38955746615924447,0.08970194369859757,0.5023549039999645,0.31887452293997176,0.07826795539716583,0.07621087315894626,16.337442100048065
pls5_k250_uniform_w1.00,pls,5,250,uniform,1.0,0.3897696195504648,0.08674473304093976,0.4977101520974584,0.31868175749003724,0.07647062613458733,0.0683238072680445,15.934806100092828
pls5_k100_inverse_distance_w1.00,pls,5,100,inverse_distance,1.0,0.39161178827847226,0.0806754842968488,0.49057194621877637,0.3194363326224977,0.06562173690761786,0.057283130835916636,15.567363700829446
pls5_k100_uniform_w1.00,pls,5,100,uniform,1.0,0.39181872236942283,0.08150882567912832,0.4919925757226093,0.31968377845520685,0.06502290174782135,0.05869912673301783,15.547399300150573
pca20_k250_inverse_distance_w1.00,pca,20,250,inverse_distance,1.0,0.4074945893280814,0.0839110783550395,0.5300215802386257,0.33391956535883166,-0.01029770589679796,0.10713498668168962,22.501964198425412
pca20_k250_uniform_w1.00,pca,20,250,uniform,1.0,0.40775089180608975,0.0837263625385412,0.529950004516258,0.3342128309131435,-0.011604452412439348,0.10746422707588837,22.5119521971792
pca20_k500_inverse_distance_w1.00,pca,20,500,inverse_distance,1.0,0.4080287635657406,0.082799987783073,0.5285251601673944,0.3348386641604899,-0.01317726558108831,0.1077526029085325,24.13137519918382
pca20_k100_uniform_w1.00,pca,20,100,uniform,1.0,0.4081952530611508,0.08491438556309848,0.5325106307220103,0.33392484676119233,-0.01365905450209881,0.10659894728703453,21.48024519905448
pca20_k100_inverse_distance_w1.00,pca,20,100,inverse_distance,1.0,0.4081956517990373,0.08505034811634322,0.5327819886556125,0.3338808243065251,-0.013703761945910636,0.106343252867348,21.149385198950768
pca20_k500_uniform_w1.00,pca,20,500,uniform,1.0,0.40842301622210636,0.0825652938628637,0.5285139327141378,0.3352714318903971,-0.015220289981348473,0.10810508602134056,24.166854898445308
pca10_k500_uniform_w1.00,pca,10,500,uniform,1.0,0.41182809324975966,0.08396483205350654,0.5368724714303763,0.33830684993806387,-0.03367655292457017,0.12774189194587093,20.377746098674834
pca10_k500_inverse_distance_w1.00,pca,10,500,inverse_distance,1.0,0.4118658269698847,0.08416206641070953,0.5373356811687234,0.3382746205484695,-0.034041650958536035,0.1275879597638178,20.55103359837085
pca10_k250_uniform_w1.00,pca,10,250,uniform,1.0,0.41328644449556234,0.0846230895398764,0.5398447465620326,0.33921519531310473,-0.04207662081616173,0.12858893778428007,20.11564529966563
pca10_k250_inverse_distance_w1.00,pca,10,250,inverse_distance,1.0,0.4135826029362465,0.08471068617264899,0.540343092239953,0.3394258189083357,-0.043795886518534194,0.1282050874269416,19.258663698099554
pca10_k100_uniform_w1.00,pca,10,100,uniform,1.0,0.41823286807779864,0.08472339310049398,0.5452967715366374,0.34286724421201087,-0.06935699886031635,0.12763243035921085,19.29690649919212
pca10_k100_inverse_distance_w1.00,pca,10,100,inverse_distance,1.0,0.41870004171579767,0.0846712595261498,0.5456967165048882,0.3431959780948342,-0.07200563482368816,0.1270747715279795,19.697296898812056
