candidate,space,components,neighbours,weighting,local_weight,fold,fit_predict_seconds,mae,rmse,median_ae,r2,bias,p90_ae,p95_ae
global_blend,global,0,0,none,0.0,1,10.284066500142217,0.3254384647894018,0.42360383881876607,0.2682613846637967,0.22156488868572555,0.21202933421724512,0.6600988156578211,0.7646353860597054
pca10_k100_uniform_w0.25,pca,10,100,uniform,0.25,1,12.147959200665355,0.3506286192360897,0.44353439196282907,0.3019527285469845,0.14659094971433628,0.23531976812233987,0.6996712695003762,0.7859949837708712
pca10_k100_uniform_w0.50,pca,10,100,uniform,0.5,1,12.147959200665355,0.37886766334234073,0.47131199629208576,0.34459909852667536,0.03634932439346894,0.2586102020274347,0.7426841164961019,0.8164748343232495
pca10_k100_uniform_w0.75,pca,10,100,uniform,0.75,1,12.147959200665355,0.4103649858515238,0.5056450684491828,0.38144529932341165,-0.10915998727687604,0.2819006359325294,0.7959701320123912,0.8784900922510319
pca10_k100_uniform_w1.00,pca,10,100,uniform,1.0,1,12.147959200665355,0.44425301311293386,0.5452967715366374,0.4082919507625782,-0.28993698529669953,0.3051910698376242,0.8638694865110973,0.96396217532334
pca10_k100_inverse_distance_w0.25,pca,10,100,inverse_distance,0.25,1,12.27694940008223,0.35070154556783734,0.4436140357684111,0.3028342811922613,0.14628443527865442,0.23522105716107924,0.6995716684144891,0.785607042620856
pca10_k100_inverse_distance_w0.50,pca,10,100,inverse_distance,0.5,1,12.27694940008223,0.379003849872808,0.4714890545679238,0.3422579033981066,0.03562515705883462,0.2584127801049134,0.7430614435614079,0.8180751841366745
pca10_k100_inverse_distance_w0.75,pca,10,100,inverse_distance,0.75,1,12.27694940008223,0.4105523862979095,0.505930587928668,0.38146983577874494,-0.11041294597373397,0.28160450304874757,0.7959996951863574,0.876534778250512
pca10_k100_inverse_distance_w1.00,pca,10,100,inverse_distance,1.0,1,12.27694940008223,0.4445517120287213,0.5456967165048882,0.4078033547448463,-0.29182987381905123,0.3047962259925817,0.8680611861827247,0.965120021908504
pca10_k250_uniform_w0.25,pca,10,250,uniform,0.25,1,12.288262699730694,0.34983124210625777,0.4423902736668382,0.30393057407823854,0.15098809045252748,0.23527901235189042,0.6918558355454327,0.7791588998844616
pca10_k250_uniform_w0.50,pca,10,250,uniform,0.5,1,12.288262699730694,0.37732957124114,0.4688256512259825,0.3360931491685175,0.04648973377269017,0.2585286904865357,0.731159059649226,0.8114221028032459
pca10_k250_uniform_w0.75,pca,10,250,uniform,0.75,1,12.288262699730694,0.4078171609439469,0.5017023253876097,0.38008472517848624,-0.09193018135378583,0.281778368621181,0.7763170565429188,0.8639958730835026
pca10_k250_uniform_w1.00,pca,10,250,uniform,1.0,1,12.288262699730694,0.4404630598224535,0.5398447465620326,0.4043924846277065,-0.2642716549269011,0.3050280467558263,0.8399022000183166,0.9493391282842656
pca10_k250_inverse_distance_w0.25,pca,10,250,inverse_distance,0.25,1,12.188919700682163,0.3499274726088649,0.44251645964375413,0.30407167692837156,0.1505036825313314,0.2352323672623968,0.6931043946285882,0.7785911002021554
pca10_k250_inverse_distance_w0.50,pca,10,250,inverse_distance,0.5,1,12.188919700682163,0.3774984589568116,0.46908004949237025,0.33806773627639863,0.04545464889126183,0.2584354003075484,0.7312137195836571,0.8115916967696513
pca10_k250_inverse_distance_w0.75,pca,10,250,inverse_distance,0.75,1,12.188919700682163,0.4080864847027211,0.5020817060901163,0.3792805570856288,-0.0935822122344836,0.2816384333527001,0.7758590807094824,0.8661768957718599
pca10_k250_inverse_distance_w1.00,pca,10,250,inverse_distance,1.0,1,12.188919700682163,0.44082839339974905,0.540343092239953,0.40510047125376936,-0.2666069008459051,0.30484146639785165,0.842571448928425,0.9519622949296508
pca10_k500_uniform_w0.25,pca,10,500,uniform,0.25,1,12.345649199560285,0.34941200167022946,0.4417198659318623,0.3040131660341263,0.15355936250867397,0.23481610753279644,0.6906257272836328,0.7765899371069639
pca10_k500_uniform_w0.50,pca,10,500,uniform,0.5,1,12.345649199560285,0.3764027066433069,0.4674118336586189,0.3378011819024387,0.05223198304324306,0.2576028808483478,0.7288747823876307,0.8071551774541408
pca10_k500_uniform_w0.75,pca,10,500,uniform,0.75,1,12.345649199560285,0.4060518826095564,0.499512121091916,0.37954887437783213,-0.08241724971056663,0.2803896541638991,0.7708427897575655,0.8602964670242502
pca10_k500_uniform_w1.00,pca,10,500,uniform,1.0,1,12.345649199560285,0.4380067378423913,0.5368724714303763,0.4042453466551219,-0.25038833575275543,0.3031764274794504,0.8310222516068039,0.9350415644177296
pca10_k500_inverse_distance_w0.25,pca,10,500,inverse_distance,0.25,1,12.489638800732791,0.34949972077909286,0.44185118112309285,0.30400909061895653,0.15305602523882,0.23482833690009192,0.6912214509406952,0.7765566724707734
pca10_k500_inverse_distance_w0.50,pca,10,500,inverse_distance,0.5,1,12.489638800732791,0.37657228486357375,0.46766596475655003,0.3385354501214657,0.05120110283754842,0.2576273395829387,0.7295362781556279,0.8065097512990215
pca10_k500_inverse_distance_w0.75,pca,10,500,inverse_distance,0.75,1,12.489638800732791,0.4063144535778156,0.4998771621682697,0.37865950644245494,-0.08399987851808954,0.28042634226578556,0.7733454822830179,0.8616568903858149
pca10_k500_inverse_distance_w1.00,pca,10,500,inverse_distance,1.0,1,12.489638800732791,0.4383831268187181,0.5373356811687234,0.40380252188962906,-0.25254691882809355,0.30322534494863235,0.8340282397548876,0.9357502768633982
pca20_k100_uniform_w0.25,pca,20,100,uniform,0.25,1,14.806252599693835,0.3482274255678288,0.4396220883318381,0.3021754218073731,0.16157995645574041,0.23183767985623774,0.6863665837631221,0.7712909398142609
pca20_k100_uniform_w0.50,pca,20,100,uniform,0.5,1,14.806252599693835,0.37506405943746507,0.463930235315602,0.33522815154416996,0.06629862812518172,0.25164602549523035,0.7241349103623442,0.8019885923674214
pca20_k100_uniform_w0.75,pca,20,100,uniform,0.75,1,14.806252599693835,0.40492986097219286,0.4953092572668367,0.3730007247082092,-0.06427909630595008,0.2714543711342228,0.7753798341114172,0.8580948430510374
pca20_k100_uniform_w1.00,pca,20,100,uniform,1.0,1,14.806252599693835,0.43684652041593874,0.5325106307220103,0.4025754477673864,-0.23015321683765544,0.29126271677321547,0.8328575026816168,0.9374734920006698
pca20_k100_inverse_distance_w0.25,pca,20,100,inverse_distance,0.25,1,14.783016599714756,0.34822349838094563,0.43966341716719143,0.30198447828409236,0.16142230945109004,0.23185200587775112,0.6872772283020574,0.7718910928910341
pca20_k100_inverse_distance_w0.50,pca,20,100,inverse_distance,0.5,1,14.783016599714756,0.37510461813583956,0.46403436902362055,0.33706737397161746,0.06587942415560022,0.25167467753825706,0.72624872452116,0.8030757532664093
pca20_k100_inverse_distance_w0.75,pca,20,100,inverse_distance,0.75,1,14.783016599714756,0.4050594459130333,0.4954918142432313,0.3717298511265934,-0.06506376720074414,0.2714973491987631,0.7765282862683088,0.8573574825878885
pca20_k100_inverse_distance_w1.00,pca,20,100,inverse_distance,1.0,1,14.783016599714756,0.4370622207694089,0.5327819886556125,0.4027112020306429,-0.2314072646179428,0.29132002085926906,0.8308409003460366,0.9395421452446888
pca20_k250_uniform_w0.25,pca,20,250,uniform,0.25,1,15.168318600393832,0.3480905866064371,0.43931766665887056,0.30395410677722623,0.1627407027848986,0.23145143127771586,0.6860607196016201,0.7712705417224425
pca20_k250_uniform_w0.50,pca,20,250,uniform,0.5,1,15.168318600393832,0.37434498939312355,0.46305623639927235,0.3351694674815544,0.06981331737120677,0.25087352833818666,0.7200761487252365,0.8021496009644998
pca20_k250_uniform_w0.75,pca,20,250,uniform,0.75,1,15.168318600393832,0.4035285395121019,0.49366325541910433,0.36996647361666035,-0.05721726755534973,0.27029562539865737,0.7626785819450373,0.843535166208389
pca20_k250_uniform_w1.00,pca,20,250,uniform,1.0,1,15.168318600393832,0.43469765966660884,0.529950004516258,0.400740681211218,-0.21835105199477156,0.28971772245912814,0.8265163304690549,0.9238648436310906
pca20_k250_inverse_distance_w0.25,pca,20,250,inverse_distance,0.25,1,15.188265199773014,0.34806955855576194,0.4393230107889948,0.30456746584796157,0.1627203327875757,0.2314517976857793,0.6860831830599726,0.771947848448639
pca20_k250_inverse_distance_w0.50,pca,20,250,inverse_distance,0.5,1,15.188265199773014,0.37435758262872987,0.4630766497392418,0.33504248316342355,0.06973130298922636,0.2508742611543135,0.7202210910549981,0.8030178542609249
pca20_k250_inverse_distance_w0.75,pca,20,250,inverse_distance,0.75,1,15.188265199773014,0.40355385470482735,0.4937064304189633,0.3697477044294626,-0.05740220070932245,0.2702967246228477,0.762605387492523,0.8464416382151139
pca20_k250_inverse_distance_w1.00,pca,20,250,inverse_distance,1.0,1,15.188265199773014,0.4347424366127983,0.5300215802386257,0.40051962990872525,-0.21868017830807074,0.2897191880913818,0.8262977118725929,0.9242907828900757
pca20_k500_uniform_w0.25,pca,20,500,uniform,0.25,1,15.676032800227404,0.3480310071020844,0.43910953341382924,0.3050550634283802,0.16353384282096695,0.2311908600563024,0.686495324643849,0.7719429460965287
pca20_k500_uniform_w0.50,pca,20,500,uniform,0.5,1,15.676032800227404,0.37407128873704837,0.46251915257033155,0.3358757298836803,0.07196985240018228,0.25035238589535974,0.7147702255522959,0.7990297096137968
pca20_k500_uniform_w0.75,pca,20,500,uniform,0.75,1,15.676032800227404,0.4029184072853068,0.4927073824699558,0.3720207801013089,-0.053127082576627904,0.2695139117344171,0.7624071041913137,0.8430802840314688
pca20_k500_uniform_w1.00,pca,20,500,uniform,1.0,1,15.676032800227404,0.43372215304852335,0.5285139327141378,0.3952916566128515,-0.2117569621094646,0.28867543757347425,0.8217954423028483,0.9175083246063113
pca20_k500_inverse_distance_w0.25,pca,20,500,inverse_distance,0.25,1,16.08466689940542,0.34800848426750935,0.4391056034725612,0.305271364773569,0.16354881515889208,0.23118838899714694,0.6860233113770488,0.7718466707250122
pca20_k500_inverse_distance_w0.50,pca,20,500,inverse_distance,0.5,1,16.08466689940542,0.3740611511976689,0.4625163161359829,0.3360061118023836,0.07198123479808405,0.2503474437770488,0.7147580944807684,0.7989726237037622
pca20_k500_inverse_distance_w0.75,pca,20,500,inverse_distance,0.75,1,16.08466689940542,0.4029334922573184,0.4927099018032717,0.3723387476322362,-0.05313785239669766,0.26950649855695064,0.7614322607113938,0.8438990224514935
pca20_k500_inverse_distance_w1.00,pca,20,500,inverse_distance,1.0,1,16.08466689940542,0.4337471239901027,0.5285251601673944,0.3949024079180248,-0.2118084464254537,0.28866555333685245,0.8201622485764948,0.9216306921262776
pls5_k100_uniform_w0.25,pls,5,100,uniform,0.25,1,11.133638000115752,0.3399219355135737,0.4331727035986263,0.2910325628783248,0.1859992487640031,0.22152478498421915,0.6645132770088211,0.7709963633170703
pls5_k100_uniform_w0.50,pls,5,100,uniform,0.5,1,11.133638000115752,0.3570025783401778,0.4481154588800616,0.3164686358518711,0.1288709537265379,0.2310202357511932,0.6981699390882846,0.7950776967201917
pls5_k100_uniform_w0.75,pls,5,100,uniform,0.75,1,11.133638000115752,0.37698691670399187,0.4679175486076896,0.34359893205889946,0.05018000357332997,0.24051568651816718,0.7354670363188467,0.8270388707898757
pls5_k100_uniform_w1.00,pls,5,100,uniform,1.0,1,11.133638000115752,0.3989547633235563,0.4919925757226093,0.3629473690097331,-0.050073601695620695,0.2500111372851412,0.7709910055341219,0.8743272395286672
pls5_k100_inverse_distance_w0.25,pls,5,100,inverse_distance,0.25,1,11.12983820028603,0.33957522652077615,0.4327979854463125,0.2910953332940487,0.18740695024225795,0.22087565601577702,0.6635898928589036,0.7676603228682107
pls5_k100_inverse_distance_w0.50,pls,5,100,inverse_distance,0.5,1,11.12983820028603,0.3563424635274902,0.44737250833468084,0.3157142628503209,0.13175712634823078,0.22972197781430886,0.6978692085810619,0.7902098654705955
pls5_k100_inverse_distance_w0.75,pls,5,100,inverse_distance,0.75,1,11.12983820028603,0.37603150977380567,0.46682374327344145,0.34065056389093407,0.05461541700364381,0.23856829961284082,0.7374805931309422,0.8193528227506542
pls5_k100_inverse_distance_w1.00,pls,5,100,inverse_distance,1.0,1,11.12983820028603,0.3977667227056429,0.49057194621877637,0.36353751374121934,-0.044018177791502744,0.24741462141137266,0.7675967104187785,0.8712444479425311
pls5_k250_uniform_w0.25,pls,5,250,uniform,0.25,1,11.211326700635254,0.3413809914557941,0.4347889469901161,0.2923016574215094,0.17991355714632262,0.22418502149854289,0.6711276083927405,0.7706692017898802
pls5_k250_uniform_w0.50,pls,5,250,uniform,0.5,1,11.211326700635254,0.3597028204179013,0.4512438708933862,0.32047794618949865,0.11666533410217927,0.2363407087798407,0.7069624142705984,0.7986644565615488
pls5_k250_uniform_w0.75,pls,5,250,uniform,0.75,1,11.211326700635254,0.3807632196031254,0.4724182681101717,0.3440830415598022,0.031820219553295614,0.24849639606113852,0.7432823114314434,0.8307232429814149
pls5_k250_uniform_w1.00,pls,5,250,uniform,1.0,1,11.211326700635254,0.40376619303399597,0.4977101520974584,0.3625095867960688,-0.07462178650032802,0.2606520833424362,0.7843878764159395,0.8870759844220482
pls5_k250_inverse_distance_w0.25,pls,5,250,inverse_distance,0.25,1,11.208641200326383,0.34099159467077583,0.4343574623964339,0.2918138741707761,0.18154045721048007,0.2234895462166603,0.6693745483241106,0.7699992764263456
pls5_k250_inverse_distance_w0.50,pls,5,250,inverse_distance,0.5,1,11.208641200326383,0.3589234747666856,0.45037318708527396,0.3190367583833158,0.12007086817634982,0.23494975821607542,0.7065869101711373,0.7965947226498088
pls5_k250_inverse_distance_w0.75,pls,5,250,inverse_distance,0.75,1,11.208641200326383,0.3796921167980143,0.47111465672342256,0.3438013933733082,0.03715612158333448,0.2464099702154905,0.7421106866647005,0.8270246539561917
pls5_k250_inverse_distance_w1.00,pls,5,250,inverse_distance,1.0,1,11.208641200326383,0.40237744069118336,0.4959893562792581,0.3623858973632199,-0.06720378256856585,0.2578701822149057,0.7779743119243393,0.8810341171718524
pls5_k500_uniform_w0.25,pls,5,500,uniform,0.25,1,11.39718160033226,0.3424701194683368,0.43594011822209044,0.2941397410784674,0.17556519594769782,0.2261259929789326,0.6736694139659737,0.7758049449882516
pls5_k500_uniform_w0.50,pls,5,500,uniform,0.5,1,11.39718160033226,0.36197968596075064,0.4535765474152351,0.320746476673218,0.10750904381560256,0.2402226517406201,0.7125216257017549,0.8039981214871734
pls5_k500_uniform_w0.75,pls,5,500,uniform,0.75,1,11.39718160033226,0.3840093400425176,0.4759242642804624,0.35129201432893886,0.01739643228943999,0.25431931050230755,0.7518268890619471,0.837747487906715
pls5_k500_uniform_w1.00,pls,5,500,uniform,1.0,1,11.39718160033226,0.40797658723858865,0.5023549039999645,0.3686013641730277,-0.09477263863079033,0.26841596926399514,0.7883764435077157,0.8891852668362594
pls5_k500_inverse_distance_w0.25,pls,5,500,inverse_distance,0.25,1,11.357154200784862,0.342064775522146,0.43549512526526774,0.2935366263466346,0.17724744735225262,0.22540965208468014,0.6723109855477735,0.7741034097132764
pls5_k500_inverse_distance_w0.50,pls,5,500,inverse_distance,0.5,1,11.357154200784862,0.361151845798613,0.4526618649376762,0.3204817746408235,0.11110500891621766,0.2387899699521152,0.7103342968447145,0.8007722119520334
pls5_k500_inverse_distance_w0.75,pls,5,500,inverse_distance,0.75,1,11.357154200784862,0.38280976328778793,0.4745318659259107,0.34811605213408114,0.02313757337762068,0.2521702878195502,0.7487406797307042,0.8332121380328994
pls5_k500_inverse_distance_w1.00,pls,5,500,inverse_distance,1.0,1,11.357154200784862,0.4064423061973007,0.5004889484899998,0.3677537449393977,-0.08665485926353877,0.26555060568698524,0.7869353697505471,0.88401466417746
pls10_k100_uniform_w0.25,pls,10,100,uniform,0.25,1,12.537616799585521,0.33772455960965864,0.4348379916090023,0.28406861299926156,0.17972853360422825,0.2214873340861917,0.6798221366142553,0.7819780364082024
pls10_k100_uniform_w0.50,pls,10,100,uniform,0.5,1,12.537616799585521,0.3509449256589595,0.4480616168131169,0.2990973313720815,0.12908027732707172,0.23094533395513828,0.7012409043092437,0.798230467123066
pls10_k100_uniform_w0.75,pls,10,100,uniform,0.75,1,12.537616799585521,0.36531120091216773,0.463104321730964,0.3142463698084068,0.06962011985425587,0.24040333382408482,0.7192922661416519,0.8229312717563374
pls10_k100_uniform_w1.00,pls,10,100,uniform,1.0,1,12.537616799585521,0.3806441322981878,0.4797950395540643,0.33026211505713654,0.0013480611857806801,0.24986133369303143,0.7411772918936789,0.8614408757631529
pls10_k100_inverse_distance_w0.25,pls,10,100,inverse_distance,0.25,1,12.677428799681365,0.3376370737254857,0.434754669279113,0.2845914091064845,0.18004285932012898,0.22124944912347994,0.6795400777114904,0.782995629860919
pls10_k100_inverse_distance_w0.50,pls,10,100,inverse_distance,0.5,1,12.677428799681365,0.3508002173735578,0.44789894950833564,0.29904582407341174,0.12971253165195962,0.23046956402971472,0.6992726223251083,0.7992360850913851
pls10_k100_inverse_distance_w0.75,pls,10,100,inverse_distance,0.75,1,12.677428799681365,0.3651176887848974,0.46286688344926374,0.3132439388309862,0.07057390568121691,0.2396896789359495,0.7198823265797316,0.8237989214855356
pls10_k100_inverse_distance_w1.00,pls,10,100,inverse_distance,1.0,1,12.677428799681365,0.38045973908467395,0.47948771718374794,0.32866412550691493,0.0026269814079016296,0.24890979384218423,0.7422290374096143,0.8560920663761734
pls10_k250_uniform_w0.25,pls,10,250,uniform,0.25,1,12.77029940020293,0.33838461718683654,0.43522814330973286,0.28600030987642455,0.17825592134407908,0.22277424692867936,0.6786913256229944,0.7813979345856434
pls10_k250_uniform_w0.50,pls,10,250,uniform,0.5,1,12.77029940020293,0.35223129885258664,0.4488480669467454,0.2997573311508841,0.1260202694401491,0.2335191596401137,0.7101405351689611,0.7963513144977795
pls10_k250_uniform_w0.75,pls,10,250,uniform,0.75,1,12.77029940020293,0.36695056011105526,0.4642880180243437,0.31800205891423694,0.06485793297393527,0.24426407235154796,0.7290203030052913,0.8249871989616284
pls10_k250_uniform_w1.00,pls,10,250,uniform,1.0,1,12.77029940020293,0.3829032863210121,0.48137289720783744,0.33735636015543946,-0.005231088054562516,0.25500898506298225,0.7481852433679365,0.8633487690890618
pls10_k250_inverse_distance_w0.25,pls,10,250,inverse_distance,0.25,1,12.697859399951994,0.33826001528926897,0.4351385721968629,0.28509281615871096,0.17859412078612502,0.22253745091993135,0.6788568209371946,0.7822003448034351
pls10_k250_inverse_distance_w0.50,pls,10,250,inverse_distance,0.5,1,12.697859399951994,0.35199860102439057,0.4486524371173393,0.29945159401574095,0.12678194920771957,0.23304556762261763,0.7073820169559616,0.7964116448086628
pls10_k250_inverse_distance_w0.75,pls,10,250,inverse_distance,0.75,1,12.697859399951994,0.36663110984369535,0.4639725306690107,0.31734861397123915,0.0661283739505093,0.24355368432530392,0.7296174108474124,0.8256524143179027
pls10_k250_inverse_distance_w1.00,pls,10,250,inverse_distance,1.0,1,12.697859399951994,0.38246786726649973,0.48092626946940437,0.33733114424342325,-0.0033666049855054503,0.25406180102799014,0.7472037122987442,0.8619511249851033
pls10_k500_uniform_w0.25,pls,10,500,uniform,0.25,1,13.05860779993236,0.3386817176423123,0.43526564247655025,0.28666079897081964,0.17811431264411193,0.2234230881453721,0.6780271164283908,0.7791291789553426
pls10_k500_uniform_w0.50,pls,10,500,uniform,0.5,1,13.05860779993236,0.35283707525127206,0.4490172499289378,0.3030593088705906,0.1253612920499333,0.23481684207349915,0.7058925875183842,0.7960538470838243
pls10_k500_uniform_w0.75,pls,10,500,uniform,0.75,1,13.05860779993236,0.3679812892216524,0.4646731602983558,0.32233684221375647,0.06330582690319009,0.24621059600162612,0.7266325228296503,0.8201059685818469
pls10_k500_uniform_w1.00,pls,10,500,uniform,1.0,1,13.05860779993236,0.384325154031197,0.4820478659057314,0.34233116055578705,-0.008052082796118132,0.25760434992975306,0.7543736586420428,0.8584925765990512
pls10_k500_inverse_distance_w0.25,pls,10,500,inverse_distance,0.25,1,13.137830599211156,0.3385671139175095,0.4351953808400092,0.2865512385288653,0.17837963279335045,0.22321005469873534,0.676898931925381,0.7796269490567465
pls10_k500_inverse_distance_w0.50,pls,10,500,inverse_distance,0.5,1,13.137830599211156,0.352611161773233,0.44884500698341634,0.30456887061349036,0.12603218588585474,0.23439077518022544,0.7059924540717422,0.7939552222809302
pls10_k500_inverse_distance_w0.75,pls,10,500,inverse_distance,0.75,1,13.137830599211156,0.36761683877496343,0.46437126809308776,0.3213000562209434,0.06452254796323786,0.24557149566171557,0.7270551157165066,0.8221135098516569
pls10_k500_inverse_distance_w1.00,pls,10,500,inverse_distance,1.0,1,13.137830599211156,0.3838150855214851,0.4815926935843178,0.34036891996115415,-0.006149280974499627,0.25675221614320576,0.7518271189567234,0.8610292037644307
global_blend,global,0,0,none,0.0,2,3.950597400777042,0.2162270783174361,0.284641780723172,0.1730897776942797,0.35849557387905984,-0.09253885627089893,0.4576189303729632,0.531669000111103
pca10_k100_uniform_w0.25,pca,10,100,uniform,0.25,2,5.778967001475394,0.2263234602840709,0.28773355216034285,0.19324605071496492,0.3444838796416524,-0.04906847287667153,0.44764331401040036,0.5174070243842696
pca10_k100_uniform_w0.50,pca,10,100,uniform,0.5,2,5.778967001475394,0.24659994434588337,0.3052902754235078,0.2243052150832856,0.2620476787329602,-0.0055980894824441685,0.4654129668194051,0.5313236435335739
pca10_k100_uniform_w0.75,pca,10,100,uniform,0.75,2,5.778967001475394,0.27281714608233487,0.33504568199174845,0.2555726351883365,0.11118697115298315,0.037872293911783185,0.5112385989603178,0.5837085898720331
pca10_k100_uniform_w1.00,pca,10,100,uniform,1.0,2,5.778967001475394,0.3045233662343165,0.3741002102355363,0.2785114471033445,-0.10809824309827887,0.0813426773060106,0.588769292414741,0.6714072045168392
pca10_k100_inverse_distance_w0.25,pca,10,100,inverse_distance,0.25,2,5.787048201076686,0.22670139259107333,0.2881657807466706,0.19390912832882634,0.3425129894703969,-0.04997070266138465,0.44802879100472576,0.5173520509841046
pca10_k100_inverse_distance_w0.50,pca,10,100,inverse_distance,0.5,2,5.787048201076686,0.24726265612435872,0.30600890459712254,0.22501950868698373,0.2585694269297718,-0.00740254905187037,0.4639650638084874,0.5314927924529133
pca10_k100_inverse_distance_w0.75,pca,10,100,inverse_distance,0.75,2,5.787048201076686,0.27354100018426225,0.33589691994931437,0.2553988338103821,0.10666488625718529,0.03516560455764393,0.5120338368877893,0.5857162987244259
pca10_k100_inverse_distance_w1.00,pca,10,100,inverse_distance,1.0,2,5.787048201076686,0.3052345590724838,0.37496051873424496,0.2806157919940784,-0.11320063254736357,0.07773375816715826,0.5872200778669235,0.6687845217029355
pca10_k250_uniform_w0.25,pca,10,250,uniform,0.25,2,5.941126802004874,0.22298422768065598,0.28411056940973173,0.19186202085982096,0.36088774851790706,-0.04353355587997906,0.4439696108202825,0.5108850789497886
pca10_k250_uniform_w0.50,pca,10,250,uniform,0.5,2,5.941126802004874,0.24066853472337435,0.29877888514449935,0.2187328365618164,0.29319084417954644,0.00547174451094076,0.456480552500775,0.5193104971862172
pca10_k250_uniform_w0.75,pca,10,250,uniform,0.75,2,5.941126802004874,0.26496119588401246,0.32660520970563545,0.24494670163965182,0.1554048608639772,0.05447704490186064,0.4975922482118858,0.568944032839991
pca10_k250_uniform_w1.00,pca,10,250,uniform,1.0,2,5.941126802004874,0.2964635919799676,0.36458913594118314,0.27113812639504786,-0.05247020142879988,0.10348234529278044,0.5674970326359453,0.6498876039792963
pca10_k250_inverse_distance_w0.25,pca,10,250,inverse_distance,0.25,2,5.941988401114941,0.22347029535873966,0.2846544610038306,0.1914677882650242,0.35843841686343136,-0.044537731754198194,0.44431855949459825,0.5135068845673069
pca10_k250_inverse_distance_w0.50,pca,10,250,inverse_distance,0.5,2,5.941988401114941,0.2414129895254575,0.2996156752120281,0.21860355835912415,0.28922617901100556,0.003463392762502474,0.4576938153141372,0.5215668520668872
pca10_k250_inverse_distance_w0.75,pca,10,250,inverse_distance,0.75,2,5.941988401114941,0.26583326999862844,0.327483000052511,0.24646459205970928,0.15085886032178264,0.051464517279203155,0.500053619704352,0.5694279359258508
pca10_k250_inverse_distance_w1.00,pca,10,250,inverse_distance,1.0,2,5.941988401114941,0.2971409108612523,0.36531472683329036,0.2709867511695734,-0.05666353920423717,0.09946564179590389,0.5688967114940952,0.6497163018688293
pca10_k500_uniform_w0.25,pca,10,500,uniform,0.25,2,6.337655401788652,0.22063060103856363,0.28156996706711046,0.18851179613934654,0.3722669108262511,-0.03922810046128916,0.4384057828873197,0.5028738028934983
pca10_k500_uniform_w0.50,pca,10,500,uniform,0.5,2,6.337655401788652,0.23698381983587813,0.29487175763723583,0.21431085406236328,0.3115558423156224,0.014082655348320627,0.4511298495118183,0.5149862929869604
pca10_k500_uniform_w0.75,pca,10,500,uniform,0.75,2,6.337655401788652,0.2613473079386443,0.3225276183940773,0.24565118984748402,0.1763623683471739,0.06739341115793042,0.48961011023156226,0.5586353171106342
pca10_k500_uniform_w1.00,pca,10,500,uniform,1.0,2,6.337655401788652,0.29374988124886875,0.36125583715536286,0.275394795811307,-0.03331351107909408,0.12070416696754017,0.555843228653924,0.6453334380462269
pca10_k500_inverse_distance_w0.25,pca,10,500,inverse_distance,0.25,2,6.755926501937211,0.22117951905673694,0.2821628809087726,0.18924608036149948,0.369620438894654,-0.04032245042043683,0.4392093866131017,0.5058590979642744
pca10_k500_inverse_distance_w0.50,pca,10,500,inverse_distance,0.5,2,6.755926501937211,0.2378081724243587,0.2956914946084283,0.21461561346139746,0.30772280273327624,0.011893955430025232,0.4524021599608898,0.5141470681351383
pca10_k500_inverse_distance_w0.75,pca,10,500,inverse_distance,0.75,2,6.755926501937211,0.26194974527642945,0.32322383760536944,0.24520658150504993,0.17280266539492695,0.06411036128048735,0.48913935607987935,0.5603908378830007
pca10_k500_inverse_distance_w1.00,pca,10,500,inverse_distance,1.0,2,6.755926501937211,0.29393558292272387,0.361574970096751,0.2705401399965357,-0.03513997312039452,0.11632676713094939,0.5571000799220284,0.6425149692861974
pca20_k100_uniform_w0.25,pca,20,100,uniform,0.25,2,6.772801499813795,0.21947220200475376,0.28143127557424646,0.18887471706540104,0.37288515714355097,-0.04352784658207562,0.4426800473778979,0.5107821097336526
pca20_k100_uniform_w0.50,pca,20,100,uniform,0.5,2,6.772801499813795,0.23458512622965969,0.29367050062378075,0.20951084423628963,0.31715362390428714,0.005483163106747636,0.45843583038398783,0.5254323909599904
pca20_k100_uniform_w0.75,pca,20,100,uniform,0.75,2,6.772801499813795,0.2573713307138146,0.31958933575618886,0.23326407517630088,0.19130097416126823,0.05449417279557086,0.4916508771101011,0.5732550246279257
pca20_k100_uniform_w1.00,pca,20,100,uniform,1.0,2,6.772801499813795,0.28737361684298773,0.35621412752546394,0.25831050550959667,-0.004672792085505861,0.10350518248439416,0.5557226292653539,0.6400544049076493
pca20_k100_inverse_distance_w0.25,pca,20,100,inverse_distance,0.25,2,6.138688199222088,0.21960028797809542,0.2816643629591029,0.18867162382785274,0.371845947197584,-0.04404403211564398,0.44262091821220795,0.510110946651388
pca20_k100_inverse_distance_w0.50,pca,20,100,inverse_distance,0.5,2,6.138688199222088,0.2347754060898237,0.2940237570369008,0.21025816084918603,0.31550984325370357,0.004450792039611001,0.46026238694742116,0.5245367028515805
pca20_k100_inverse_distance_w0.75,pca,20,100,inverse_distance,0.75,2,6.138688199222088,0.25763357115857183,0.3199475150021795,0.23344039449190568,0.18948726204741873,0.05294561619486594,0.4932588815042113,0.5742691075747669
pca20_k100_inverse_distance_w1.00,pca,20,100,inverse_distance,1.0,2,6.138688199222088,0.2876025258851365,0.35648862720020047,0.25672053524882976,-0.00622179642127052,0.1014404403501209,0.5563222397018159,0.6410354150381249
pca20_k250_uniform_w0.25,pca,20,250,uniform,0.25,2,15.64722569938749,0.2185399166960799,0.2798538153490938,0.1883905844279976,0.3798955811484842,-0.03916727886088646,0.43848019700956165,0.5066914474431182
pca20_k250_uniform_w0.50,pca,20,250,uniform,0.5,2,15.64722569938749,0.2331610172832723,0.29169295122488115,0.2078763777707735,0.3263191058386209,0.014204298549125973,0.4501199115023887,0.5176478457424991
pca20_k250_uniform_w0.75,pca,20,250,uniform,0.75,2,15.64722569938749,0.2566466064515762,0.31830928798853314,0.23342528467732393,0.19776614794947,0.06757587595913846,0.4839462221376732,0.5614370054279936
pca20_k250_uniform_w1.00,pca,20,250,uniform,1.0,2,15.64722569938749,0.2887497851665673,0.35640739756899376,0.26046648454468624,-0.005763292518968566,0.12094745336915093,0.5537822996547153,0.6430041176988258
pca20_k250_inverse_distance_w0.25,pca,20,250,inverse_distance,0.25,2,10.578650600276887,0.21864725597029122,0.2800686937920166,0.18751820691499077,0.3789429535993609,-0.03979618836643043,0.43918480637378254,0.5067437330110208
pca20_k250_inverse_distance_w0.50,pca,20,250,inverse_distance,0.5,2,10.578650600276887,0.2332404019751489,0.291904561861493,0.2094117562875173,0.32534129850979077,0.012946479538038043,0.45116237478337273,0.5169919713469268
pca20_k250_inverse_distance_w0.75,pca,20,250,inverse_distance,0.75,2,10.578650600276887,0.25652919265667634,0.31832427383536066,0.23463943506539664,0.1976906086103497,0.06568914744250652,0.4851766842516093,0.5634951235193768
pca20_k250_inverse_distance_w1.00,pca,20,250,inverse_distance,1.0,2,10.578650600276887,0.28830139027828067,0.3560964524874473,0.2601577185833506,-0.004009116098961707,0.11843181534697504,0.554210894371694,0.6411873508880215
pca20_k500_uniform_w0.25,pca,20,500,uniform,0.25,2,7.337993700057268,0.21819189021285362,0.279169691313419,0.1872431170317821,0.3829236607031071,-0.03635252730328261,0.4383131762832776,0.5023467849133576
pca20_k500_uniform_w0.50,pca,20,500,uniform,0.5,2,7.337993700057268,0.2330595462043658,0.2911504733376556,0.208754572590939,0.3288225407421753,0.01983380166433371,0.4456756649262007,0.5187657881764773
pca20_k500_uniform_w0.75,pca,20,500,uniform,0.75,2,7.337993700057268,0.25760609485821345,0.3186213867011942,0.2362476223035621,0.1961922139962642,0.07602013063195004,0.4811114840554776,0.5652235366016881
pca20_k500_uniform_w1.00,pca,20,500,uniform,1.0,2,7.337993700057268,0.2913411485287051,0.3580344765018906,0.2647268890422083,-0.014967319534625823,0.13220645959956634,0.5538874548052936,0.6480015512979569
pca20_k500_inverse_distance_w0.25,pca,20,500,inverse_distance,0.25,2,6.921173300594091,0.2182653654559868,0.2793383673428549,0.18665530755514226,0.38217775285777167,-0.03701152660691622,0.43824927169331646,0.5045534545468967
pca20_k500_inverse_distance_w0.50,pca,20,500,inverse_distance,0.5,2,6.921173300594091,0.23302077073324706,0.29123616408066094,0.2087181076016531,0.3284274037660089,0.0185158030570665,0.4462498083357943,0.5170810898083322
pca20_k500_inverse_distance_w0.75,pca,20,500,inverse_distance,0.75,2,6.921173300594091,0.25726107353951305,0.31841275528658725,0.23356753031854183,0.19724452660377156,0.07404313272104919,0.4812725831406141,0.5639643321850949
pca20_k500_inverse_distance_w1.00,pca,20,500,inverse_distance,1.0,2,6.921173300594091,0.29048951067108497,0.35739958289302326,0.2636421142667835,-0.011370878628940373,0.1295704623850319,0.5553941465800541,0.6463750960334949
pls5_k100_uniform_w0.25,pls,5,100,uniform,0.25,2,4.676773700863123,0.21986449876997138,0.2850793655174423,0.18628429730448381,0.3565216658055629,-0.07492421028741203,0.4497064312891308,0.5266099544683441
pls5_k100_uniform_w0.50,pls,5,100,uniform,0.5,2,4.676773700863123,0.22932124115664282,0.2935778541043867,0.19832293504354048,0.3175844016691802,-0.05730956430392511,0.4471732116622231,0.5415525039618675
pls5_k100_uniform_w0.75,pls,5,100,uniform,0.75,2,4.676773700863123,0.24386540055501987,0.30947387395931436,0.21620903861749063,0.24168378146991232,-0.03969491832043822,0.47865991287519594,0.5715778809909462
pls5_k100_uniform_w1.00,pls,5,100,uniform,1.0,2,4.676773700863123,0.26261218610229287,0.3317056094979019,0.23120702809722005,0.12881980520775882,-0.022080272336951298,0.5260518545345712,0.6154779481132139
pls5_k100_inverse_distance_w0.25,pls,5,100,inverse_distance,0.25,2,4.699578201398253,0.2202607691645994,0.285606230750061,0.18682805538749925,0.35414099791748377,-0.07625659729846919,0.45068871994453197,0.5252565781063989
pls5_k100_inverse_distance_w0.50,pls,5,100,inverse_distance,0.5,2,4.699578201398253,0.22998493421452623,0.2945828017405873,0.19904372706354678,0.3129044457287482,-0.05997433832603945,0.45015300503808897,0.5453001630804781
pls5_k100_inverse_distance_w0.75,pls,5,100,inverse_distance,0.75,2,4.699578201398253,0.2448788972538387,0.3108782196415335,0.21451554907230452,0.23478591731285314,-0.04369207935360972,0.4823871129660486,0.5733782881112569
pls5_k100_inverse_distance_w1.00,pls,5,100,inverse_distance,1.0,2,4.699578201398253,0.26372983817820506,0.3334211153207356,0.23240717952252687,0.11978541266979825,-0.02740982038117997,0.5263808401710119,0.6287914666899572
pls5_k250_uniform_w0.25,pls,5,250,uniform,0.25,2,4.786019501276314,0.21716457744322817,0.2816356210894443,0.18225058602885902,0.3719741380738678,-0.06614103254008309,0.4405068996787589,0.5152071693742736
pls5_k250_uniform_w0.50,pls,5,250,uniform,0.5,2,4.786019501276314,0.22497318472693892,0.28735197355990516,0.19361773886205746,0.3462213556225071,-0.03974320880926721,0.4435372805456108,0.5238405091670109
pls5_k250_uniform_w0.75,pls,5,250,uniform,0.75,2,4.786019501276314,0.23791133315214325,0.30129477967642354,0.20908412953917832,0.28123722652497707,-0.013345385078451372,0.47116711529813754,0.5467557733343971
pls5_k250_uniform_w1.00,pls,5,250,uniform,1.0,2,4.786019501276314,0.25585190439888755,0.322398489017727,0.2197988620872291,0.17702175078127846,0.013052438652364445,0.5088582059778766,0.589040074608379
pls5_k250_inverse_distance_w0.25,pls,5,250,inverse_distance,0.25,2,4.785552501678467,0.21763260281458394,0.2822610497474954,0.1826502243191701,0.3691817249546363,-0.06799465287880592,0.44216673833804526,0.5152255912990458
pls5_k250_inverse_distance_w0.50,pls,5,250,inverse_distance,0.5,2,4.785552501678467,0.22560415217045957,0.28835862761631936,0.1942091235829757,0.34163268551302994,-0.043450449486712846,0.446360339190063,0.5241099202262296
pls5_k250_inverse_distance_w0.75,pls,5,250,inverse_distance,0.75,2,4.785552501678467,0.2385784257025137,0.3024221173821213,0.21105365886760197,0.2758484555542402,-0.01890624609461983,0.4739165108863546,0.5477561606149569
pls5_k250_inverse_distance_w1.00,pls,5,250,inverse_distance,1.0,2,4.785552501678467,0.2564687247254601,0.323414002615708,0.22422540410985903,0.1718290350782683,0.005637957297473247,0.5121540594729403,0.595849612504175
pls5_k500_uniform_w0.25,pls,5,500,uniform,0.25,2,4.95476100128144,0.21522536879324805,0.2790989975871697,0.18302045661519095,0.3832361437828591,-0.058933506539993394,0.43495659529614816,0.5033058258250435
pls5_k500_uniform_w0.50,pls,5,500,uniform,0.5,2,4.95476100128144,0.22231706349050773,0.28341463156608687,0.1916782333981093,0.36401496514185383,-0.025328156809087895,0.4390288046907642,0.5079426279508411
pls5_k500_uniform_w0.75,pls,5,500,uniform,0.75,2,4.95476100128144,0.23492423963367284,0.2971594725530245,0.20619772891864407,0.30083203795604363,0.008277192921817585,0.46782529299149944,0.5374031137492055
pls5_k500_uniform_w1.00,pls,5,500,uniform,1.0,2,4.95476100128144,0.2534798658924731,0.31911744966534783,0.2202882803067432,0.19368736222542904,0.0418825426527231,0.5106991204657935,0.5814086744300137
pls5_k500_inverse_distance_w0.25,pls,5,500,inverse_distance,0.25,2,4.972453000955284,0.21570558842434842,0.27975512031220756,0.18264582347124403,0.3803328840068152,-0.061138569161299124,0.4368479431483348,0.5057981078142585
pls5_k500_inverse_distance_w0.50,pls,5,500,inverse_distance,0.5,2,4.972453000955284,0.22278054803395525,0.284267818971399,0.19222010625757946,0.3601800808375254,-0.029738282051699396,0.4406583900055624,0.510988698333222
pls5_k500_inverse_distance_w0.75,pls,5,500,inverse_distance,0.75,2,4.972453000955284,0.23526253490179425,0.297752816978838,0.20669763619308412,0.2980371643711903,0.0016620050579004386,0.46846213957111404,0.5362058200578307
pls5_k500_inverse_distance_w1.00,pls,5,500,inverse_distance,1.0,2,4.972453000955284,0.2533357529848967,0.3190745503626537,0.22165567838909972,0.1939041346078102,0.03306229216750027,0.5059712330046613,0.5820052414190889
pls10_k100_uniform_w0.25,pls,10,100,uniform,0.25,2,6.24858340062201,0.21902702781203576,0.2850665668854943,0.1788243578632489,0.35657944240038164,-0.07851923974817163,0.4542955788101242,0.5239005200367428
pls10_k100_uniform_w0.50,pls,10,100,uniform,0.5,2,6.24858340062201,0.22516415296476017,0.28974294824582975,0.193305195260578,0.33529627645803783,-0.06449962322544443,0.45079291854738524,0.5293338435840793
pls10_k100_uniform_w0.75,pls,10,100,uniform,0.75,2,6.24858340062201,0.23431185361601245,0.2984711524421899,0.20741560588628438,0.2946460760520284,-0.05048000670271717,0.4630465632458862,0.5325744088145034
pls10_k100_uniform_w1.00,pls,10,100,uniform,1.0,2,6.24858340062201,0.24608979180886284,0.3109101251195145,0.21739654377609163,0.23462884118235394,-0.036460390179989886,0.47401277633988104,0.5511878834264665
pls10_k100_inverse_distance_w0.25,pls,10,100,inverse_distance,0.25,2,6.203015500679612,0.21927131118210985,0.2854343407895485,0.17886715973113354,0.35491817473745,-0.07944099149906395,0.4525403557103205,0.5256070606661191
pls10_k100_inverse_distance_w0.50,pls,10,100,inverse_distance,0.5,2,6.203015500679612,0.22565076970350278,0.290454528236739,0.19241722648622073,0.3320273742772265,-0.06634312672722896,0.4521187863438389,0.530466881904995
pls10_k100_inverse_distance_w0.75,pls,10,100,inverse_distance,0.75,2,6.203015500679612,0.23497582757273225,0.2994898221092762,0.20779012759788884,0.2898231724983892,-0.05324526195539396,0.4647294988878766,0.5330441049674841
pls10_k100_inverse_distance_w1.00,pls,10,100,inverse_distance,1.0,2,6.203015500679612,0.24702476633186254,0.312191807425214,0.21772617073434652,0.22830556940093827,-0.04014739718355898,0.47421202427256126,0.551901056569731
pls10_k250_uniform_w0.25,pls,10,250,uniform,0.25,2,6.352248700335622,0.21734053373721932,0.282584939103448,0.18036935571330126,0.3677331896427569,-0.07096622191622838,0.4460653532526667,0.5166551453448857
pls10_k250_uniform_w0.50,pls,10,250,uniform,0.5,2,6.352248700335622,0.22222731976571442,0.2852328458342344,0.19478789107568062,0.3558286107763321,-0.04939358756155785,0.4375707605740283,0.5177399562628645
pls10_k250_uniform_w0.75,pls,10,250,uniform,0.75,2,6.352248700335622,0.23049462377839866,0.2924577387197138,0.2032053530841651,0.3227818372797854,-0.027820953206887263,0.44450688855616144,0.5201531822624929
pls10_k250_uniform_w1.00,pls,10,250,uniform,1.0,2,6.352248700335622,0.2414675841761758,0.30393339005636777,0.21515197661934238,0.268592869153117,-0.0062483188522167365,0.4597246457039633,0.5502388429558309
pls10_k250_inverse_distance_w0.25,pls,10,250,inverse_distance,0.25,2,6.4180878000333905,0.21760953537338798,0.28298835697454694,0.17991090670598453,0.3659266545982378,-0.07216835115644975,0.447419434287621,0.5172686228681915
pls10_k250_inverse_distance_w0.50,pls,10,250,inverse_distance,0.5,2,6.4180878000333905,0.2226429071803154,0.28589936829299867,0.19429990512253426,0.352814537500752,-0.05179784604200052,0.43922802510548425,0.5213550480572928
pls10_k250_inverse_distance_w0.75,pls,10,250,inverse_distance,0.75,2,6.4180878000333905,0.23095432714013492,0.293238911392749,0.20405185998827235,0.3191592225866021,-0.03142734092755127,0.445104034044071,0.5229326324558702
pls10_k250_inverse_distance_w1.00,pls,10,250,inverse_distance,1.0,2,6.4180878000333905,0.24195197414436254,0.3046871202997595,0.21637350350962414,0.26496070985578835,-0.011056835813102088,0.4593617992693883,0.545763461250735
pls10_k500_uniform_w0.25,pls,10,500,uniform,0.25,2,6.783305900171399,0.21598523888597823,0.28056205192660005,0.18208182161189512,0.3767529664499687,-0.06465765948397789,0.44128334705544286,0.5132534915208643
pls10_k500_uniform_w0.50,pls,10,500,uniform,0.5,2,6.783305900171399,0.22031533255048047,0.2820686047803257,0.19526313040879906,0.37004161276389325,-0.036776462697056866,0.4348757614799237,0.5147706352116473
pls10_k500_uniform_w0.75,pls,10,500,uniform,0.75,2,6.783305900171399,0.2284845796886113,0.28907411125457827,0.20487599117871902,0.3383615128208336,-0.008895265910135893,0.44000359096180636,0.5259718808553507
pls10_k500_uniform_w1.00,pls,10,500,uniform,1.0,2,6.783305900171399,0.23997288193744187,0.30119511444573327,0.2184467759361013,0.28171266662078975,0.01898593087678518,0.4564602620222569,0.5408208213439024
pls10_k500_inverse_distance_w0.25,pls,10,500,inverse_distance,0.25,2,6.74885110091418,0.21626063417598876,0.28100937351158306,0.18179331176485114,0.3747640010957701,-0.06609706044734594,0.44248656364488537,0.5140964362881494
pls10_k500_inverse_distance_w0.50,pls,10,500,inverse_distance,0.5,2,6.74885110091418,0.22064387816396058,0.2826953139422299,0.19602890593246514,0.36723917905319825,-0.039655264623792985,0.43494128063212906,0.5149749801660395
pls10_k500_inverse_distance_w0.75,pls,10,500,inverse_distance,0.75,2,6.74885110091418,0.22870628580892408,0.2896067349075792,0.2037830747282392,0.33592110775134454,-0.013213468800240064,0.4399793235987378,0.5250766517770918
pls10_k500_inverse_distance_w1.00,pls,10,500,inverse_distance,1.0,2,6.74885110091418,0.23997430400139774,0.3013843545013098,0.2203817737267535,0.280809787190209,0.013228327023312942,0.4560993043066209,0.5406266018422552
global_blend,global,0,0,none,0.0,3,4.045464999973774,0.19544272200996055,0.24631072988348746,0.1730704707374393,0.5602219599644929,0.08561634595498532,0.38354588071513795,0.4453354741127944
pca10_k100_uniform_w0.25,pca,10,100,uniform,0.25,3,5.646300599910319,0.21297470490934733,0.2662389599434594,0.1920025277247479,0.48618107850851777,0.09573140089795008,0.4174475963454956,0.48304665020751003
pca10_k100_uniform_w0.50,pca,10,100,uniform,0.5,3,5.646300599910319,0.23807476920409293,0.29613664867447237,0.2161778002707173,0.3643014927833518,0.10584645584091473,0.4734310492425301,0.5388127827849133
pca10_k100_uniform_w0.75,pca,10,100,uniform,0.75,3,5.646300599910319,0.26927160890997315,0.3333319191809495,0.23784554563718707,0.19458320278899455,0.11596151078387942,0.5363597591610784,0.6080499211547393
pca10_k100_uniform_w1.00,pca,10,100,uniform,1.0,3,5.646300599910319,0.30484004014633664,0.3756633396565289,0.26987927011454005,-0.022973791474554472,0.1260765657268442,0.6116717712045461,0.6938588368005572
pca10_k100_inverse_distance_w0.25,pca,10,100,inverse_distance,0.25,3,5.646727900020778,0.21303765012449744,0.26637576480558367,0.19163826335560863,0.48565289896282726,0.09577008131776316,0.4183661393687185,0.4846362997241133
pca10_k100_inverse_distance_w0.50,pca,10,100,inverse_distance,0.5,3,5.646727900020778,0.23822274987899944,0.29649391048015933,0.2158231656031866,0.362766743256137,0.10592381668054097,0.4744514752387111,0.53594628986105
pca10_k100_inverse_distance_w0.75,pca,10,100,inverse_distance,0.75,3,5.646727900020778,0.26961296493385256,0.33395620713486923,0.24050425607670256,0.19156349284442165,0.11607755204331875,0.5349452502184453,0.6094804034120652
pca10_k100_inverse_distance_w1.00,pca,10,100,inverse_distance,1.0,3,5.646727900020778,0.3054710305778424,0.3765771847470748,0.26879674447062385,-0.02795685227231859,0.1262312874060966,0.609742823347778,0.693434169339587
pca10_k250_uniform_w0.25,pca,10,250,uniform,0.25,3,5.817025000229478,0.2124632548097489,0.26516565955077215,0.19166202827119783,0.49031548801682956,0.09583032990742194,0.4165062437392722,0.4788984943614581
pca10_k250_uniform_w0.50,pca,10,250,uniform,0.5,3,5.817025000229478,0.23674586909598663,0.2933847497650212,0.21299145537685504,0.3760612654683416,0.10604431385985848,0.46368494614307043,0.5178340206175867
pca10_k250_uniform_w0.75,pca,10,250,uniform,0.75,3,5.817025000229478,0.266257652000204,0.328564040675179,0.2400534645694865,0.21745929231902905,0.11625829781229498,0.5251183067920941,0.59162703266339
pca10_k250_uniform_w1.00,pca,10,250,uniform,1.0,3,5.817025000229478,0.2997935075196769,0.36871666533443503,0.274046479119896,0.014509568568891407,0.12647228176473158,0.5952305298721537,0.6644271271941391
pca10_k250_inverse_distance_w0.25,pca,10,250,inverse_distance,0.25,3,5.830315599218011,0.21250827949310722,0.2652868627072279,0.19202150334470325,0.48984944358225857,0.09585691175687158,0.4183101006497097,0.4803604873492389
pca10_k250_inverse_distance_w0.50,pca,10,250,inverse_distance,0.5,3,5.830315599218011,0.23681480183221948,0.29366959718650004,0.21357556621399176,0.374849112364798,0.10609747755875777,0.46185315667399784,0.5211405033824853
pca10_k250_inverse_distance_w0.75,pca,10,250,inverse_distance,0.75,3,5.830315599218011,0.2664880947127077,0.32903360621013955,0.23984156591816763,0.21522096631211052,0.11633804336064399,0.5276567476628377,0.5922548107002125
pca10_k250_inverse_distance_w1.00,pca,10,250,inverse_distance,1.0,3,5.830315599218011,0.3001915025500944,0.36937916107564533,0.2718453787307986,0.010965005424196539,0.12657860916253022,0.5963950194450099,0.6687649141235904
pca10_k500_uniform_w0.25,pca,10,500,uniform,0.25,3,6.354226400144398,0.21202930050337176,0.2644664085992275,0.19022894452594485,0.49300005482332265,0.09532698794570212,0.4156711751121368,0.47530114169153304
pca10_k500_uniform_w0.50,pca,10,500,uniform,0.5,3,6.354226400144398,0.2356721218525351,0.29176650769467377,0.21073798586074766,0.38292528494783884,0.10503762993641891,0.4613748705667395,0.5188191156991714
pca10_k500_uniform_w0.75,pca,10,500,uniform,0.75,3,6.354226400144398,0.2643092254053204,0.3259211819760324,0.23515776295385393,0.22999765033804165,0.11474827192713559,0.5214402569471109,0.581227230107041
pca10_k500_uniform_w1.00,pca,10,500,uniform,1.0,3,6.354226400144398,0.29710873199716004,0.3650112968420256,0.26980298869661645,0.034217150993930856,0.12445891391785244,0.5833553656253515,0.6636110641597446
pca10_k500_inverse_distance_w0.25,pca,10,500,inverse_distance,0.25,3,6.299542000517249,0.21209572225860165,0.2645910736231461,0.19041477112505945,0.49252195964630086,0.09540881347823417,0.415146700643869,0.4761902311764877
pca10_k500_inverse_distance_w0.50,pca,10,500,inverse_distance,0.5,3,6.299542000517249,0.23580095069584972,0.29203148777766424,0.21112886318088186,0.38180393102071575,0.10520128100148286,0.46227206459945486,0.515958868473131
pca10_k500_inverse_distance_w0.75,pca,10,500,inverse_distance,0.75,3,6.299542000517249,0.2645516460660951,0.32632933746982845,0.23609109666479533,0.2280678740877372,0.11499374852473164,0.5215138806603514,0.5827795218364809
pca10_k500_inverse_distance_w1.00,pca,10,500,inverse_distance,1.0,3,6.299542000517249,0.29748074800665875,0.36555953846211225,0.27089166636262263,0.031313788847365354,0.12478621604798046,0.5835635402317082,0.6696922246010285
pca20_k100_uniform_w0.25,pca,20,100,uniform,0.25,3,7.8132043005898595,0.20784256299461515,0.25970086596823366,0.1886221459256845,0.5111071647904787,0.09003550616755672,0.4048529098587885,0.4646858174161252
pca20_k100_uniform_w0.50,pca,20,100,uniform,0.5,3,7.8132043005898595,0.22738414501354232,0.2831267908914405,0.19923870322527826,0.4189295234975684,0.09445466638012803,0.4408545682329106,0.5120573246921628
pca20_k100_uniform_w0.75,pca,20,100,uniform,0.75,3,7.8132043005898595,0.2530377337793036,0.31435282003386156,0.2199828283342633,0.28368903608576224,0.09887382659269943,0.49679305138334623,0.5782903940579722
pca20_k100_uniform_w1.00,pca,20,100,uniform,1.0,3,7.8132043005898595,0.2834239746388895,0.35130511953701754,0.25121125046095827,0.10538570255505975,0.1032929868052708,0.5633493307505173,0.6495000862893497
pca20_k100_inverse_distance_w0.25,pca,20,100,inverse_distance,0.25,3,6.894108700565994,0.207753672614869,0.2596370943616655,0.1880819008710244,0.511347238334214,0.08997913664790368,0.4048545904550889,0.4647734221190265
pca20_k100_inverse_distance_w0.50,pca,20,100,inverse_distance,0.5,3,6.894108700565994,0.22723691171667354,0.28301570477691784,0.20010074807460754,0.4193854054596541,0.094341927340822,0.4413663845573611,0.5109897160486482
pca20_k100_inverse_distance_w0.75,pca,20,100,inverse_distance,0.75,3,6.894108700565994,0.2528656640080813,0.31421072674426265,0.2214249086884017,0.28433646134081314,0.09870471803374035,0.4965197991868596,0.5775158726937295
pca20_k100_inverse_distance_w1.00,pca,20,100,inverse_distance,1.0,3,6.894108700565994,0.28321813467713136,0.35114512059961034,0.24932809623087593,0.10620040597769087,0.10306750872665868,0.5597316414605527,0.6516460468485185
pca20_k250_uniform_w0.25,pca,20,250,uniform,0.25,3,6.651932800188661,0.20802717528468542,0.2598746699498841,0.1871929877493237,0.5104525658579444,0.0904815480572232,0.40533551297429876,0.46600958479606364
pca20_k250_uniform_w0.50,pca,20,250,uniform,0.5,3,6.651932800188661,0.22765750176584326,0.28317599691187334,0.20024778280616928,0.4187275316603608,0.09534675015946102,0.44318126176186223,0.5129711412507206
pca20_k250_uniform_w0.75,pca,20,250,uniform,0.75,3,6.651932800188661,0.25329997922149633,0.3140547390060413,0.22314624009045225,0.28504685737174174,0.10021195226169888,0.49817947999045464,0.5710128002033147
pca20_k250_uniform_w1.00,pca,20,250,uniform,1.0,3,6.651932800188661,0.2833744172572031,0.3505139735829648,0.25651501754080464,0.10941054299208752,0.1050771543639367,0.563057631881041,0.6475854747702792
pca20_k250_inverse_distance_w0.25,pca,20,250,inverse_distance,0.25,3,7.067138799466193,0.20794279958608636,0.2598050352175269,0.1874568280365061,0.5107148841310691,0.0904093880952506,0.40648004391611287,0.46631621924674954
pca20_k250_inverse_distance_w0.50,pca,20,250,inverse_distance,0.5,3,7.067138799466193,0.22751916952684664,0.2830390439128889,0.19971470826774684,0.41928963973719213,0.09520243023551588,0.44241396326975535,0.5119854197401839
pca20_k250_inverse_distance_w0.75,pca,20,250,inverse_distance,0.75,3,7.067138799466193,0.25308115925928976,0.3138571455614193,0.222268040666858,0.28594622678286197,0.09999547237578116,0.4979233548846573,0.5702793188863076
pca20_k250_inverse_distance_w1.00,pca,20,250,inverse_distance,1.0,3,7.067138799466193,0.2831342577955234,0.3502631562795314,0.2565640869538406,0.11068464526807864,0.1047885145160464,0.562012081767806,0.6501203269150226
pca20_k500_uniform_w0.25,pca,20,500,uniform,0.25,3,7.787365400232375,0.20802425399911095,0.2599907662823703,0.18757579130944535,0.5100150676066313,0.0904825276118145,0.40387996215661914,0.46663578330539823
pca20_k500_uniform_w0.50,pca,20,500,uniform,0.5,3,7.787365400232375,0.22767632506427427,0.2833231728815025,0.19906542635083646,0.4181231614348043,0.09534870926864358,0.44151511068606886,0.5177287501375744
pca20_k500_uniform_w0.75,pca,20,500,uniform,0.75,3,7.787365400232375,0.25327849260039714,0.31416467158861044,0.22150148416101167,0.28454624144901086,0.1002148909254727,0.506041510833011,0.5742194262421153
pca20_k500_uniform_w1.00,pca,20,500,uniform,1.0,3,7.787365400232375,0.28324698572764984,0.3505388142564344,0.2544788827383542,0.1092843076492519,0.10508107258230182,0.56547977196844,0.6465416061721725
pca20_k500_inverse_distance_w0.25,pca,20,500,inverse_distance,0.25,3,6.949747299775481,0.20795156228942513,0.2599204639251936,0.18739887887774564,0.5102800188502229,0.0904232557432323,0.40456615206660873,0.46633759813106457
pca20_k500_inverse_distance_w0.50,pca,20,500,inverse_distance,0.5,3,6.949747299775481,0.22753473903819643,0.2831769175066852,0.19903545252554267,0.41872375226313574,0.09523016553147926,0.44270031197343446,0.517616411692213
pca20_k500_inverse_distance_w0.75,pca,20,500,inverse_distance,0.75,3,6.949747299775481,0.2530648546858428,0.31394351845552854,0.22246785139269853,0.2855531602032316,0.10003707531972619,0.5061925373941971,0.574403037620193
pca20_k500_inverse_distance_w1.00,pca,20,500,inverse_distance,1.0,3,6.949747299775481,0.2829510006827768,0.3502466931778716,0.2554036095563319,0.11076824267051077,0.10484398510797312,0.5659187053703093,0.6487537767661192
pls5_k100_uniform_w0.25,pls,5,100,uniform,0.25,3,4.799711899831891,0.2059534534673517,0.25771448040818684,0.18437068193870587,0.518557395680763,0.08367409357418228,0.41137471377844614,0.47634885888604467
pls5_k100_uniform_w0.50,pls,5,100,uniform,0.5,3,4.799711899831891,0.21906857194461812,0.2742779596928409,0.19264639571538567,0.4546834261524193,0.08173184119337915,0.44995772256942,0.5132409741882369
pls5_k100_uniform_w0.75,pls,5,100,uniform,0.75,3,4.799711899831891,0.23460239816411105,0.29513372043762487,0.2003181941222092,0.36860005137946183,0.07978958881257606,0.49167904731078776,0.553441216092758
pls5_k100_uniform_w1.00,pls,5,100,uniform,1.0,3,4.799711899831891,0.25227576729809803,0.319442161760656,0.20870042266792765,0.26030727136189036,0.07784733643177301,0.5316938596616148,0.6052676221437501
pls5_k100_inverse_distance_w0.25,pls,5,100,inverse_distance,0.25,3,4.805377800017595,0.20578624987440894,0.25747728393779556,0.18382815489739102,0.51944321268188,0.08385437961232066,0.41146298865811776,0.4779771284543609
pls5_k100_inverse_distance_w0.50,pls,5,100,inverse_distance,0.5,3,4.805377800017595,0.21875334822170803,0.2738393824549554,0.19192453026917988,0.45642598120770017,0.08209241326965593,0.4482909898735071,0.5130106047168657
pls5_k100_inverse_distance_w0.75,pls,5,100,inverse_distance,0.75,3,4.805377800017595,0.23419331076591884,0.29453241345175885,0.1976985965553073,0.37117026554195287,0.08033044692699115,0.4863950094517655,0.5582088294512366
pls5_k100_inverse_distance_w1.00,pls,5,100,inverse_distance,1.0,3,4.805377800017595,0.2517786616225361,0.31871391139265254,0.2063032750808258,0.2636760656846385,0.07856848058432646,0.5306599048209184,0.6048324114068037
pls5_k250_uniform_w0.25,pls,5,250,uniform,0.25,3,4.898561200127006,0.20586491773375182,0.25763637352584345,0.18428880320434615,0.5188491781399639,0.08321513869087596,0.4107125130694982,0.4749316477485757
pls5_k250_uniform_w0.50,pls,5,250,uniform,0.5,3,4.898561200127006,0.21862735399188238,0.27365992760574726,0.19410538278732936,0.45713818724630406,0.08081393142676657,0.44344988158084286,0.5134165430391706
pls5_k250_uniform_w0.75,pls,5,250,uniform,0.75,3,4.898561200127006,0.23365530269566098,0.2936132502061872,0.20255844453080663,0.3750889872835129,0.07841272416265718,0.48479836197875414,0.5514857508232932
pls5_k250_uniform_w1.00,pls,5,250,uniform,1.0,3,4.898561200127006,0.25058139026254866,0.31675456606325775,0.21109100048711937,0.2727015782515908,0.07601151689854782,0.5244343483400481,0.598267787317895
pls5_k250_inverse_distance_w0.25,pls,5,250,inverse_distance,0.25,3,4.874538199976087,0.20578755722659434,0.2575005960792683,0.18432761147271037,0.5193561889662757,0.08336003164427049,0.41025539940751593,0.4753747348750181
pls5_k250_inverse_distance_w0.50,pls,5,250,inverse_distance,0.5,3,4.874538199976087,0.21848971434497136,0.27342565995447016,0.19142979183611608,0.45806722737755223,0.08110371733355552,0.4438463016084303,0.5116481615090008
pls5_k250_inverse_distance_w0.75,pls,5,250,inverse_distance,0.75,3,4.874538199976087,0.23347971087957214,0.29331566490184857,0.20273669675632,0.37635507519832234,0.0788474030228406,0.48169583197312704,0.5505429204360104
pls5_k250_inverse_distance_w1.00,pls,5,250,inverse_distance,1.0,3,4.874538199976087,0.25034475705633513,0.31642379848394214,0.20971310749212968,0.274219732428586,0.07659108871212572,0.525505928451874,0.6019035169475246
pls5_k500_uniform_w0.25,pls,5,500,uniform,0.25,3,4.973684700205922,0.20596224309654268,0.2576778933105463,0.18517864777616744,0.518694084447297,0.08300492222303675,0.41117273077451455,0.47225832769182075
pls5_k500_uniform_w0.50,pls,5,500,uniform,0.5,3,4.973684700205922,0.21864413594102383,0.273502446469294,0.19388058225169402,0.4577628011432161,0.08039349849108811,0.44531725152443363,0.508327921051422
pls5_k500_uniform_w0.75,pls,5,500,uniform,0.75,3,4.973684700205922,0.23323330136334028,0.2930632188230375,0.20330412058719105,0.37742811005224997,0.07778207475913952,0.4843340768050489,0.5463099526336548
pls5_k500_uniform_w1.00,pls,5,500,uniform,1.0,3,4.973684700205922,0.24987537524157222,0.3156664104836826,0.2151410572296868,0.27769001117439895,0.07517065102719091,0.5223813468996855,0.5940679363535867
pls5_k500_inverse_distance_w0.25,pls,5,500,inverse_distance,0.25,3,4.990770699456334,0.20589249870756915,0.2575790413218583,0.1857462912191039,0.5190632967240357,0.08311601288093884,0.4111718186707706,0.47316186786124204
pls5_k500_inverse_distance_w0.50,pls,5,500,inverse_distance,0.5,3,4.990770699456334,0.21849683491358668,0.27333254046920785,0.19343608752441277,0.458436292282397,0.08061567980689222,0.44418539696969794,0.5099815694046262
pls5_k500_inverse_distance_w0.75,pls,5,500,inverse_distance,0.75,3,4.990770699456334,0.2330565199170593,0.2928482902612323,0.20448565804800367,0.3783409466395764,0.07811534673284563,0.48420654014580083,0.5510919363798019
pls5_k500_inverse_distance_w1.00,pls,5,500,inverse_distance,1.0,3,4.990770699456334,0.2496294424134081,0.31542874443686186,0.21306794608661583,0.27877725979557366,0.07561501365879916,0.520473684004212,0.5971770389847947
pls10_k100_uniform_w0.25,pls,10,100,uniform,0.25,3,6.1094467006623745,0.20179901060873282,0.25364987154395235,0.17932772519131213,0.5336240244055079,0.08875256037848132,0.3966647392969901,0.4596463239661527
pls10_k100_uniform_w0.50,pls,10,100,uniform,0.5,3,6.1094467006623745,0.2105448232660832,0.2644576074222866,0.18939795027562134,0.4930337991616033,0.09188877480197731,0.4150588647172392,0.4885921288798079
pls10_k100_uniform_w0.75,pls,10,100,uniform,0.75,3,6.1094467006623745,0.2216684998790809,0.27833016728968935,0.19551248341450034,0.43845128423277857,0.09502498922547326,0.4423455072163485,0.5164023036955732
pls10_k100_uniform_w1.00,pls,10,100,uniform,1.0,3,6.1094467006623745,0.23502250695847285,0.2948352506642008,0.2029673216894068,0.36987647961903414,0.09816120364896927,0.47315176396627906,0.5511896172347676
pls10_k100_inverse_distance_w0.25,pls,10,100,inverse_distance,0.25,3,6.038258100859821,0.20177461246866607,0.25362080218720107,0.17968015934619253,0.5337309156305892,0.0887358012999813,0.39719232449803565,0.458687782778382
pls10_k100_inverse_distance_w0.50,pls,10,100,inverse_distance,0.5,3,6.038258100859821,0.21053340127406275,0.2644532778127817,0.18879306287488085,0.4930503987802385,0.09185525664497726,0.41426696089371334,0.4870204086462738
pls10_k100_inverse_distance_w0.75,pls,10,100,inverse_distance,0.75,3,6.038258100859821,0.22169459046167905,0.2783972883978417,0.19495943343283706,0.4381804094134413,0.0949747119899732,0.44163902997315996,0.5180503832063502
pls10_k100_inverse_distance_w1.00,pls,10,100,inverse_distance,1.0,3,6.038258100859821,0.23510387309738923,0.29501195471729574,0.20246474535482406,0.36912094753019686,0.09809416733496919,0.47234256198570856,0.5524021071482476
pls10_k250_uniform_w0.25,pls,10,250,uniform,0.25,3,6.1730634002014995,0.20221067876378032,0.2538749778170643,0.18213100933791004,0.5327958691049542,0.0888749222976755,0.398803423538114,0.4606920865904218
pls10_k250_uniform_w0.50,pls,10,250,uniform,0.5,3,6.1730634002014995,0.2110448801599816,0.2643836339221127,0.19006732288378814,0.49331737443639956,0.09213349864036559,0.4170121701027193,0.48876774447541266
pls10_k250_uniform_w0.75,pls,10,250,uniform,0.75,3,6.1730634002014995,0.22181673264318602,0.27750239679771566,0.19701803466599088,0.4417864759588286,0.09539207498305566,0.4437436287095782,0.5170547822689746
pls10_k250_uniform_w1.00,pls,10,250,uniform,1.0,3,6.1730634002014995,0.23417280282166514,0.29288073919167207,0.20270075981330393,0.3782031736722411,0.09865065132574584,0.47308725690639797,0.5436593494756821
pls10_k250_inverse_distance_w0.25,pls,10,250,inverse_distance,0.25,3,6.149353800341487,0.20214781364380777,0.2538156319244651,0.18199145485283452,0.5330142711366768,0.08886223998961366,0.39775359748229083,0.46065520686023925
pls10_k250_inverse_distance_w0.50,pls,10,250,inverse_distance,0.5,3,6.149353800341487,0.21094417246919714,0.26430596210466006,0.1894287776758965,0.4936150417229598,0.09210813402424191,0.4163699858007473,0.4870967567941039
pls10_k250_inverse_distance_w0.75,pls,10,250,inverse_distance,0.75,3,6.149353800341487,0.22168432864167825,0.27744328328561085,0.19626200196186439,0.44202427172334213,0.0953540280588702,0.4424090040160555,0.514986332657532
pls10_k250_inverse_distance_w1.00,pls,10,250,inverse_distance,1.0,3,6.149353800341487,0.23401025965578953,0.29287160415087143,0.2027898788032232,0.3782419611378235,0.09859992209349852,0.47211585711337606,0.5446936246483778
pls10_k500_uniform_w0.25,pls,10,500,uniform,0.25,3,6.453608499839902,0.20286876682556534,0.25454714883128865,0.18147828659811083,0.5303186118976426,0.08907194548618262,0.40095934607998984,0.4623372486577373
pls10_k500_uniform_w0.50,pls,10,500,uniform,0.5,3,6.453608499839902,0.21228863011502414,0.26553578555206936,0.18984367320735984,0.48889162981051415,0.09252754501737988,0.4218265395765847,0.49080675197340135
pls10_k500_uniform_w0.75,pls,10,500,uniform,0.75,3,6.453608499839902,0.2236753958567428,0.2789515781414139,0.2002092495299621,0.4359410137031078,0.09598314454857712,0.4484547264723354,0.5193337115781324
pls10_k500_uniform_w1.00,pls,10,500,uniform,1.0,3,6.453608499839902,0.23653188384395493,0.29446296812100264,0.21015376810419717,0.3714667635754231,0.0994387440797744,0.4721920817508918,0.5478319505150213
pls10_k500_inverse_distance_w0.25,pls,10,500,inverse_distance,0.25,3,6.432951900176704,0.2027558400338466,0.25443268250385753,0.1822508572001933,0.5307409353503625,0.08904718924591173,0.3995008283012201,0.46084625479213287
pls10_k500_inverse_distance_w0.50,pls,10,500,inverse_distance,0.5,3,6.432951900176704,0.21208422026878646,0.2653280965622723,0.1905433114775974,0.4896908446326995,0.09247803253683808,0.4200653219093081,0.49210812706746654
pls10_k500_inverse_distance_w0.75,pls,10,500,inverse_distance,0.75,3,6.432951900176704,0.2233402945144144,0.27867185425422036,0.20125340393131275,0.4370716878115035,0.09590887582776446,0.44854426431497996,0.5194723263835999
pls10_k500_inverse_distance_w1.00,pls,10,500,inverse_distance,1.0,3,6.432951900176704,0.23610229947781927,0.2941309240975686,0.2085479607207894,0.3728834648867748,0.09933971911869086,0.47241898573485425,0.5479748645045794
global_blend,global,0,0,none,0.0,4,3.5312513997778296,0.2754794464138993,0.32166782352953954,0.26381413967754064,0.379396744058873,0.04696194154760323,0.4986810003180786,0.5572706105264684
pca10_k100_uniform_w0.25,pca,10,100,uniform,0.25,4,5.212778001092374,0.27937367748407577,0.3246365279657564,0.26951263212112586,0.3678886646470001,0.0347013083022935,0.4969676761949998,0.5667880356893846
pca10_k100_uniform_w0.50,pca,10,100,uniform,0.5,4,5.212778001092374,0.28846744521621426,0.3355311815872103,0.27696226354115616,0.3247500182379416,0.022440675056983803,0.5226431502877266,0.5885950834189073
pca10_k100_uniform_w0.75,pca,10,100,uniform,0.75,4,5.212778001092374,0.3011730156505728,0.3536199715473878,0.2830574846319962,0.24998080483169738,0.010180041811674109,0.5583074185032294,0.6317833400652327
pca10_k100_uniform_w1.00,pca,10,100,uniform,1.0,4,5.212778001092374,0.31785255735445656,0.37787115088249196,0.2975880903479826,0.14358102442826748,-0.0020805914336356197,0.6129617285047705,0.6947651368980515
pca10_k100_inverse_distance_w0.25,pca,10,100,inverse_distance,0.25,4,5.253732999786735,0.27928098133572365,0.3245729332399377,0.2695018647161831,0.36813629549692883,0.035105909797222785,0.4974416597663218,0.5679300211613015
pca10_k100_inverse_distance_w0.50,pca,10,100,inverse_distance,0.5,4,5.253732999786735,0.2882561434617229,0.33539182038025744,0.2773452229813138,0.3253108251904653,0.023249878046842327,0.5231559556082154,0.5897696056278137
pca10_k100_inverse_distance_w0.75,pca,10,100,inverse_distance,0.75,4,5.253732999786735,0.30091843832101495,0.35339841716149273,0.2831558661664957,0.2509203331394827,0.011393846296461849,0.5595148038773967,0.6294703446817651
pca10_k100_inverse_distance_w1.00,pca,10,100,inverse_distance,1.0,4,5.253732999786735,0.31752661070028926,0.37756574687698263,0.2968655747695106,0.14496481934398076,-0.0004621854539186121,0.6127399803297576,0.6950057080617854
pca10_k250_uniform_w0.25,pca,10,250,uniform,0.25,4,5.510109200142324,0.28023881773531306,0.32532946676021196,0.2744468786439338,0.3651872931050957,0.030064725491647893,0.49785991439070404,0.5633213818838775
pca10_k250_uniform_w0.50,pca,10,250,uniform,0.5,4,5.510109200142324,0.29027841297835083,0.3368233722071121,0.27993953992187137,0.3195389861977179,0.01316750943569259,0.5212383387582222,0.587691562177476
pca10_k250_uniform_w0.75,pca,10,250,uniform,0.75,4,5.510109200142324,0.30331705663703096,0.3553904262380904,0.2855745409157091,0.24245182333674054,-0.003729706620262764,0.5598057373808771,0.6247420272235557
pca10_k250_uniform_w1.00,pca,10,250,uniform,1.0,4,5.510109200142324,0.32014062193032106,0.3799952301445986,0.2997098738382906,0.13392580452216263,-0.020626922676218067,0.5931014578458745,0.687053738789967
pca10_k250_inverse_distance_w0.25,pca,10,250,inverse_distance,0.25,4,5.419782700017095,0.28009171307867814,0.3252082226928055,0.2736174247973633,0.365660370034009,0.03070511424857257,0.49742315986021274,0.5628761680385793
pca10_k250_inverse_distance_w0.50,pca,10,250,inverse_distance,0.5,4,5.419782700017095,0.2899384316237398,0.33653529929398635,0.27973958471258165,0.32070243610787663,0.01444828694954191,0.5219149088571481,0.5857694011935666
pca10_k250_inverse_distance_w0.75,pca,10,250,inverse_distance,0.75,4,5.419782700017095,0.30283906418378603,0.3549042791878813,0.2854802519803119,0.24452294228047677,-0.0018085403494887502,0.5583318445805767,0.6244475978708678
pca10_k250_inverse_distance_w1.00,pca,10,250,inverse_distance,1.0,4,5.419782700017095,0.31954246882224685,0.37929343159609735,0.29930996341971117,0.13712188855180896,-0.018065367648519428,0.5947787184588251,0.6876235460683929
pca10_k500_uniform_w0.25,pca,10,500,uniform,0.25,4,6.075399500317872,0.2812588506757682,0.3262883800987952,0.2744841665735809,0.3614395385654857,0.025878471015362593,0.49691541420045277,0.5659364016693238
pca10_k500_uniform_w0.50,pca,10,500,uniform,0.5,4,6.075399500317872,0.2924424153933689,0.33884386895261104,0.283674466883145,0.3113507600811509,0.00479500048312199,0.5216710757205764,0.5859942159224244
pca10_k500_uniform_w0.75,pca,10,500,uniform,0.75,4,6.075399500317872,0.30664126539303865,0.3585015624959902,0.29456607601821005,0.2291304086058682,-0.016288470049118594,0.5519867802595478,0.62481519352672
pca10_k500_uniform_w1.00,pca,10,500,uniform,1.0,4,6.075399500317872,0.3243620486638354,0.38417276757127383,0.30551336414775143,0.11477848413963798,-0.03737194058135923,0.606852532406158,0.6930692155724608
pca10_k500_inverse_distance_w0.25,pca,10,500,inverse_distance,0.25,4,6.569007300771773,0.28104825023444446,0.3260862939655992,0.2742258509215958,0.36223027621155623,0.02672483389262963,0.49630696172606653,0.5655470148618369
pca10_k500_inverse_distance_w0.50,pca,10,500,inverse_distance,0.5,4,6.569007300771773,0.29194201789010654,0.3383615746916345,0.2833452134594072,0.31330974613046847,0.006487726237656113,0.5211775704297034,0.5865316428464578
pca10_k500_inverse_distance_w0.75,pca,10,500,inverse_distance,0.75,4,6.569007300771773,0.30584743820414273,0.3576856735193364,0.2931407385331415,0.23263515381560906,-0.013749381417317505,0.5535143489630652,0.6267110033180049
pca10_k500_inverse_distance_w1.00,pca,10,500,inverse_distance,1.0,4,6.569007300771773,0.3232990244457773,0.38299311815195225,0.30409695240676093,0.12020649926697857,-0.03398648907229107,0.6060318089107015,0.6922963367718117
pca20_k100_uniform_w0.25,pca,20,100,uniform,0.25,4,6.2693021995946765,0.28010236050790144,0.32568606165860137,0.2753794506726557,0.36379488904148327,0.017305181932016862,0.49773692101712985,0.5665032084137497
pca20_k100_uniform_w0.50,pca,20,100,uniform,0.5,4,6.2693021995946765,0.2908866506027749,0.3397092319436663,0.28199399778094225,0.30782882808582557,-0.012351577683569507,0.5282795882162631,0.5941366789295055
pca20_k100_uniform_w0.75,pca,20,100,uniform,0.75,4,6.2693021995946765,0.30676366092215324,0.3625783270155941,0.2870187017366135,0.21149856119189958,-0.04200833729915594,0.5730819655448013,0.6496938905542172
pca20_k100_uniform_w1.00,pca,20,100,uniform,1.0,4,6.2693021995946765,0.3280552751469533,0.39275113446011145,0.299262002721548,0.07480408835970631,-0.07166509691474228,0.6340386175637929,0.7106105130192304
pca20_k100_inverse_distance_w0.25,pca,20,100,inverse_distance,0.25,4,8.93666939996183,0.28002573499476174,0.3255925013331766,0.2755018671743166,0.3641603637394434,0.017607716544038286,0.4985443350847675,0.5657206516642499
pca20_k100_inverse_distance_w0.50,pca,20,100,inverse_distance,0.5,4,8.93666939996183,0.29067911128419166,0.3395155888829782,0.2805361111122515,0.30861771416946815,-0.011746508459526725,0.5279709652386807,0.5954537310228435
pca20_k100_inverse_distance_w0.75,pca,20,100,inverse_distance,0.75,4,8.93666939996183,0.3064528592622232,0.36228616203867603,0.28681941349915974,0.21276879534894677,-0.04110073346309168,0.5737520306362264,0.6488211586091179
pca20_k100_inverse_distance_w1.00,pca,20,100,inverse_distance,1.0,4,8.93666939996183,0.32764041589442355,0.39236687074072585,0.29899381922831303,0.07661360727787991,-0.07045495846665664,0.6347710318380488,0.7116620710376216
pca20_k250_uniform_w0.25,pca,20,250,uniform,0.25,4,14.303428099490702,0.28111719333393315,0.32651469547851636,0.27502543092303,0.3605534134033356,0.013750100688536868,0.4994980065428838,0.5657583532489396
pca20_k250_uniform_w0.50,pca,20,250,uniform,0.5,4,14.303428099490702,0.29276800929844743,0.341033817786834,0.2858437370113798,0.3024205111536601,-0.019461740170529512,0.5254845750486575,0.5916365246137114
pca20_k250_uniform_w0.75,pca,20,250,uniform,0.75,4,14.303428099490702,0.3090490059043524,0.36406983427185596,0.29134137304450114,0.20499803730984656,-0.05267358102959589,0.5713411627025722,0.6491495444222203
pca20_k250_uniform_w1.00,pca,20,250,uniform,1.0,4,14.303428099490702,0.3300294615621949,0.39413219155614243,0.3061959097850906,0.06828599187189521,-0.08588542188866226,0.6326819252369837,0.7119875439154842
pca20_k250_inverse_distance_w0.25,pca,20,250,inverse_distance,0.25,4,8.923719000071287,0.28100456063142154,0.32639899246396664,0.2751228971685524,0.3610065188224717,0.01412156335379125,0.49891483049804924,0.5662706892414198
pca20_k250_inverse_distance_w0.50,pca,20,250,inverse_distance,0.5,4,8.923719000071287,0.2925267657856809,0.34078306468786385,0.2859479218404939,0.30344595732581947,-0.018718814840020782,0.5248776133413832,0.5919979948272373
pca20_k250_inverse_distance_w0.75,pca,20,250,inverse_distance,0.75,4,8.923719000071287,0.3086369783232474,0.3636764680095645,0.29166966220945056,0.20671505956891623,-0.05155919303383276,0.5711919297184684,0.6481036067119899
pca20_k250_inverse_distance_w1.00,pca,20,250,inverse_distance,1.0,4,8.923719000071287,0.3295001767487243,0.3935971683067213,0.30510283010160144,0.07081382555176197,-0.08439957122764474,0.6301915476152232,0.7119472544274702
pca20_k500_uniform_w0.25,pca,20,500,uniform,0.25,4,11.522554499097168,0.2819757396573416,0.32721795730502723,0.2769739006450429,0.35779591016793566,0.011835799743207363,0.5014808123995597,0.5645038217333196
pca20_k500_uniform_w0.50,pca,20,500,uniform,0.5,4,11.522554499097168,0.2944859881534866,0.34240754635737924,0.28572727923014085,0.2967893105393852,-0.023290342061188487,0.5263132246065926,0.5937288242786284
pca20_k500_uniform_w0.75,pca,20,500,uniform,0.75,4,11.522554499097168,0.3113833220584783,0.36603851894718625,0.29597879936786065,0.19637694517322135,-0.058416483865584304,0.5745881900838886,0.6509786407724756
pca20_k500_uniform_w1.00,pca,20,500,uniform,1.0,4,11.522554499097168,0.33277544025671,0.3966048414159627,0.30871117885527966,0.05655881406944463,-0.09354262566998019,0.6402671781215794,0.7150690693781185
pca20_k500_inverse_distance_w0.25,pca,20,500,inverse_distance,0.25,4,17.72843309957534,0.2818370939461782,0.3270874427337004,0.27703676523766774,0.35830810868236285,0.012204058861770567,0.5022226792348169,0.5653107071463829
pca20_k500_inverse_distance_w0.50,pca,20,500,inverse_distance,0.5,4,17.72843309957534,0.2941694188436119,0.3421136127381149,0.28599911489367535,0.2979961095569692,-0.022553823824062114,0.5263300628838063,0.592942200287992
pca20_k500_inverse_distance_w0.75,pca,20,500,inverse_distance,0.75,4,17.72843309957534,0.3109064642543391,0.3655636403886338,0.2952518133506139,0.19846074668269154,-0.05731170650989476,0.5737073175847218,0.6522489800686775
pca20_k500_inverse_distance_w1.00,pca,20,500,inverse_distance,1.0,4,17.72843309957534,0.33216702129799514,0.39594361802467315,0.3074421448168927,0.05970202005953007,-0.09206958919572744,0.6391070513898115,0.7137656046913291
pls5_k100_uniform_w0.25,pls,5,100,uniform,0.25,4,4.2671878999099135,0.29133678679204283,0.3370741911297466,0.29030873284731484,0.31852518454994694,0.01747603254872954,0.5118738876210678,0.5699665469863157
pls5_k100_uniform_w0.50,pls,5,100,uniform,0.5,4,4.2671878999099135,0.3124637390728153,0.3601924547290023,0.3138914562317954,0.22184156272336897,-0.012009876450144164,0.5427707633339044,0.607820838371142
pls5_k100_uniform_w0.75,pls,5,100,uniform,0.75,4,4.2671878999099135,0.33746809065316963,0.38965237205491937,0.3344310650557336,0.08934587857913912,-0.04149578544901785,0.5969101568781473,0.6588543039877326
pls5_k100_uniform_w1.00,pls,5,100,uniform,1.0,4,4.2671878999099135,0.36489239709688026,0.42413454249652405,0.3557626781803176,-0.07896186788274306,-0.07098169444789156,0.6523118046245834,0.7347157938956925
pls5_k100_inverse_distance_w0.25,pls,5,100,inverse_distance,0.25,4,4.259684299118817,0.29118760151351464,0.3369304847496362,0.289756272850342,0.31910613322821024,0.01786126659298928,0.5123669567167927,0.5702993266466738
pls5_k100_inverse_distance_w0.50,pls,5,100,inverse_distance,0.5,4,4.259684299118817,0.31221086650765545,0.35993573191306116,0.31337914215012574,0.22295041345276678,-0.011239408361624688,0.5459625624432853,0.6086549798407539
pls5_k100_inverse_distance_w0.75,pls,5,100,inverse_distance,0.75,4,4.259684299118817,0.3370866802989731,0.3893134050565554,0.3331634546473694,0.09092958473254242,-0.04034008331623865,0.5948278030958477,0.6585347340921706
pls5_k100_inverse_distance_w1.00,pls,5,100,inverse_distance,1.0,4,4.259684299118817,0.3644701079836069,0.42374018018172455,0.3560878146779096,-0.07695635293246261,-0.06944075827085261,0.6546079270830301,0.7336341563340243
pls5_k250_uniform_w0.25,pls,5,250,uniform,0.25,4,4.340791399590671,0.29129006502580485,0.33681671718676287,0.28902238332675445,0.3195658752887377,0.016116253705409797,0.5120818701845948,0.5723213379447079
pls5_k250_uniform_w0.50,pls,5,250,uniform,0.5,4,4.340791399590671,0.3123292425239662,0.3594948253717583,0.314044044226506,0.22485295535651484,-0.014729434136783588,0.5405534392421335,0.6071315115815342
pls5_k250_uniform_w0.75,pls,5,250,uniform,0.75,4,4.340791399590671,0.33726318056205584,0.38838547111348104,0.3370742032862193,0.09525798426220522,-0.04557512197897704,0.5951772683682258,0.6522466604300163
pls5_k250_uniform_w1.00,pls,5,250,uniform,1.0,4,4.340791399590671,0.36452754226471684,0.42221527102341605,0.3570543342167536,-0.06921903799419193,-0.07642080982117046,0.649108735205007,0.7195755544756615
pls5_k250_inverse_distance_w0.25,pls,5,250,inverse_distance,0.25,4,4.337718700058758,0.2912069378806974,0.3367536299713129,0.28890770942197186,0.3198207478758627,0.01649212492819536,0.512144786970562,0.572934968619528
pls5_k250_inverse_distance_w0.50,pls,5,250,inverse_distance,0.5,4,4.337718700058758,0.3121626247047674,0.3593745725722325,0.31455398015137703,0.22537144967342426,-0.013977691691212523,0.5414112360822337,0.6079293514446112
pls5_k250_inverse_distance_w0.75,pls,5,250,inverse_distance,0.75,4,4.337718700058758,0.3370135705361585,0.3882156836503229,0.33673028639968194,0.09604884945155712,-0.044447508310620394,0.5948502513976085,0.6536453732832621
pls5_k250_inverse_distance_w1.00,pls,5,250,inverse_distance,1.0,4,4.337718700058758,0.3641633531673616,0.42200356415638757,0.35541781871912725,-0.06814705278973832,-0.07491732493002824,0.6480678611360795,0.7208254560104408
pls5_k500_uniform_w0.25,pls,5,500,uniform,0.25,4,4.444401099346578,0.2912267996605945,0.3366198743054794,0.28902246831746936,0.32036096335002684,0.015065038583671364,0.5120696164498519,0.5724075791122213
pls5_k500_uniform_w0.50,pls,5,500,uniform,0.5,4,4.444401099346578,0.3123793379075633,0.35902893733119,0.31479509690838725,0.22686076024053692,-0.016831864380260502,0.5392127406837188,0.6049105979131676
pls5_k500_uniform_w0.75,pls,5,500,uniform,0.75,4,4.444401099346578,0.3370044928766129,0.38760379627321956,0.33758592559889067,0.09889613473040304,-0.0487287673441923,0.5930397678333605,0.6456322981126001
pls5_k500_uniform_w1.00,pls,5,500,uniform,1.0,4,4.444401099346578,0.36416626338725305,0.4210911004879828,0.3576469903681119,-0.06353291318037435,-0.08062567030812415,0.6523426303293474,0.7106218201285344
pls5_k500_inverse_distance_w0.25,pls,5,500,inverse_distance,0.25,4,4.4678501999005675,0.29117428847834026,0.33660452601828006,0.2885551395871744,0.3204229386409323,0.015446065536769008,0.5123716200009011,0.5737944892534155
pls5_k500_inverse_distance_w0.50,pls,5,500,inverse_distance,0.5,4,4.4678501999005675,0.3122267842435115,0.35899415107017,0.3143222270140065,0.22701057167741423,-0.016069810474065197,0.5388180633644749,0.6052535002865181
pls5_k500_inverse_distance_w0.75,pls,5,500,inverse_distance,0.75,4,4.4678501999005675,0.33684781646793677,0.3875471189339873,0.336327867445835,0.09915964316831904,-0.04758568648489947,0.5947894223142537,0.647497995218637
pls5_k500_inverse_distance_w1.00,pls,5,500,inverse_distance,1.0,4,4.4678501999005675,0.3639023770923578,0.4210112986729895,0.35630965703026085,-0.06312984688635304,-0.0791015624957337,0.6487432870193616,0.7104509423125885
pls10_k100_uniform_w0.25,pls,10,100,uniform,0.25,4,5.698674499988556,0.2854996222547923,0.33132963995255915,0.27856067954416375,0.3415551794591536,0.04347480121809363,0.5117070564768995,0.5675109512311163
pls10_k100_uniform_w0.50,pls,10,100,uniform,0.5,4,5.698674499988556,0.2986373260155062,0.3447303096428324,0.29311374936501977,0.28721631984148577,0.039987660888584055,0.5224771069222381,0.5825358895274306
pls10_k100_uniform_w0.75,pls,10,100,uniform,0.75,4,5.698674499988556,0.31399337985211984,0.36145422520740167,0.310633348627535,0.21638016520586867,0.036500520559074504,0.5446439271039779,0.6198126285115169
pls10_k100_uniform_w1.00,pls,10,100,uniform,1.0,4,5.698674499988556,0.3308445547964226,0.38106409160745136,0.32615510173472373,0.1290467155523034,0.03301338022956493,0.5828832351648181,0.6527188765292179
pls10_k100_inverse_distance_w0.25,pls,10,100,inverse_distance,0.25,4,5.675503900274634,0.2855137949121929,0.33135118375225814,0.2795081872218024,0.3414695495438097,0.04368372041276338,0.5112276990474343,0.5678123191040445
pls10_k100_inverse_distance_w0.50,pls,10,100,inverse_distance,0.5,4,5.675503900274634,0.298714888031158,0.344814408015516,0.2935908541633605,0.28686850441774314,0.040405499277923536,0.5219557250935432,0.5818046104651603
pls10_k100_inverse_distance_w0.75,pls,10,100,inverse_distance,0.75,4,5.675503900274634,0.3141458071782437,0.3616355841139462,0.31004799589134,0.21559360868067312,0.037127278143083704,0.5463149518274566,0.6215185130435171
pls10_k100_inverse_distance_w1.00,pls,10,100,inverse_distance,1.0,4,5.675503900274634,0.3311027675679979,0.3813706414251831,0.3257331813899107,0.12764486233259964,0.03384905700824384,0.5811234519972186,0.6553090564189687
pls10_k250_uniform_w0.25,pls,10,250,uniform,0.25,4,5.892143399454653,0.2856463172787733,0.3313573483671641,0.2790907271035241,0.34144504608890636,0.041571177584921605,0.5131536796160212,0.5660289472058601
pls10_k250_uniform_w0.50,pls,10,250,uniform,0.5,4,5.892143399454653,0.29870985295312635,0.34438283985622753,0.29623655120537506,0.28865249163626716,0.03618041362223998,0.5246885436487078,0.5840967243901544
pls10_k250_uniform_w0.75,pls,10,250,uniform,0.75,4,5.892143399454653,0.31397662363429857,0.3603827588908726,0.31413222299429044,0.22101908070095522,0.030789649659558358,0.5444155492658757,0.6094923521634656
pls10_k250_uniform_w1.00,pls,10,250,uniform,1.0,4,5.892143399454653,0.3305788849571308,0.3789805666152137,0.3300354072005618,0.13854481328297064,0.025398885696876698,0.5723601826493753,0.6445565097508363
pls10_k250_inverse_distance_w0.25,pls,10,250,inverse_distance,0.25,4,5.870362299494445,0.2856372899603191,0.33135954523135797,0.2792325949726653,0.341436313760494,0.04187388194984076,0.5129767711462183,0.5661921290405444
pls10_k250_inverse_distance_w0.50,pls,10,250,inverse_distance,0.5,4,5.870362299494445,0.2987373784333726,0.3444158247944259,0.29630842807707936,0.28851621958921525,0.036785822352078265,0.5255015445076165,0.5844693014804035
pls10_k250_inverse_distance_w0.75,pls,10,250,inverse_distance,0.75,4,5.870362299494445,0.3140338409799087,0.36047125426711607,0.31376986728960965,0.2206364615450369,0.0316977627543158,0.5426294668050858,0.6085514461913635
pls10_k250_inverse_distance_w1.00,pls,10,250,inverse_distance,1.0,4,5.870362299494445,0.3306687166437713,0.379145015222648,0.3287438494789434,0.13779703962795875,0.02660970315655334,0.5727535927769619,0.6464585837222345
pls10_k500_uniform_w0.25,pls,10,500,uniform,0.25,4,6.086162400431931,0.28555260791533715,0.33113414968167654,0.2801330342225139,0.3423319381153044,0.03967877092945666,0.5119925839707897,0.5659303875172075
pls10_k500_uniform_w0.50,pls,10,500,uniform,0.5,4,6.086162400431931,0.29821714770537583,0.3437364135207222,0.2967332455799685,0.2913204654303466,0.03239560031131002,0.523107858053461,0.5808705282688017
pls10_k500_uniform_w0.75,pls,10,500,uniform,0.75,4,6.086162400431931,0.3130105613703191,0.35914464965843046,0.3128743837036172,0.22636232600399997,0.025112429693163473,0.5416771870592982,0.6111820481089583
pls10_k500_uniform_w1.00,pls,10,500,uniform,1.0,4,6.086162400431931,0.32924318206969955,0.3770149828322086,0.3310011572787719,0.1474575198362641,0.017829259075016902,0.5711592817011546,0.6405474782954053
pls10_k500_inverse_distance_w0.25,pls,10,500,inverse_distance,0.25,4,6.021831899881363,0.2855641797381429,0.3311573314298378,0.28004484786589856,0.34223985199818496,0.04008768631613385,0.5113765677618417,0.5659630031396744
pls10_k500_inverse_distance_w0.50,pls,10,500,inverse_distance,0.5,4,6.021831899881363,0.2982812214126307,0.34379990837348723,0.29626810477105714,0.29105862724913956,0.03321343108466447,0.5230608803283602,0.5818232363660278
pls10_k500_inverse_distance_w0.75,pls,10,500,inverse_distance,0.75,4,6.021831899881363,0.3131195163096444,0.3592628358289949,0.3134317023428146,0.2258530698117368,0.02633917585319509,0.5426994746346595,0.6107018559060067
pls10_k500_inverse_distance_w1.00,pls,10,500,inverse_distance,1.0,4,6.021831899881363,0.3293755719266083,0.3771994204536251,0.3304567150208211,0.14662317968597693,0.01946492062172573,0.5709719758639196,0.6412047976173141
