fold,space,components,median_nearest_distance,p95_nearest_distance,median_500th_distance
1,pca,10,0.8663640716455111,1.2998332734970603,1.8924143777899007
1,pca,20,2.379691059040201,3.10028348920859,3.6940126297465117
1,pls,5,0.19287282761646152,0.36593697086439014,0.7364663054818922
1,pls,10,0.8142119823675267,1.2971297017686187,1.7874544922620974
2,pca,10,1.006649968957616,1.6954047118133855,2.1415498331622125
2,pca,20,2.550733981773911,3.334091061468704,3.9163310747146043
2,pls,5,0.25835965767837576,0.5786751207679562,0.936538214822231
2,pls,10,0.9796061856534811,1.6000688472748772,2.0534042150092806
3,pca,10,0.8556499770571176,1.2607528829078711,1.8235490791610618
3,pca,20,2.368822225081504,3.049377033917479,3.7022817125788303
3,pls,5,0.1943142515919173,0.34750497263904473,0.7294651859624508
3,pls,10,0.7552502083267973,1.1500720517847296,1.6653084584249263
4,pca,10,0.9121921645993973,1.4852490566878156,1.9913732021782384
4,pca,20,2.520696749501864,3.486371757487168,3.8864004329908797
4,pls,5,0.22074374274920522,0.4903608416342856,0.8074902457167711
4,pls,10,0.8401472372086229,1.4847491623491458,1.8540011338467128
