candidate,strategy,mean_rmse,std_rmse,worst_rmse,mean_mae,mean_r2,mean_bias,mean_local_share
fixed_local_0.4,fixed_blend,0.31602593212354246,0.052215551942048584,0.3776900692735268,0.24837054606345557,0.3808219325041917,0.05234831371850972,0.4
fixed_local_0.3,fixed_blend,0.3161161411894214,0.05603398932661423,0.38561644146697605,0.24928581739802438,0.38256071756577803,0.05523216860064223,0.3
fixed_local_0.5,fixed_blend,0.3165442273514368,0.048717338234588764,0.3703276316458309,0.24796292249372237,0.37641999178394664,0.04946445883637663,0.5
fixed_local_0.2,fixed_blend,0.3168186875547868,0.06008106103349033,0.39407272078367467,0.25069694925886277,0.3816363469687042,0.05811602348277643,0.2
fixed_local_0.6,fixed_blend,0.3176648813096363,0.04564248478369937,0.3635633905213233,0.24810507755950573,0.3693548954050425,0.04658060395424353,0.6
fixed_local_0.1,fixed_blend,0.3181348272251062,0.06427857002849023,0.40302555308121973,0.25246149853801253,0.3780488207129721,0.06099987836490929,0.1
fixed_local_0.7,fixed_blend,0.31937971651301156,0.04309988840200741,0.3574313093850224,0.24880445146719732,0.359626643367479,0.04369674907211042,0.7
fixed_local_0.0,fixed_blend,0.32006301557918015,0.06856141563172226,0.4124426038146149,0.25464627822074526,0.3717981387985807,0.06388373324704207,0.0
fixed_local_0.8,fixed_blend,0.32167879772844676,0.041192744817905476,0.3519644311069006,0.2500137760311778,0.3472352356712567,0.040812894189977154,0.8
gate_q50,distance_gate,0.3222471250706579,0.0496310667991917,0.38105535427904275,0.25262589038983785,0.358276604353236,0.05948861392094207,0.48340374170187084
fixed_local_0.9,fixed_blend,0.32455068148671296,0.0400015031923764,0.34719417972439887,0.2517838893946279,0.3321806723163751,0.03792903930784431,0.9
gate_q70,distance_gate,0.3248756933184512,0.04273675916085882,0.36747676276196595,0.25219477997784595,0.34008809416558394,0.05016523497236178,0.702021726010863
gate_q95,distance_gate,0.3275377817451892,0.039699893928088155,0.3517516731581181,0.25404479360040455,0.31695320386203474,0.03542301744521992,0.9675618587809294
fixed_local_1.0,fixed_blend,0.3279826288912699,0.03956534104747505,0.3521914948933338,0.25403520669726987,0.31446295330283425,0.03504518442571114,1.0
gate_q85,distance_gate,0.328537333721317,0.04154005388688415,0.35640284366190983,0.25580154313952497,0.3170133707673214,0.039243546018175784,0.8756789378394689
