candidate,strategy,local_weight,gate_quantile,local_share,fold,fit_predict_seconds,mae,rmse,median_ae,r2,bias,p90_ae,p95_ae
fixed_local_0.0,fixed_blend,0.0,,0.0,1,13.65682359971106,0.3254384647894018,0.42360383881876607,0.2682613846637967,0.22156488868572555,0.21202933421724512,0.6600988156578211,0.7646353860597054
fixed_local_0.1,fixed_blend,0.1,,0.1,1,13.65682359971106,0.31593976927019013,0.4133949743346517,0.2589715627016762,0.2586333810820597,0.20407952991224584,0.6377560312532184,0.7446190348260218
fixed_local_0.2,fixed_blend,0.2,,0.2,1,13.65682359971106,0.30675924694391926,0.40358219311337123,0.24909096782290518,0.29341138705209757,0.19612972560724645,0.6205260262105698,0.7304927596482975
fixed_local_0.3,fixed_blend,0.3,,0.3,1,13.65682359971106,0.2978611852440864,0.39419507561757827,0.24202820772400102,0.32589890659584064,0.18817992130224567,0.6079807457915862,0.7162129891715404
fixed_local_0.4,fixed_blend,0.4,,0.4,1,13.65682359971106,0.28939787195836036,0.385264737465029,0.2355512181749173,0.3560959397132841,0.1802301169972467,0.5902398237067822,0.6994732453926301
fixed_local_0.5,fixed_blend,0.5,,0.5,1,13.65682359971106,0.28128951985754863,0.37682365567563025,0.22844168830370037,0.3840024864044319,0.172280312692247,0.5798475257937559,0.684428601894011
fixed_local_0.6,fixed_blend,0.6,,0.6,1,13.65682359971106,0.2735786611909573,0.3689054164272915,0.2214543078028619,0.40961854666928255,0.16433050838724741,0.5637897956673974,0.6744331684122161
fixed_local_0.7,fixed_blend,0.7,,0.7,1,13.65682359971106,0.2662264073944144,0.36154437391825056,0.21426097037913827,0.4329441205078366,0.1563807040822478,0.5483224831944824,0.6644287192259495
fixed_local_0.8,fixed_blend,0.8,,0.8,1,13.65682359971106,0.25933440652260964,0.35477521278181934,0.20951954067172807,0.45397920792009405,0.148430899777248,0.5312172676104095,0.6516076964143714
fixed_local_0.9,fixed_blend,0.9,,0.9,1,13.65682359971106,0.2532303120898284,0.3486324112109053,0.20280427119706523,0.47272380890605437,0.14048109547224863,0.5181520054068184,0.6480274413452503
fixed_local_1.0,fixed_blend,1.0,,1.0,1,13.65682359971106,0.24786882697074572,0.3431496086825299,0.19604436357831645,0.48917792346571787,0.132531291167249,0.5120425228766294,0.6379726512339184
gate_q50,distance_gate,,0.5,0.528062764031382,1,13.65682359971106,0.28862037546541197,0.3918197566939493,0.22155559766762956,0.33399835255926225,0.17990463859137662,0.6160816874297504,0.7455704618769508
gate_q70,distance_gate,,0.7,0.7205793602896802,1,13.65682359971106,0.2734732737477625,0.3790364457503685,0.20943849664695158,0.3767467035258697,0.16139807475090948,0.5767755949649512,0.7413809124076386
gate_q85,distance_gate,,0.85,0.8394689197344599,1,13.65682359971106,0.2643319980125461,0.3695508638025133,0.2041056381577402,0.40755084313727874,0.1493626206545332,0.5424150321449004,0.7216737035663593
gate_q95,distance_gate,,0.95,0.9764634882317441,1,13.65682359971106,0.2491977406759625,0.3453035769172774,0.19656087474181305,0.48274488200513854,0.1349645997922927,0.5156519761946751,0.6391618691261751
fixed_local_0.0,fixed_blend,0.0,,0.0,2,10.972266299650073,0.2162270783174361,0.284641780723172,0.1730897776942797,0.35849557387905984,-0.09253885627089893,0.4576189303729632,0.531669000111103
fixed_local_0.1,fixed_blend,0.1,,0.1,2,10.972266299650073,0.21787168901961215,0.28768581025879153,0.17298127472709623,0.34470139330666716,-0.10229433483007655,0.46362405482284574,0.54148888284984
fixed_local_0.2,fixed_blend,0.2,,0.2,2,10.972266299650073,0.22039372055429554,0.2916746636244071,0.1780675144650541,0.3264035756263767,-0.1120498133892542,0.4724038358800864,0.5496556553912579
fixed_local_0.3,fixed_blend,0.3,,0.3,2,10.972266299650073,0.2235124040692814,0.29657021978229603,0.17967655589728437,0.3036021208381865,-0.12180529194843324,0.4860852359526136,0.5649104196275366
fixed_local_0.4,fixed_blend,0.4,,0.4,2,10.972266299650073,0.22736173461962048,0.30232843565927076,0.1796518735416761,0.27629702894210173,-0.13156077050761056,0.4959701412982277,0.5769050236164621
fixed_local_0.5,fixed_blend,0.5,,0.5,2,10.972266299650073,0.2318995896078347,0.30890107257793525,0.18115286572899159,0.2444882999381185,-0.14131624906678847,0.5119900605249186,0.5910627599334808
fixed_local_0.6,fixed_blend,0.6,,0.6,2,10.972266299650073,0.2372572500368606,0.31623735414490545,0.1837052042523677,0.20817593382623756,-0.15107172762596638,0.5304857436040366,0.6049161702041427
fixed_local_0.7,fixed_blend,0.7,,0.7,2,10.972266299650073,0.2434321862119922,0.3242854569025512,0.18911798239324362,0.1673599306064587,-0.16082720618514437,0.5447083297810474,0.6213853817900479
fixed_local_0.8,fixed_blend,0.8,,0.8,2,10.972266299650073,0.2505166478917787,0.3329937729831849,0.19460333862350332,0.12204029027878238,-0.17058268474432237,0.5565637646181136,0.6447170258896455
fixed_local_0.9,fixed_blend,0.9,,0.9,2,10.972266299650073,0.2581077885338849,0.34231191918747395,0.19887001723013142,0.07221701284320958,-0.18033816330350003,0.5679203149564731,0.6719168648820151
fixed_local_1.0,fixed_blend,1.0,,1.0,2,10.972266299650073,0.2661435561110501,0.3521914948933338,0.2031238360815184,0.017890098299737978,-0.19009364186267802,0.5806071741282693,0.695685199107002
gate_q50,distance_gate,,0.5,0.3277006638503319,2,10.972266299650073,0.22337521024109255,0.2969671986978807,0.17383391820487226,0.30173652353073044,-0.11426880387030625,0.4797470716827929,0.5680524988942319
gate_q70,distance_gate,,0.7,0.6065178032589016,2,10.972266299650073,0.2412340609285049,0.3233009018825728,0.18456946878991687,0.17240817119787244,-0.1497695072270966,0.5214268664957558,0.6337275756580922
gate_q85,distance_gate,,0.85,0.8986119493059747,2,10.972266299650073,0.2620142495587808,0.3471774660224933,0.20061103829244686,0.04565496199887498,-0.18514277986968997,0.5753741199804765,0.6909801121297449
gate_q95,distance_gate,,0.95,0.9541339770669885,2,10.972266299650073,0.2650647011904172,0.3504172291643672,0.2029284096376145,0.02776049400011016,-0.1886565099721437,0.5802033778772764,0.6943873410159405
fixed_local_0.0,fixed_blend,0.0,,0.0,3,11.407563299871981,0.19544272200996055,0.24631072988348746,0.1730704707374393,0.5602219599644929,0.08561634595498532,0.38354588071513795,0.4453354741127944
fixed_local_0.1,fixed_blend,0.1,,0.1,3,11.407563299871981,0.1955067899137395,0.24654718439390125,0.17143080149869228,0.5593771943759455,0.08793322392989683,0.3859137174839152,0.44741013672154
fixed_local_0.2,fixed_blend,0.2,,0.2,3,11.407563299871981,0.19576438193221385,0.24725433192262605,0.17336164024202638,0.5568459776926306,0.09025010190480821,0.3863421823423915,0.44969399017271455
fixed_local_0.3,fixed_blend,0.3,,0.3,3,11.407563299871981,0.19637040927836374,0.24842815303738716,0.1744205714681346,0.5526283099145504,0.09256697987971832,0.3900346478706348,0.4501795877166458
fixed_local_0.4,fixed_blend,0.4,,0.4,3,11.407563299871981,0.19731473379546724,0.25006207596065194,0.17371354601868916,0.5467241910417004,0.0948838578546301,0.39359404251761737,0.4547676817323778
fixed_local_0.5,fixed_blend,0.5,,0.5,3,11.407563299871981,0.19850583705079533,0.2521471564207178,0.17353951318531635,0.5391336210740842,0.09720073582954127,0.40059767196803764,0.4591313704288478
fixed_local_0.6,fixed_blend,0.6,,0.6,3,11.407563299871981,0.20011874204458047,0.2546723133626362,0.17150761798133907,0.5298566000117008,0.09951761380445245,0.4034049150165039,0.46404574966514933
fixed_local_0.7,fixed_blend,0.7,,0.7,3,11.407563299871981,0.20217473660605195,0.2576246066295287,0.17471733097102415,0.5188931278545497,0.1018344917793637,0.4093102478555089,0.46740841790267873
fixed_local_0.8,fixed_blend,0.8,,0.8,3,11.407563299871981,0.20458499229432703,0.26098954142586195,0.17618250940662072,0.5062432046026321,0.10415136975427472,0.41599989542956073,0.47791667829872353
fixed_local_0.9,fixed_blend,0.9,,0.9,3,11.407563299871981,0.20722923527510084,0.26475138445617985,0.17797847414134793,0.49190683025594617,0.10646824772918606,0.42308445697357977,0.4868007166258681
fixed_local_1.0,fixed_blend,1.0,,1.0,3,11.407563299871981,0.21015792357766164,0.26889347789480844,0.17869221132602853,0.47588400481449367,0.10878512570409724,0.4283143539225897,0.49689788468736545
gate_q50,distance_gate,,0.5,0.6505733252866627,3,11.407563299871981,0.20720697516302256,0.26173401494062276,0.18094698144947508,0.5034223012890386,0.10647065814967517,0.41390686438535484,0.4745287201234347
gate_q70,distance_gate,,0.7,0.8207604103802052,3,11.407563299871981,0.20957834338017983,0.26563264053055247,0.17928232146740974,0.48851870517175244,0.10971142344369987,0.42351826938380094,0.48770488024956493
gate_q85,distance_gate,,0.85,0.8823174411587206,3,11.407563299871981,0.20945844433010355,0.26672994656640336,0.1777265577377669,0.48428420483137224,0.10956812227618629,0.42642697296695536,0.4890757636034283
gate_q95,distance_gate,,0.95,0.9849124924562462,3,11.407563299871981,0.20993391241147,0.26797499696842964,0.17956940482262773,0.47945841938554556,0.10807583795869233,0.42737539730177937,0.49562389717457045
fixed_local_0.0,fixed_blend,0.0,,0.0,4,11.486422499641776,0.2754794464138993,0.32166782352953954,0.26381413967754064,0.379396744058873,0.04696194154760323,0.4986810003180786,0.5572706105264684
fixed_local_0.1,fixed_blend,0.1,,0.1,4,11.486422499641776,0.27418828172022414,0.3206097791890856,0.26313754754493424,0.38347266221480136,0.05116154366226081,0.49698706985648583,0.5542962271245886
fixed_local_0.2,fixed_blend,0.2,,0.2,4,11.486422499641776,0.2736417439013656,0.32038921158586003,0.260469051120376,0.384320666171024,0.0553611457769184,0.5008728890314491,0.5562014441274598
fixed_local_0.3,fixed_blend,0.3,,0.3,4,11.486422499641776,0.27371448902438994,0.32100784703965596,0.26190291340195415,0.3819407559275413,0.05956074789157461,0.5016095795881104,0.5612046546662403
fixed_local_0.4,fixed_blend,0.4,,0.4,4,11.486422499641776,0.2741553924689494,0.32246085559793614,0.26118609167047957,0.37633293148435154,0.0637603500062325,0.503194024740969,0.5662253050760782
fixed_local_0.5,fixed_blend,0.5,,0.5,4,11.486422499641776,0.27525914491870396,0.3247370374570207,0.26175049009684415,0.36749719284145577,0.06795995212088979,0.5096918417935463,0.5747018005133878
fixed_local_0.6,fixed_blend,0.6,,0.6,4,11.486422499641776,0.27736258581864154,0.327819246187992,0.261125162130746,0.3554335399988544,0.07215955423554711,0.5199234227524357,0.5869974870023187
fixed_local_0.7,fixed_blend,0.7,,0.7,4,11.486422499641776,0.280123889191594,0.3316850123500545,0.2640187910561398,0.3401419729565468,0.07635915635020447,0.5228849200667878,0.5943393916329401
fixed_local_0.8,fixed_blend,0.8,,0.8,4,11.486422499641776,0.2834570798815491,0.336307316654782,0.2650497123250588,0.3216224917145333,0.08055875846486157,0.5333177681218499,0.6056874656302427
fixed_local_0.9,fixed_blend,0.9,,0.9,4,11.486422499641776,0.2874372762017147,0.34165545455168045,0.26755651518380397,0.2998750962728134,0.08475836057951913,0.5463068856735124,0.6189653050535888
fixed_local_1.0,fixed_blend,1.0,,1.0,4,11.486422499641776,0.2919705201296218,0.34769593409440736,0.26779903801826244,0.2748997866313875,0.08895796269417636,0.5571516053362476,0.6256261251631042
gate_q50,distance_gate,,0.5,0.42727821363910684,4,11.486422499641776,0.28551215552180365,0.3381970793761512,0.2702201048356567,0.31397725616206695,0.07556381460398325,0.5290977386047762,0.6113851140653839
gate_q70,distance_gate,,0.7,0.660229330114665,4,11.486422499641776,0.28064769795225963,0.33695771661573304,0.2544886713589154,0.31899606447065043,0.08910649833212213,0.5457376034863534,0.616900897188338
gate_q85,distance_gate,,0.85,0.8823174411587206,4,11.486422499641776,0.28932319058656086,0.3428458564944333,0.26779903801826244,0.29498782191348927,0.08570276567927036,0.5541288379457208,0.619333362791902
gate_q95,distance_gate,,0.95,0.9547374773687387,4,11.486422499641776,0.289925861740085,0.34561985857195127,0.2660678228904736,0.2835330114296226,0.08970761985043695,0.5567800178581607,0.6236214250228382
