horizon_min,experiment,split,delta_identity,columns_aligned,no_missing,unique_timestamps
1,A_exogenous_raw,train,True,True,True,True
1,A_exogenous_raw,valid,True,True,True,True
1,A_exogenous_raw,test,True,True,True,True
1,D_exogenous_full,train,True,True,True,True
1,D_exogenous_full,valid,True,True,True,True
1,D_exogenous_full,test,True,True,True,True
1,E_target_history,train,True,True,True,True
1,E_target_history,valid,True,True,True,True
1,E_target_history,test,True,True,True,True
1,F_hybrid_full,train,True,True,True,True
1,F_hybrid_full,valid,True,True,True,True
1,F_hybrid_full,test,True,True,True,True
5,A_exogenous_raw,train,True,True,True,True
5,A_exogenous_raw,valid,True,True,True,True
5,A_exogenous_raw,test,True,True,True,True
5,D_exogenous_full,train,True,True,True,True
5,D_exogenous_full,valid,True,True,True,True
5,D_exogenous_full,test,True,True,True,True
5,E_target_history,train,True,True,True,True
5,E_target_history,valid,True,True,True,True
5,E_target_history,test,True,True,True,True
5,F_hybrid_full,train,True,True,True,True
5,F_hybrid_full,valid,True,True,True,True
5,F_hybrid_full,test,True,True,True,True
10,A_exogenous_raw,train,True,True,True,True
10,A_exogenous_raw,valid,True,True,True,True
10,A_exogenous_raw,test,True,True,True,True
10,D_exogenous_full,train,True,True,True,True
10,D_exogenous_full,valid,True,True,True,True
10,D_exogenous_full,test,True,True,True,True
10,E_target_history,train,True,True,True,True
10,E_target_history,valid,True,True,True,True
10,E_target_history,test,True,True,True,True
10,F_hybrid_full,train,True,True,True,True
10,F_hybrid_full,valid,True,True,True,True
10,F_hybrid_full,test,True,True,True,True
15,A_exogenous_raw,train,True,True,True,True
15,A_exogenous_raw,valid,True,True,True,True
15,A_exogenous_raw,test,True,True,True,True
15,D_exogenous_full,train,True,True,True,True
15,D_exogenous_full,valid,True,True,True,True
15,D_exogenous_full,test,True,True,True,True
15,E_target_history,train,True,True,True,True
15,E_target_history,valid,True,True,True,True
15,E_target_history,test,True,True,True,True
15,F_hybrid_full,train,True,True,True,True
15,F_hybrid_full,valid,True,True,True,True
15,F_hybrid_full,test,True,True,True,True
