horizon_min,experiment,model,candidate_id,parameters,fit_seconds,valid_mae,valid_rmse,valid_median_ae,valid_r2,valid_bias,valid_p90_ae,valid_p95_ae
1,A_exogenous_raw,ridge,1,"{""alpha"": 1.0}",0.04095899988897145,0.14847628517337466,0.22594659637824493,0.11983112284648634,0.7343295716919476,-0.0020246896661549074,0.29399594944211693,0.36377323241661247
1,A_exogenous_raw,ridge,2,"{""alpha"": 10.0}",0.011122899828478694,0.14848191858655785,0.22594987358093077,0.1197546423057343,0.7343218648960117,-0.0020296219044223258,0.29406083102130387,0.3637912795919039
1,A_exogenous_raw,extra_trees,1,"{""max_features"": 0.8, ""min_samples_leaf"": 2, ""n_estimators"": 40}",3.610096799908206,0.15616095052195592,0.23498179447453563,0.12403750000000002,0.7126573843148498,0.004905616710851505,0.3132354166666675,0.3927743749999998
1,A_exogenous_raw,extra_trees,2,"{""max_features"": 0.7, ""min_samples_leaf"": 5, ""n_estimators"": 40}",1.5494934997987002,0.15048914103539449,0.2275488810890581,0.12076261904762031,0.7305482445001201,-0.0038854646509837026,0.3002441572871572,0.3637150049603168
1,D_exogenous_full,ridge,1,"{""alpha"": 1.0}",0.16791720013134181,0.1203101010327222,0.20100974966859184,0.09410692725039116,0.7897355486973959,0.0038844600416250096,0.24063476999938285,0.3007750184791886
1,D_exogenous_full,ridge,2,"{""alpha"": 10.0}",0.17596479994244874,0.12048024469312647,0.20110051117247324,0.09458925018310449,0.7895456253100492,0.0037542813190132676,0.24107002587571588,0.2997943331584876
1,D_exogenous_full,extra_trees,1,"{""max_features"": 0.8, ""min_samples_leaf"": 2, ""n_estimators"": 40}",23.310711099999025,0.14709507832931,0.2328203979919364,0.11330416666666654,0.7179191112020047,-0.006066579284852139,0.2912574999999997,0.3694427083333331
1,D_exogenous_full,extra_trees,2,"{""max_features"": 0.7, ""min_samples_leaf"": 5, ""n_estimators"": 40}",11.26397530012764,0.14272979898740074,0.22293407056411216,0.11328674603174704,0.7413666646304631,-0.002948360447440396,0.28621711706349234,0.35655040327381016
1,E_target_history,ridge,1,"{""alpha"": 1.0}",0.008618199964985251,0.13801067367814993,0.1966760796300698,0.11285700750610062,0.798704208821593,0.006935602485898478,0.2803214522504357,0.3438550362083026
1,E_target_history,ridge,2,"{""alpha"": 10.0}",0.008442899910733104,0.13801692379015484,0.19667427229112544,0.11290105256921557,0.7987079083874152,0.0069336842815449105,0.28019339963802553,0.3438924597282943
1,E_target_history,extra_trees,1,"{""max_features"": 0.8, ""min_samples_leaf"": 2, ""n_estimators"": 40}",1.1947475001215935,0.1343129479870612,0.19990369989033058,0.10586145833333305,0.7920431294489856,0.00808115070064131,0.2716124999999993,0.33728052083333115
1,E_target_history,extra_trees,2,"{""max_features"": 0.7, ""min_samples_leaf"": 5, ""n_estimators"": 40}",0.8323258999735117,0.13123603224317346,0.19199871529553963,0.10517704369173497,0.808164819844275,0.006889012602827778,0.2665992262617266,0.32844245128030347
1,F_hybrid_full,ridge,1,"{""alpha"": 1.0}",0.19171560020186007,0.10783610598884275,0.1662144764757593,0.08523490705851966,0.8562296596522109,0.015086254648034347,0.21924878430375988,0.26944125989318074
1,F_hybrid_full,ridge,2,"{""alpha"": 10.0}",0.1823197000194341,0.10780261556709687,0.16608059102207734,0.08529295919328561,0.8564611798570961,0.014922017184977224,0.21878142302362585,0.2698024552892652
1,F_hybrid_full,extra_trees,1,"{""max_features"": 0.8, ""min_samples_leaf"": 2, ""n_estimators"": 40}",21.68928200006485,0.12896550932910883,0.19670655457053016,0.10264999999999969,0.7986418224599066,0.011281533519412594,0.2557037500000005,0.31772645833333335
1,F_hybrid_full,extra_trees,2,"{""max_features"": 0.7, ""min_samples_leaf"": 5, ""n_estimators"": 40}",12.798123199958354,0.12876069930896822,0.19721444969915905,0.10305162698412751,0.797600668885088,0.01025201653518982,0.25601164186507985,0.3123559990079367
5,A_exogenous_raw,ridge,1,"{""alpha"": 1.0}",0.01455949991941452,0.1926602462233079,0.27087628898478094,0.15912257750896242,0.6177524403377421,-0.0021921267761377482,0.39128082311168766,0.4613547848789364
5,A_exogenous_raw,ridge,2,"{""alpha"": 10.0}",0.012506699888035655,0.19267029444136882,0.2708883439950043,0.15878024954759695,0.6177184166821948,-0.0021168617151347776,0.3911823894372016,0.4611769638914127
5,A_exogenous_raw,extra_trees,1,"{""max_features"": 0.8, ""min_samples_leaf"": 2, ""n_estimators"": 40}",2.302006100071594,0.20101564105812916,0.2827324809897261,0.16067708333333375,0.5835583602296261,0.0006331978861139863,0.405347916666666,0.48989333333333296
5,A_exogenous_raw,extra_trees,2,"{""max_features"": 0.7, ""min_samples_leaf"": 5, ""n_estimators"": 40}",1.486690599936992,0.19789574843164554,0.27760838557662243,0.16079553571428562,0.598516316006821,0.0011647100014668288,0.3980220455794214,0.48117245932539604
5,D_exogenous_full,ridge,1,"{""alpha"": 1.0}",0.15247450000606477,0.13129434996008807,0.21078048531471663,0.10502702352095739,0.7685466133444342,0.008761468785906126,0.2626719840507849,0.3238521575235571
5,D_exogenous_full,ridge,2,"{""alpha"": 10.0}",0.13373819994740188,0.13137970400359772,0.2108433840200056,0.10526586254347858,0.7684084573812069,0.008616614087651644,0.2628971054288635,0.32320860870660445
5,D_exogenous_full,extra_trees,1,"{""max_features"": 0.8, ""min_samples_leaf"": 2, ""n_estimators"": 40}",17.95922620012425,0.15611244590378423,0.24018502491055868,0.12142291666666694,0.6994653212938649,0.003311079659822868,0.31673583333333394,0.3928864583333337
5,D_exogenous_full,extra_trees,2,"{""max_features"": 0.7, ""min_samples_leaf"": 5, ""n_estimators"": 40}",10.975446499884129,0.14848963263098114,0.22718699716112942,0.11754974702381027,0.7311130764775255,0.0008512991388936726,0.30087012599206303,0.3667881731150787
5,E_target_history,ridge,1,"{""alpha"": 1.0}",0.014947999967262149,0.1729675191041175,0.23442234904859016,0.1433188384963886,0.7137135675736745,0.011883395071161599,0.34838700124503014,0.4212761266215046
5,E_target_history,ridge,2,"{""alpha"": 10.0}",0.008535899920389056,0.17296712085353413,0.2344129312393871,0.1432552733563659,0.7137365699610307,0.011887558187565117,0.3485581333411679,0.42093731889841296
5,E_target_history,extra_trees,1,"{""max_features"": 0.8, ""min_samples_leaf"": 2, ""n_estimators"": 40}",1.3263952999841422,0.1755650528713436,0.27585283454989595,0.14263437500000098,0.6035780974916367,0.011914117729153397,0.35293129166666637,0.4229771874999992
5,E_target_history,extra_trees,2,"{""max_features"": 0.7, ""min_samples_leaf"": 5, ""n_estimators"": 40}",0.8299553000833839,0.172202521475609,0.24555337610810019,0.1394903421846969,0.6858807449739305,0.011308146881920892,0.3502022451260526,0.4160662557608157
5,F_hybrid_full,ridge,1,"{""alpha"": 1.0}",0.2085531000047922,0.12007611724165623,0.17912994716248215,0.09624176904103621,0.8328373931688741,0.01936699050652223,0.23911133311599694,0.2981212102051032
5,F_hybrid_full,ridge,2,"{""alpha"": 10.0}",0.1697733998298645,0.12004851561223552,0.17893165851272522,0.09631082916693501,0.8332072710404779,0.019266211448044183,0.23934418091241355,0.2976751332037001
5,F_hybrid_full,extra_trees,1,"{""max_features"": 0.8, ""min_samples_leaf"": 2, ""n_estimators"": 40}",19.590159700019285,0.1401629849788647,0.20316233713076182,0.11036875000000013,0.7849749090775273,0.013552936921296306,0.2863229166666681,0.34847208333333446
5,F_hybrid_full,extra_trees,2,"{""max_features"": 0.7, ""min_samples_leaf"": 5, ""n_estimators"": 40}",13.276870100060478,0.13896831873544255,0.2053432061005755,0.1100687152777784,0.7803337092558096,0.010444530757263149,0.2831826875000009,0.34383490575396947
10,A_exogenous_raw,ridge,1,"{""alpha"": 1.0}",0.014068099902942777,0.2083701859625262,0.28866982225459,0.16843534506122548,0.5644766893510841,-0.0026568754247250095,0.42111258642386373,0.5104521676251895
10,A_exogenous_raw,ridge,2,"{""alpha"": 10.0}",0.01256140018813312,0.2083869862890005,0.2886828159436855,0.16879649561971366,0.564437480667532,-0.0025534715122524504,0.42110075636514716,0.5104649463742463
10,A_exogenous_raw,extra_trees,1,"{""max_features"": 0.8, ""min_samples_leaf"": 2, ""n_estimators"": 40}",2.112272300058976,0.22534286692857866,0.3258671423012441,0.17813541666666755,0.4450040941550516,0.01966132630704141,0.4494129166666662,0.5510352083333326
10,A_exogenous_raw,extra_trees,2,"{""max_features"": 0.7, ""min_samples_leaf"": 5, ""n_estimators"": 40}",1.1280390999745578,0.2158397824257688,0.30060390031087525,0.1750030533008653,0.5277218453019775,0.01244308942024854,0.44027781896575596,0.5284523422619054
10,D_exogenous_full,ridge,1,"{""alpha"": 1.0}",0.12193400016985834,0.14593264138566264,0.2242214118739399,0.11779749263893358,0.7372378534509243,0.007404632180688525,0.29455642707838214,0.35600676909780726
10,D_exogenous_full,ridge,2,"{""alpha"": 10.0}",0.11282839998602867,0.14599321671163878,0.224271286969471,0.11767539239195912,0.7371209445027496,0.00735288315787107,0.2946720640835007,0.35599827121928307
10,D_exogenous_full,extra_trees,1,"{""max_features"": 0.8, ""min_samples_leaf"": 2, ""n_estimators"": 40}",18.978546099970117,0.1711357497229777,0.2527667345325537,0.13393750000000004,0.6660753565087373,0.0008210411000302252,0.343398750000001,0.42724229166666755
10,D_exogenous_full,extra_trees,2,"{""max_features"": 0.7, ""min_samples_leaf"": 5, ""n_estimators"": 40}",12.243431800045073,0.16827076928542647,0.24472558512198844,0.13470407738095158,0.6869833880882861,0.0032909218755246645,0.3379806894841251,0.411421615575397
10,E_target_history,ridge,1,"{""alpha"": 1.0}",0.006905999965965748,0.1840929677337251,0.2451493434923214,0.1544254503071656,0.6858984320575733,0.01511021992798561,0.3694186076689666,0.44330341580148813
10,E_target_history,ridge,2,"{""alpha"": 10.0}",0.005126900039613247,0.1840893468505033,0.2451356852795422,0.15453605838878293,0.6859334306953839,0.015118356466054906,0.36945361402202986,0.4431276472679772
10,E_target_history,extra_trees,1,"{""max_features"": 0.8, ""min_samples_leaf"": 2, ""n_estimators"": 40}",1.2449784001801163,0.1885811129019167,0.25361892554147536,0.15829479166666705,0.6638199388218462,0.010808272727627043,0.37704270833333364,0.454103229166666
10,E_target_history,extra_trees,2,"{""max_features"": 0.7, ""min_samples_leaf"": 5, ""n_estimators"": 40}",0.6719636998604983,0.18654073319148332,0.25096077664765415,0.155979230519395,0.6708299339354242,0.012586135651249974,0.37244654517833564,0.45137400117184084
10,F_hybrid_full,ridge,1,"{""alpha"": 1.0}",0.1730188000947237,0.12502463969116717,0.18331543255515143,0.10205745967449431,0.8243667688872882,0.020080969535573305,0.2569847868477899,0.31405819823616116
10,F_hybrid_full,ridge,2,"{""alpha"": 10.0}",0.1852470999583602,0.12498592967394206,0.18324452830855964,0.10190005263086821,0.8245026083350727,0.020083974904202904,0.2568396612668556,0.3141642420174635
10,F_hybrid_full,extra_trees,1,"{""max_features"": 0.8, ""min_samples_leaf"": 2, ""n_estimators"": 40}",20.91156080015935,0.15106970509720963,0.21438187242426074,0.12238958333333283,0.7597935002807444,0.016789996977938954,0.3038000000000004,0.37304291666666606
10,F_hybrid_full,extra_trees,2,"{""max_features"": 0.7, ""min_samples_leaf"": 5, ""n_estimators"": 40}",11.69251720001921,0.14931176857428274,0.21381318437531804,0.12122407738095298,0.761066195422244,0.016736072906623108,0.30000913492063574,0.3648555327380951
15,A_exogenous_raw,ridge,1,"{""alpha"": 1.0}",0.016235999995842576,0.2250268016994521,0.30408489827928226,0.18365649215004698,0.5166920124348191,0.01743857026733767,0.45847641728286265,0.5505715606093339
15,A_exogenous_raw,ridge,2,"{""alpha"": 10.0}",0.014151599956676364,0.2250198159112235,0.30407770767709985,0.18361659309903633,0.5167148694356136,0.017403074563807307,0.45833971100100207,0.5503139086679493
15,A_exogenous_raw,extra_trees,1,"{""max_features"": 0.8, ""min_samples_leaf"": 2, ""n_estimators"": 40}",2.056794400094077,0.23921827189201453,0.32476726329135447,0.19480208333333238,0.44871172061979037,0.04300991057924986,0.488069791666667,0.5954656250000001
15,A_exogenous_raw,extra_trees,2,"{""max_features"": 0.7, ""min_samples_leaf"": 5, ""n_estimators"": 40}",1.3519512000493705,0.23138528213475607,0.31188861905856213,0.19056001352813823,0.4915674775560317,0.03436316596254546,0.4695974519300143,0.5703834066558439
15,D_exogenous_full,ridge,1,"{""alpha"": 1.0}",0.13910869997926056,0.19309387949963988,0.2698401776620081,0.15855056127711098,0.6194186553578831,0.01251448029098228,0.3887741258284886,0.46546865912308344
15,D_exogenous_full,ridge,2,"{""alpha"": 10.0}",0.11995529988780618,0.19311721191233164,0.2698690853367343,0.15844249260670829,0.6193371084873307,0.012420969620891497,0.3885136290989364,0.46589924012037265
15,D_exogenous_full,extra_trees,1,"{""max_features"": 0.8, ""min_samples_leaf"": 2, ""n_estimators"": 40}",20.02285929978825,0.20951811227061906,0.29118210120138194,0.17054791666666702,0.556836871895138,0.0023480603448275965,0.4226166666666677,0.5140027083333337
15,D_exogenous_full,extra_trees,2,"{""max_features"": 0.7, ""min_samples_leaf"": 5, ""n_estimators"": 40}",11.956866800086573,0.20651544181934722,0.28393444943363805,0.170217956349207,0.5786233711783761,0.004560047586639016,0.4166952539682538,0.49893175148809554
15,E_target_history,ridge,1,"{""alpha"": 1.0}",0.00635869987308979,0.188622776044551,0.24948330909352825,0.15925554617466275,0.6746751339985193,0.018687060798453125,0.3785851673008238,0.4585564153609481
15,E_target_history,ridge,2,"{""alpha"": 10.0}",0.006804300006479025,0.18862117751337187,0.24947721876736365,0.15941719283538358,0.6746910173084423,0.01869567297464628,0.3787853280139439,0.4586489790919628
15,E_target_history,extra_trees,1,"{""max_features"": 0.8, ""min_samples_leaf"": 2, ""n_estimators"": 40}",1.2527189999818802,0.19493494084078733,0.26657915909814034,0.16093333333333337,0.6285617236554903,0.016283528143574925,0.39252770833333295,0.47138270833333334
15,E_target_history,extra_trees,2,"{""max_features"": 0.7, ""min_samples_leaf"": 5, ""n_estimators"": 40}",1.005151699995622,0.19154537248704884,0.25477032860701837,0.16023760919212204,0.66074054315545,0.014842284114528408,0.38514754354617714,0.4646706188717975
15,F_hybrid_full,ridge,1,"{""alpha"": 1.0}",0.32341370009817183,0.18019356368909661,0.2418059277688226,0.14967866181334788,0.694389582370964,0.02778640202017515,0.36623629604092917,0.44143976934500545
15,F_hybrid_full,ridge,2,"{""alpha"": 10.0}",0.2735977000556886,0.18013889575603015,0.24173609733688323,0.14964228480815045,0.694566069574365,0.027742109183587,0.3658850355256076,0.4404599618649625
15,F_hybrid_full,extra_trees,1,"{""max_features"": 0.8, ""min_samples_leaf"": 2, ""n_estimators"": 40}",21.555940699996427,0.1918743988203267,0.25537155004094136,0.16100000000000048,0.659137446528992,0.022549986136317816,0.38958750000000075,0.4666341666666665
15,F_hybrid_full,extra_trees,2,"{""max_features"": 0.7, ""min_samples_leaf"": 5, ""n_estimators"": 40}",13.729600199963897,0.19038519869177253,0.2548185228271934,0.1608674751984127,0.6606121774110989,0.019527036412871252,0.3836999355158741,0.4639166230158726
