horizon_min,experiment,model,feature_count,selected_candidate_id,selected_parameters,training_seconds,test_inference_seconds,valid_improvement_over_persistence_pct,test_improvement_over_persistence_pct,valid_transition_rmse,test_transition_rmse,valid_mae,valid_rmse,valid_median_ae,valid_r2,valid_bias,valid_p90_ae,valid_p95_ae,test_mae,test_rmse,test_median_ae,test_r2,test_bias,test_p90_ae,test_p95_ae
1,A_exogenous_raw,ridge,21,1,"{""alpha"": 1.0}",0.04095899988897145,0.0030322999227792025,0.7771749435693797,0.5072760642788514,0.5282881011841629,0.49954342838053856,0.14847628517337466,0.22594659637824493,0.11983112284648634,0.7343295716919476,-0.0020246896661549074,0.29399594944211693,0.36377323241661247,0.13651181358650497,0.19575697679131618,0.10914748507087335,0.8137226470114265,0.0027785109549376403,0.27212643714013257,0.3302697744443641
1,A_exogenous_raw,extra_trees,21,2,"{""max_features"": 0.7, ""min_samples_leaf"": 5, ""n_estimators"": 40}",1.5494934997987002,0.06867179996334016,0.07354312038642143,0.31417761753670337,0.5260463198304639,0.4952201111762673,0.15048914103539449,0.2275488810890581,0.12076261904762031,0.7305482445001201,-0.0038854646509837026,0.3002441572871572,0.3637150049603168,0.13714753374713665,0.19613690777181444,0.10938497519841217,0.8129988800504458,0.005446904978220018,0.27401948412698585,0.3323469627976191
1,D_exogenous_full,ridge,178,1,"{""alpha"": 1.0}",0.16791720013134181,0.010436899960041046,11.728012080274189,13.232206823364848,0.4734303073037264,0.43621265188536856,0.1203101010327222,0.20100974966859184,0.09410692725039116,0.7897355486973959,0.0038844600416250096,0.24063476999938285,0.3007750184791886,0.11125054757191094,0.17072003060330299,0.08763551372606226,0.8583245765908355,-0.005202188543023832,0.21859590068244902,0.26827433172403237
1,D_exogenous_full,extra_trees,178,2,"{""max_features"": 0.7, ""min_samples_leaf"": 5, ""n_estimators"": 40}",11.26397530012764,0.05904079996980727,2.1001040189571167,5.0692982807861515,0.5080918341031322,0.4793294305359118,0.14272979898740074,0.22293407056411216,0.11328674603174704,0.7413666646304631,-0.002948360447440396,0.28621711706349234,0.35655040327381016,0.1271998086044455,0.18678096686987453,0.10016054563492105,0.830413687179919,-0.00043438658255068855,0.2535765823412698,0.30367276438492136
1,E_target_history,ridge,10,2,"{""alpha"": 10.0}",0.008442899910733104,0.001629300182685256,13.631905833293255,9.880078663653478,0.38968925675629223,0.36314853580893675,0.13801692379015484,0.19667427229112544,0.11290105256921557,0.7987079083874152,0.0069336842815449105,0.28019339963802553,0.3438924597282943,0.12884649026527084,0.17731551264866427,0.10312336288410417,0.8471663365352298,0.0039693031305469625,0.25948900422578935,0.3177553499510618
1,E_target_history,extra_trees,10,2,"{""max_features"": 0.7, ""min_samples_leaf"": 5, ""n_estimators"": 40}",0.8323258999735117,0.046894599916413426,15.68514310816574,15.17382161778198,0.41611159104496664,0.38603145663962846,0.13123603224317346,0.19199871529553963,0.10517704369173497,0.808164819844275,0.006889012602827778,0.2665992262617266,0.32844245128030347,0.11942054403767115,0.16689980509119468,0.09560494528657681,0.8645942152852746,0.0028049740322284244,0.24110606953976838,0.2930542075405635
1,F_hybrid_full,ridge,188,2,"{""alpha"": 10.0}",0.1823197000194341,0.01827259990386665,27.066901239505256,23.16688237553796,0.33450201681979835,0.30107703714040174,0.10780261556709687,0.16608059102207734,0.08529295919328561,0.8564611798570961,0.014922017184977224,0.21878142302362585,0.2698024552892652,0.10218560168606368,0.1511730529494148,0.07954108755266542,0.8889101636708527,-0.0038791911741408273,0.2021572029950994,0.25193674910895286
1,F_hybrid_full,extra_trees,188,1,"{""max_features"": 0.8, ""min_samples_leaf"": 2, ""n_estimators"": 40}",21.68928200006485,0.09140709997154772,13.617729302143234,16.283146476028392,0.4107312407145716,0.3768119247674599,0.12896550932910883,0.19670655457053016,0.10264999999999969,0.7986418224599066,0.011281533519412594,0.2557037500000005,0.31772645833333335,0.11651089163650988,0.1647171522102657,0.09343124999999919,0.8681126294672312,0.006440949185765987,0.23323458333333297,0.28675604166666663
5,A_exogenous_raw,ridge,21,1,"{""alpha"": 1.0}",0.01455949991941452,0.0034564000088721514,2.5349176354550416,2.684443127896496,0.6120754590771019,0.5838524424150989,0.1926602462233079,0.27087628898478094,0.15912257750896242,0.6177524403377421,-0.0021921267761377482,0.39128082311168766,0.4613547848789364,0.17654356862813436,0.24243697241348725,0.14137959316330395,0.714093789973046,-0.005995028219466689,0.3527819469902891,0.4344942553535738
5,A_exogenous_raw,extra_trees,21,2,"{""max_features"": 0.7, ""min_samples_leaf"": 5, ""n_estimators"": 40}",1.486690599936992,0.04618960013613105,0.11261499955778156,1.9010399292495443,0.6177958388662154,0.5876314093850757,0.19789574843164554,0.27760838557662243,0.16079553571428562,0.598516316006821,0.0011647100014668288,0.3980220455794214,0.48117245932539604,0.1789065791502865,0.24438862234247669,0.14482445287963763,0.7094720957557805,-0.007281104976578875,0.3601795562770569,0.43864527867965375
5,D_exogenous_full,ridge,178,1,"{""alpha"": 1.0}",0.15247450000606477,0.008124300045892596,24.158229429996897,26.262625054108923,0.47964333121253677,0.44992245016604027,0.13129434996008807,0.21078048531471663,0.10502702352095739,0.7685466133444342,0.008761468785906126,0.2626719840507849,0.3238521575235571,0.11954836360167798,0.18369792569850144,0.09282419033725908,0.8358524558603543,-0.006392556618841125,0.23071983892037196,0.28522197694718
5,D_exogenous_full,extra_trees,178,2,"{""max_features"": 0.7, ""min_samples_leaf"": 5, ""n_estimators"": 40}",10.975446499884129,0.0776657999958843,18.25493669655522,20.549171422611245,0.510886152076818,0.4845011052423499,0.14848963263098114,0.22718699716112942,0.11754974702381027,0.7311130764775255,0.0008512991388936726,0.30087012599206303,0.3667881731150787,0.13541840361382532,0.19793154306623198,0.10669761904761899,0.8094293980785005,-0.0008526723958023917,0.2653487202380962,0.3329980009920632
5,E_target_history,ridge,10,2,"{""alpha"": 10.0}",0.008535899920389056,0.00263109989464283,15.6549444169145,12.160592755919604,0.4635378509055657,0.4618120705147492,0.17296712085353413,0.2344129312393871,0.1432552733563659,0.7137365699610307,0.011887558187565117,0.3485581333411679,0.42093731889841296,0.16154793167791318,0.2188295544445964,0.12796249497571743,0.7670633437092998,0.004653134223111383,0.3288886097758006,0.39984388561224016
5,E_target_history,extra_trees,10,2,"{""max_features"": 0.7, ""min_samples_leaf"": 5, ""n_estimators"": 40}",0.8299553000833839,0.055413000052794814,11.646456332644426,14.582680050394732,0.5292866493778553,0.47312759296452866,0.172202521475609,0.24555337610810019,0.1394903421846969,0.6858807449739305,0.011308146881920892,0.3502022451260526,0.4160662557608157,0.1569999341734921,0.21279553964298092,0.12657584756861695,0.7797322446997687,0.0059631727293344445,0.32098099056856455,0.3883686176883465
5,F_hybrid_full,ridge,188,2,"{""alpha"": 10.0}",0.1697733998298645,0.016128200106322765,35.61788335210384,32.300440526922216,0.347502402830351,0.3395783609555663,0.12004851561223552,0.17893165851272522,0.09631082916693501,0.8332072710404779,0.019266211448044183,0.23934418091241355,0.2976751332037001,0.11263807345613754,0.16865624325564246,0.086482201784996,0.86163357197515,-0.00500786097219233,0.22392667244697328,0.27743442647006056
5,F_hybrid_full,extra_trees,188,1,"{""max_features"": 0.8, ""min_samples_leaf"": 2, ""n_estimators"": 40}",19.590159700019285,0.09393560001626611,26.89934583777588,28.02562430231362,0.4282867478641788,0.4030105767472493,0.1401629849788647,0.20316233713076182,0.11036875000000013,0.7849749090775273,0.013552936921296306,0.2863229166666681,0.34847208333333446,0.1274938276026743,0.17930586122453732,0.10199583333333351,0.8436078834507654,0.0041920719599859175,0.25655833333333256,0.31681875000000037
10,A_exogenous_raw,ridge,21,1,"{""alpha"": 1.0}",0.014068099902942777,0.0016602999530732632,4.548143511074496,6.162602988843293,0.6359148167075325,0.6253583241385203,0.2083701859625262,0.28866982225459,0.16843534506122548,0.5644766893510841,-0.0026568754247250095,0.42111258642386373,0.5104521676251895,0.19182939427430076,0.2625161848598303,0.15294027068150395,0.6648028190357154,0.001393123496477942,0.3926431973396364,0.4739046594938785
10,A_exogenous_raw,extra_trees,21,2,"{""max_features"": 0.7, ""min_samples_leaf"": 5, ""n_estimators"": 40}",1.1280390999745578,0.04373580007813871,0.6020091453161998,6.933100460925645,0.6470696079304936,0.6126349731143058,0.2158397824257688,0.30060390031087525,0.1750030533008653,0.5277218453019775,0.01244308942024854,0.44027781896575596,0.5284523422619054,0.19241005877726733,0.260360668367923,0.15358013392857117,0.6702848180901728,0.012275288454910783,0.38854015972222217,0.4749400729166667
10,D_exogenous_full,ridge,178,1,"{""alpha"": 1.0}",0.12193400016985834,0.007971999933943152,25.858720316597758,25.46036328462832,0.4920944444131197,0.49854405167837296,0.14593264138566264,0.2242214118739399,0.11779749263893358,0.7372378534509243,0.007404632180688525,0.29455642707838214,0.35600676909780726,0.14091250800375438,0.20852945280473417,0.11097631660049423,0.7884938515994548,-0.009447421916980388,0.2743555254800857,0.336885496015838
10,D_exogenous_full,extra_trees,178,2,"{""max_features"": 0.7, ""min_samples_leaf"": 5, ""n_estimators"": 40}",12.243431800045073,0.05559249990619719,19.07878957423324,21.44502235818166,0.5276076999668119,0.5194042258738487,0.16827076928542647,0.24472558512198844,0.13470407738095158,0.6869833880882861,0.0032909218755246645,0.3379806894841251,0.411421615575397,0.15486721737562545,0.21976262864396795,0.12280680555555534,0.7650930469254857,-0.00016518651242548616,0.3089767519841261,0.3769063040674602
10,E_target_history,ridge,10,2,"{""alpha"": 10.0}",0.005126900039613247,0.0016792002134025097,18.94318543979628,14.899027749123102,0.4742145254478956,0.5352173796678604,0.1840893468505033,0.2451356852795422,0.15453605838878293,0.6859334306953839,0.015118356466054906,0.36945361402202986,0.4431276472679772,0.1721055323922426,0.23807547177066676,0.1368680384495189,0.7243122324221709,0.0047349346931618965,0.3485660831593288,0.42402142526574516
10,E_target_history,extra_trees,10,2,"{""max_features"": 0.7, ""min_samples_leaf"": 5, ""n_estimators"": 40}",0.6719636998604983,0.053324999986216426,17.01705481429041,17.08247200530212,0.5049252136399277,0.5211894335317618,0.18654073319148332,0.25096077664765415,0.155979230519395,0.6708299339354242,0.012586135651249974,0.37244654517833564,0.45137400117184084,0.17124983588785161,0.23196714530123075,0.13730389972479173,0.7382774486901518,0.008073047608003746,0.34586177976692767,0.4259054404694333
10,F_hybrid_full,ridge,188,2,"{""alpha"": 10.0}",0.1852470999583602,0.015063599916175008,39.40817823671429,34.92746521638804,0.34926606746942546,0.38354936482526175,0.12498592967394206,0.18324452830855964,0.10190005263086821,0.8245026083350727,0.020083974904202904,0.2568396612668556,0.3141642420174635,0.1258833019272091,0.18204462308903768,0.09941963705567236,0.8388078449820016,-0.007217724976902582,0.24967595714160143,0.30390473102965454
10,F_hybrid_full,extra_trees,188,2,"{""max_features"": 0.7, ""min_samples_leaf"": 5, ""n_estimators"": 40}",11.69251720001921,0.06078529986552894,29.30031538789117,29.70584139717919,0.44648578589170074,0.45304550389343984,0.14931176857428274,0.21381318437531804,0.12122407738095298,0.761066195422244,0.016736072906623108,0.30000913492063574,0.3648555327380951,0.1405130385962077,0.19665245330867762,0.11433097222222166,0.8119008093189998,0.005106603524743233,0.2807884583333337,0.34060825049603255
15,A_exogenous_raw,ridge,21,2,"{""alpha"": 10.0}",0.014151599956676364,0.002727299928665161,0.12526004496187396,1.6723315527147171,0.6721043687942241,0.6833587629656861,0.2250198159112235,0.30407770767709985,0.18361659309903633,0.5167148694356136,0.017403074563807307,0.45833971100100207,0.5503139086679493,0.21480173730171773,0.29106506261933895,0.17153269925953296,0.5882326959438031,-0.028307561499594267,0.43984914141991394,0.5350760547913076
15,A_exogenous_raw,extra_trees,21,2,"{""max_features"": 0.7, ""min_samples_leaf"": 5, ""n_estimators"": 40}",1.3519512000493705,0.04938320000655949,-2.440244506472705,4.013536236645706,0.6745622906963035,0.6584796179614377,0.23138528213475607,0.31188861905856213,0.19056001352813823,0.4915674775560317,0.03436316596254546,0.4695974519300143,0.5703834066558439,0.2125455249136766,0.2841347356961658,0.17210778138528227,0.6076078046643275,-0.011160354460235554,0.4312682997280512,0.5195418874007929
15,D_exogenous_full,ridge,178,1,"{""alpha"": 1.0}",0.13910869997926056,0.00619040010496974,11.370623715590545,11.848807701005903,0.582083649844265,0.596088909500336,0.19309387949963988,0.2698401776620081,0.15855056127711098,0.6194186553578831,0.01251448029098228,0.3887741258284886,0.46546865912308344,0.1875943246446036,0.26094112381228224,0.14865255919014864,0.6690542883089552,-0.02511989008753996,0.37120122562969265,0.454371059947477
15,D_exogenous_full,extra_trees,178,2,"{""max_features"": 0.7, ""min_samples_leaf"": 5, ""n_estimators"": 40}",11.956866800086573,0.058945400174707174,6.7413408299737725,12.583965566319497,0.6135619310187437,0.6015722448833104,0.20651544181934722,0.28393444943363805,0.170217956349207,0.5786233711783761,0.004560047586639016,0.4166952539682538,0.49893175148809554,0.18871440246504587,0.2587649431554886,0.15123871031746106,0.6745512718108438,-0.00386147295392516,0.3799495704365071,0.4645470406746027
15,E_target_history,ridge,10,2,"{""alpha"": 10.0}",0.006804300006479025,0.0015602000057697296,18.058865480677046,15.2739258723581,0.4864706270142581,0.5739411603636067,0.18862117751337187,0.24947721876736365,0.15941719283538358,0.6746910173084423,0.01869567297464628,0.3787853280139439,0.4586489790919628,0.17829782061741525,0.2508022458060603,0.14140560811341985,0.6942724731163441,0.00448032735031805,0.3562911886577542,0.4377900255703965
15,E_target_history,extra_trees,10,2,"{""max_features"": 0.7, ""min_samples_leaf"": 5, ""n_estimators"": 40}",1.005151699995622,0.058197000063955784,16.32033629737256,19.143186448445643,0.5169691399861559,0.5316836874772408,0.19154537248704884,0.25477032860701837,0.16023760919212204,0.66074054315545,0.014842284114528408,0.38514754354617714,0.4646706188717975,0.176415950058714,0.23934863778653084,0.14125114343549683,0.7215587201699614,0.009690968451813803,0.3572276000971258,0.44080536769587614
15,F_hybrid_full,ridge,188,2,"{""alpha"": 10.0}",0.2735977000556886,0.027602599933743477,20.601447427034667,19.827178504742214,0.44913757180246605,0.4877317032114439,0.18013889575603015,0.24173609733688323,0.14964228480815045,0.694566069574365,0.027742109183587,0.3658850355256076,0.4404599618649625,0.17630629790193983,0.23732391581517825,0.14242285845712122,0.7262496317083571,-0.023186383291765846,0.355068237672136,0.42803672953236005
15,F_hybrid_full,extra_trees,188,2,"{""max_features"": 0.7, ""min_samples_leaf"": 5, ""n_estimators"": 40}",13.729600199963897,0.08902719989418983,16.30450683968528,21.531625137680237,0.5238728305550618,0.5144031281745604,0.19038519869177253,0.2548185228271934,0.1608674751984127,0.6606121774110989,0.019527036412871252,0.3836999355158741,0.4639166230158726,0.17225090603677368,0.23227849092326805,0.13748814484126903,0.7377655814431155,0.004352439904594318,0.3537646210317456,0.42831582787698363
