timestamp,horizon_min,experiment,model,split,current_target,actual_future_target,actual_delta,predicted_delta,predicted_future_target,absolute_delta,candidate_regime,residual,absolute_error
2026-01-28 21:24:00+00:00,1,F_hybrid_full,ridge,test,8.74,8.687,-0.053000000000000824,1.9844385661686712,10.724438566168672,0.053000000000000824,stable_candidate,2.0374385661686727,2.0374385661686727
2026-01-30 04:33:00+00:00,10,F_hybrid_full,ridge,test,11.822,10.036,-1.7859999999999996,0.21786632371878942,12.039866323718789,1.7859999999999996,extreme_candidate,2.003866323718789,2.003866323718789
2026-01-31 18:22:00+00:00,10,F_hybrid_full,ridge,test,10.851,12.693,1.8419999999999987,-0.07676638529293099,10.77423361470707,1.8419999999999987,extreme_candidate,-1.9187663852929298,1.9187663852929298
2026-01-31 18:27:00+00:00,5,F_hybrid_full,ridge,test,10.959,12.693,1.734,-0.16454072286340532,10.794459277136594,1.734,extreme_candidate,-1.8985407228634053,1.8985407228634053
2026-01-31 18:31:00+00:00,1,F_hybrid_full,ridge,test,10.806,12.693,1.8870000000000005,0.012753953952278617,10.818753953952278,1.8870000000000005,extreme_candidate,-1.8742460460477215,1.8742460460477215
2026-01-31 03:58:00+00:00,10,F_hybrid_full,ridge,test,11.905,13.356,1.4510000000000005,-0.42288513314555964,11.48211486685444,1.4510000000000005,extreme_candidate,-1.87388513314556,1.87388513314556
2026-01-30 04:42:00+00:00,1,F_hybrid_full,ridge,test,11.904,10.036,-1.8680000000000003,-0.016302404145511578,11.887697595854489,1.8680000000000003,extreme_candidate,1.851697595854489,1.851697595854489
2026-01-30 04:38:00+00:00,5,F_hybrid_full,ridge,test,11.729,10.036,-1.6929999999999996,0.10309729384073496,11.832097293840734,1.6929999999999996,extreme_candidate,1.7960972938407345,1.7960972938407345
2026-01-31 04:03:00+00:00,5,F_hybrid_full,ridge,test,11.829,13.356,1.5269999999999992,-0.2556364400825495,11.573363559917452,1.5269999999999992,extreme_candidate,-1.7826364400825483,1.7826364400825483
2026-01-31 03:53:00+00:00,15,F_hybrid_full,ridge,test,11.774,13.356,1.5820000000000007,-0.17332581697373403,11.600674183026266,1.5820000000000007,extreme_candidate,-1.755325816973734,1.755325816973734
2026-01-28 21:53:00+00:00,10,F_hybrid_full,ridge,test,10.477,8.692,-1.7850000000000001,-0.031699590222777504,10.445300409777223,1.7850000000000001,extreme_candidate,1.7533004097772231,1.7533004097772231
2026-01-31 18:17:00+00:00,15,F_hybrid_full,ridge,test,10.803,12.693,1.8899999999999988,0.1462854863678812,10.949285486367883,1.8899999999999988,extreme_candidate,-1.743714513632117,1.743714513632117
2026-01-28 21:52:00+00:00,10,F_hybrid_full,ridge,test,10.471,8.697,-1.774000000000001,-0.03856704661759468,10.432432953382406,1.774000000000001,extreme_candidate,1.735432953382407,1.735432953382407
2026-01-28 21:53:00+00:00,15,F_hybrid_full,ridge,test,10.477,8.693,-1.7840000000000007,-0.103511730404706,10.373488269595294,1.7840000000000007,extreme_candidate,1.680488269595294,1.680488269595294
2026-01-28 21:47:00+00:00,15,F_hybrid_full,ridge,test,10.394,8.697,-1.697000000000001,-0.03188849922069102,10.362111500779308,1.697000000000001,extreme_candidate,1.6651115007793091,1.6651115007793091
2026-01-28 21:52:00+00:00,15,F_hybrid_full,ridge,test,10.471,8.737,-1.734,-0.07194524201566087,10.39905475798434,1.734,extreme_candidate,1.6620547579843397,1.6620547579843397
2026-01-28 21:59:00+00:00,5,F_hybrid_full,ridge,test,10.462,8.681,-1.7810000000000006,-0.12248150470525337,10.339518495294746,1.7810000000000006,extreme_candidate,1.6585184952947465,1.6585184952947465
2026-01-28 21:49:00+00:00,15,F_hybrid_full,ridge,test,10.432,8.681,-1.7510000000000012,-0.09534767454447572,10.336652325455525,1.7510000000000012,extreme_candidate,1.6556523254555255,1.6556523254555255
2026-01-28 22:37:00+00:00,15,F_hybrid_full,ridge,test,9.494,11.198,1.7040000000000006,0.05245081691950844,9.546450816919508,1.7040000000000006,extreme_candidate,-1.6515491830804923,1.6515491830804923
2026-01-30 04:28:00+00:00,15,F_hybrid_full,ridge,test,11.971,10.036,-1.9350000000000005,-0.2869397765101145,11.684060223489885,1.9350000000000005,extreme_candidate,1.6480602234898853,1.6480602234898853
2026-01-28 21:57:00+00:00,5,F_hybrid_full,ridge,test,10.463,8.697,-1.766,-0.11864424305127558,10.344355756948724,1.766,extreme_candidate,1.6473557569487252,1.6473557569487252
2026-01-28 21:15:00+00:00,10,F_hybrid_full,ridge,test,10.203,8.687,-1.516,0.12749173413651718,10.330491734136517,1.516,extreme_candidate,1.6434917341365178,1.6434917341365178
2026-01-29 14:23:00+00:00,10,F_hybrid_full,ridge,test,10.772,12.601,1.8290000000000006,0.1856785584203238,10.957678558420325,1.8290000000000006,extreme_candidate,-1.6433214415796762,1.6433214415796762
2026-01-31 04:07:00+00:00,1,F_hybrid_full,ridge,test,11.699,13.356,1.657,0.014795036335899391,11.713795036335899,1.657,extreme_candidate,-1.642204963664101,1.642204963664101
2026-01-28 21:20:00+00:00,5,F_hybrid_full,ridge,test,10.321,8.687,-1.6340000000000003,0.007436384941696013,10.328436384941696,1.6340000000000003,extreme_candidate,1.6414363849416969,1.6414363849416969
2026-01-28 21:19:00+00:00,5,F_hybrid_full,ridge,test,10.33,8.74,-1.5899999999999999,0.04937681245524111,10.379376812455241,1.5899999999999999,extreme_candidate,1.6393768124552413,1.6393768124552413
2026-01-28 21:57:00+00:00,15,F_hybrid_full,ridge,test,10.463,8.647,-1.815999999999999,-0.18278208046139835,10.2802179195386,1.815999999999999,extreme_candidate,1.6332179195386,1.6332179195386
2026-01-28 21:48:00+00:00,15,F_hybrid_full,ridge,test,10.441,8.692,-1.7490000000000006,-0.11869937019422987,10.32230062980577,1.7490000000000006,extreme_candidate,1.6303006298057703,1.6303006298057703
2026-01-28 22:01:00+00:00,1,F_hybrid_full,ridge,test,10.466,8.697,-1.7690000000000001,-0.1391557526081576,10.326844247391842,1.7690000000000001,extreme_candidate,1.6298442473918424,1.6298442473918424
2026-01-28 21:50:00+00:00,15,F_hybrid_full,ridge,test,10.466,8.732,-1.734,-0.10496274378494812,10.36103725621505,1.734,extreme_candidate,1.6290372562150512,1.6290372562150512
2026-01-28 21:18:00+00:00,10,F_hybrid_full,ridge,test,10.259,8.679,-1.58,0.04860751512867047,10.307607515128671,1.58,extreme_candidate,1.628607515128671,1.628607515128671
2026-01-28 21:59:00+00:00,10,F_hybrid_full,ridge,test,10.462,8.708,-1.7539999999999996,-0.12753211862900363,10.334467881370996,1.7539999999999996,extreme_candidate,1.6264678813709956,1.6264678813709956
2026-01-29 06:49:00+00:00,15,F_hybrid_full,ridge,test,10.569,8.979,-1.5900000000000016,0.03293202078851133,10.601932020788512,1.5900000000000016,extreme_candidate,1.6229320207885127,1.6229320207885127
2026-01-28 21:57:00+00:00,10,F_hybrid_full,ridge,test,10.463,8.737,-1.725999999999999,-0.1138353073043825,10.349164692695616,1.725999999999999,extreme_candidate,1.6121646926956164,1.6121646926956164
2026-01-28 22:00:00+00:00,5,F_hybrid_full,ridge,test,10.471,8.732,-1.7390000000000008,-0.13081672602261502,10.340183273977384,1.7390000000000008,extreme_candidate,1.6081832739773851,1.6081832739773851
2026-01-28 21:58:00+00:00,5,F_hybrid_full,ridge,test,10.458,8.692,-1.766,-0.16284144422250485,10.295158555777496,1.766,extreme_candidate,1.6031585557774957,1.6031585557774957
2026-01-28 21:23:00+00:00,5,F_hybrid_full,ridge,test,10.392,8.679,-1.7129999999999992,-0.10986424606502426,10.282135753934975,1.7129999999999992,extreme_candidate,1.6031357539349749,1.6031357539349749
2026-01-28 22:01:00+00:00,15,F_hybrid_full,ridge,test,10.466,8.689,-1.7769999999999992,-0.17835298427069166,10.287647015729307,1.7769999999999992,extreme_candidate,1.5986470157293073,1.5986470157293073
2026-01-29 06:59:00+00:00,5,F_hybrid_full,ridge,test,10.599,8.979,-1.620000000000001,-0.03698034698397324,10.562019653016026,1.620000000000001,extreme_candidate,1.5830196530160272,1.5830196530160272
2026-01-29 14:32:00+00:00,1,F_hybrid_full,ridge,test,11.167,12.601,1.434000000000001,-0.13988043542591036,11.02711956457409,1.434000000000001,extreme_candidate,-1.5738804354259113,1.5738804354259113
2026-01-28 21:58:00+00:00,10,F_hybrid_full,ridge,test,10.458,8.693,-1.7650000000000006,-0.19641166044594074,10.26158833955406,1.7650000000000006,extreme_candidate,1.5685883395540596,1.5685883395540596
2026-01-28 21:54:00+00:00,10,F_hybrid_full,ridge,test,10.449,8.681,-1.7680000000000007,-0.20058470789795332,10.248415292102047,1.7680000000000007,extreme_candidate,1.5674152921020479,1.5674152921020479
2026-01-29 14:28:00+00:00,5,F_hybrid_full,ridge,test,11.031,12.601,1.5700000000000003,0.013598776553914166,11.044598776553915,1.5700000000000003,extreme_candidate,-1.5564012234460858,1.5564012234460858
2026-01-29 14:18:00+00:00,15,F_hybrid_full,ridge,test,10.829,12.601,1.7720000000000002,0.23866670747247162,11.067666707472473,1.7720000000000002,extreme_candidate,-1.5333332925275283,1.5333332925275283
2026-01-28 21:55:00+00:00,10,F_hybrid_full,ridge,test,10.455,8.732,-1.7230000000000008,-0.20216701262086154,10.252832987379138,1.7230000000000008,extreme_candidate,1.5208329873791389,1.5208329873791389
2026-01-28 21:23:00+00:00,1,F_hybrid_full,ridge,test,10.392,8.74,-1.6519999999999992,-0.13437768325414334,10.257622316745856,1.6519999999999992,extreme_candidate,1.5176223167458556,1.5176223167458556
2026-01-28 21:27:00+00:00,1,F_hybrid_full,ridge,test,10.426,8.679,-1.7469999999999999,-0.2297412712474976,10.196258728752502,1.7469999999999999,extreme_candidate,1.517258728752502,1.517258728752502
2026-01-29 06:54:00+00:00,10,F_hybrid_full,ridge,test,10.763,8.979,-1.7840000000000007,-0.2699254421379096,10.49307455786209,1.7840000000000007,extreme_candidate,1.5140745578620916,1.5140745578620916
2026-01-28 21:58:00+00:00,15,F_hybrid_full,ridge,test,10.458,8.696,-1.7620000000000005,-0.28550147836404677,10.172498521635953,1.7620000000000005,extreme_candidate,1.4764985216359534,1.4764985216359534
2026-01-28 21:14:00+00:00,10,F_hybrid_full,ridge,test,10.169,8.74,-1.4290000000000003,0.03941558386460366,10.208415583864603,1.4290000000000003,extreme_candidate,1.4684155838646031,1.4684155838646031
2026-01-30 07:53:00+00:00,5,F_hybrid_full,ridge,test,11.408,12.767,1.359,-0.10611440851679116,11.301885591483208,1.359,extreme_candidate,-1.4651144085167918,1.4651144085167918
2026-01-30 07:57:00+00:00,1,F_hybrid_full,ridge,test,11.495,12.767,1.2720000000000002,-0.17470930199786083,11.320290698002138,1.2720000000000002,extreme_candidate,-1.4467093019978616,1.4467093019978616
2026-01-28 08:34:00+00:00,5,F_hybrid_full,ridge,test,11.237,12.046,0.8089999999999993,-0.5842508771895847,10.652749122810416,0.8089999999999993,extreme_candidate,-1.3932508771895833,1.3932508771895833
2026-01-29 07:03:00+00:00,1,F_hybrid_full,ridge,test,10.15,8.979,-1.1710000000000012,0.2216892830014359,10.371689283001436,1.1710000000000012,extreme_candidate,1.3926892830014364,1.3926892830014364
2026-01-28 22:09:00+00:00,1,F_hybrid_full,ridge,test,8.708,10.293,1.584999999999999,0.29670434711428845,9.004704347114288,1.584999999999999,extreme_candidate,-1.2882956528857115,1.2882956528857115
2026-01-28 22:09:00+00:00,5,F_hybrid_full,ridge,test,8.708,10.154,1.4459999999999997,0.1583152972418575,8.866315297241858,1.4459999999999997,extreme_candidate,-1.287684702758142,1.287684702758142
2026-01-28 22:02:00+00:00,1,F_hybrid_full,ridge,test,8.697,8.692,-0.004999999999999005,1.2316829546271428,9.928682954627142,0.004999999999999005,stable_candidate,1.2366829546271418,1.2366829546271418
2026-01-28 22:13:00+00:00,1,F_hybrid_full,ridge,test,8.696,10.154,1.4580000000000002,0.2728608771297076,8.968860877129707,1.4580000000000002,extreme_candidate,-1.185139122870293,1.185139122870293
2026-01-28 22:05:00+00:00,1,F_hybrid_full,ridge,test,8.732,10.411,1.6790000000000003,0.5511486151119828,9.283148615111982,1.6790000000000003,extreme_candidate,-1.127851384888018,1.127851384888018
2026-01-28 22:10:00+00:00,1,F_hybrid_full,ridge,test,10.293,10.288,-0.004999999999999005,-1.1049378488687491,9.18806215113125,0.004999999999999005,stable_candidate,-1.0999378488687501,1.0999378488687501
